"""Parent ID number""",ID number,Short name,Description,Description format,Scale values,Scale configuration,Rule type (optional),Rule outcome (optional),Rule config (optional),Cross-referenced competency ID numbers,Exported ID (optional),Is framework,Taxonomy
,https://niccs.cisa.gov/workforce-development-framework/nice-framework-v2.0.0,NICE-2.0.0,Workforce Framework for Cybersecurity (NICE Framework) (NIST SP 800-181 Rev 1),1,"Not yet competent,Competent","[{""scaleid"":""2""},{""id"":1,""scaledefault"":1,""proficient"":0},{""id"":2,""scaledefault"":0,""proficient"":1}]",,,,,,1,"domain,competency,proficiency,skill"
S,S0592,S0592 - Skill in tuning network sensors,Skill in tuning network sensors,1,,,,0,null,"OG-WRL-005,PD-WRL-004",3560,,
K,K1115,K1115 - Knowledge of Chain of Custody (CoC) processes and procedures,Knowledge of Chain of Custody (CoC) processes and procedures,1,,,,0,null,"IN-WRL-001,IN-WRL-002,PD-WRL-002",4324,,
T,T0084,T0084 - Employ secure configuration management processes,Employ secure configuration management processes,1,,,,0,null,"DD-WRL-001,DD-WRL-002,DD-WRL-004",2420,,
DD,DD-WRL-001,Cybersecurity Architecture ,"Responsible for ensuring that security requirements are adequately addressed in all aspects of enterprise architecture, including reference models, segment and solution architectures, and the resulting systems that protect and support organizational mission and business processes.",1,,,,0,null,"T1077,T0084,T0542,T1010,T1019,T1020,T1027,T1029,T1100,T1101,T1096,T1122,T1123,T1124,T1125,T1126,T1151,T1152,T1153,T1168,T1169,T1179,T1263,T1264,T1265,T1293,T1294,T1364,T1362,T1363,T1361,T1404,T1403,T1423,T1434,T1410,T1426,T1521,T1507,T1508,T1527,T1519,T1520,T1563,T1556,T1544,T1545,T1583,T1628,T1627,S0141,S0172,S0383,S0385,S0386,S0387,S0418,S0419,S0428,S0429,S0430,S0458,S0465,S0466,S0543,S0544,S0551,S0569,S0570,S0571,S0574,S0578,S0590,S0596,S0598,S0613,S0632,S0637,S0638,S0655,S0657,S0658,S0659,S0673,S0674,S0675,S0683,S0685,S0686,S0728,S0762,S0791,S0813,S0814,S0822,S0853,S0880,S0893,K0018,K0055,K0092,K0646,K0674,K0675,K0676,K0677,K0678,K0679,K0680,K0681,K0682,K0683,K0684,K0685,K0686,K0687,K0688,K0689,K0690,K0691,K0692,K0759,K0694,K0698,K0707,K0709,K0710,K0714,K0718,K0719,K0720,K0727,K0728,K0729,K0730,K0731,K0736,K0739,K0742,K0743,K0744,K0745,K0749,K0751,K0752,K0753,K0756,K0757,K0758,K0765,K0768,K0772,K0773,K0778,K0779,K0791,K0814,K0835,K0836,K0839,K0840,K0842,K0846,K0847,K0848,K0849,K0851,K0859,K0865,K0866,K0868,K0869,K0870,K0871,K0872,K0873,K0874,K0875,K0876,K0877,K0878,K0891,K0894,K0906,K0907,K0915,K0917,K0918,K0919,K0921,K0927,K0928,K0933,K0934,K0942,K0947,K0948,K0949,K0952,K0983,K1014,K1049,K1080,K1081,K1086,K1095,K1110,K1111,K1120,K1137,K1143,K1159,K1169,K1173,K1194,K1212,K1216,K1223,K1236",2346,,
DD,DD-WRL-002,Enterprise Architecture ,"Responsible for developing and maintaining business, systems, and information processes to support enterprise mission needs. Develops technology rules and requirements that describe baseline and target architectures. ",1,,,,0,null,"T1077,T0084,T0542,T1010,T1019,T1020,T1027,T1100,T1101,T1096,T1122,T1123,T1124,T1125,T1126,T1179,T1294,T1364,T1363,T1404,T1403,T1423,T1434,T1410,T1426,T1429,T1521,T1507,T1508,T1527,T1519,T1520,T1563,T1544,T1545,T1583,T1591,T1597,T1598,T1606,T1626,S0383,S0420,S0426,S0427,S0465,S0466,S0543,S0544,S0551,S0570,S0571,S0574,S0578,S0590,S0597,S0674,S0675,S0683,S0686,S0762,S0813,S0814,S0822,S0853,S0880,S0893,K0646,K0674,K0675,K0676,K0677,K0678,K0679,K0680,K0681,K0682,K0683,K0684,K0685,K0686,K0759,K0707,K0710,K0711,K0714,K0720,K0727,K0728,K0729,K0730,K0731,K0739,K0742,K0744,K0745,K0749,K0751,K0752,K0756,K0757,K0758,K0765,K0772,K0773,K0778,K0779,K0791,K0835,K0836,K0839,K0840,K0842,K0848,K0849,K0851,K0865,K0866,K0868,K0869,K0870,K0871,K0872,K0873,K0879,K0880,K0883,K0891,K0894,K0906,K0907,K0915,K0921,K0927,K0928,K0933,K0934,K0947,K0948,K0949,K0952,K0983,K1014,K1086,K1095,K1110,K1111,K1120,K1159,K1169,K1191,K1194,K1212,K1216,K1223,K1236",2347,,
IN,IN-WRL-001,Cybercrime Investigation,"Responsible for investigating cyberspace intrusion incidents and crimes. Applies tactics, techniques, and procedures for a full range of investigative tools and processes and appropriately balances the benefits of prosecution versus intelligence gathering.",1,,,,0,null,"T0193,T1020,T1090,T1094,T1095,T1137,T1196,T1198,T1187,T1199,T1200,T1191,T1192,T1207,T1241,T1242,T1325,T1324,T1439,T1456,T1457,T1477,T1505,T1510,T1526,T1542,T1551,T1600,T1639,T1712,S0469,S0470,S0471,S0477,S0509,S0589,S0607,S0608,S0609,S0620,S0651,S0807,S0848,S0854,S0856,S0866,S0863,S0890,S0896,K0674,K0675,K0676,K0677,K0678,K0679,K0680,K0681,K0682,K0683,K0684,K0685,K0686,K0759,K0716,K0717,K0732,K0744,K0751,K0752,K0770,K0784,K0785,K0788,K0789,K0790,K0795,K0796,K0800,K0802,K0804,K0833,K0837,K0884,K0892,K0899,K0900,K0901,K0909,K0923,K0962,K0963,K0969,K0983,K1014,K1016,K1079,K1115,K1138,K1151,K1152,K1153,K1154,K1155",2364,,
DD,DD-WRL-009,Operational Technology (OT) Cybersecurity Engineering,"Responsible for working within the engineering department to design and create systems, processes, and procedures that maintain the safety, reliability, controllability, and security of industrial systems in the face of intentional and incidental cyber events. Interfaces with Chief Information Security Officer, plant managers, and industrial cybersecurity technicians.",1,,,,0,null,"T0067,T1069,T1070,T1124,T1163,T1164,T1185,T1187,T1243,T1244,T1338,T1345,T1527,T1619,T2031,T2043,T2032,T2039,T2033,T2042,T2034,T2040,T2035,T2044,T2036,T2041,T2037,T2028,T2045,T2029,T2038,T2030,T2046,T2047,T2048,T2049,T2050,T2051,S0141,S0385,S0386,S0387,S0391,S0430,S0459,S0461,S0531,S0673,S0686,S0806,S0939,S0940,S0941,S0942,S0943,S0944,S0945,S0946,S0947,S0948,S0949,S0950,S0951,K0663,K0675,K0676,K0677,K0678,K0679,K0680,K0681,K0721,K0728,K0729,K0730,K0734,K0735,K0822,K0835,K1076,K1122,K1180,K1182,K1285,K1286,K1287,K1288,K1289,K1290,K1291,K1292,K1293,K1294,K1295,K1296,K1297,K1298,K1299,K1300,K1301,K1302,K1303,K1304,K1305,K1306,K1307,K1308,K1309,K1310,K1311",2348,,
IO,IO-WRL-007,Technical Support ,Responsible for providing technical support to customers who need assistance utilizing client-level hardware and software in accordance with established or approved organizational policies and processes.,1,,,,0,null,"T0237,T1020,T1024,T1214,T1215,T1334,T1405,T1411,T1412,T1427,T1429,T1538,T1554,T1567,T1566,T1569,T1570,T1571,T1572,T1580,T1581,T1606,T1626,S0407,S0408,S0478,S0487,S0488,S0582,S0593,S0594,S0595,S0661,S0679,S0680,S0687,S0805,S0806,S0807,S0844,S0852,S0854,S0892,K0793,K0645,K0674,K0675,K0676,K0677,K0678,K0679,K0680,K0681,K0682,K0683,K0684,K0685,K0686,K0725,K0726,K0740,K0741,K0746,K0747,K0751,K0752,K0762,K0769,K0770,K0786,K0787,K0829,K0830,K0837,K0863,K0864,K0865,K0866,K0872,K0873,K0898,K0903,K0911,K0917,K0918,K0919,K0934,K0935,K0946,K0983,K1014,K1090,K1112,K1127,K1191",2358,,
DD,DD-WRL-003,Secure Software Development,"Responsible for developing, creating, modifying, and maintaining computer applications, software, or specialized utility programs.",1,,,,0,null,"T1073,T1074,T0077,T0311,T1019,T1020,T1067,T1068,T1071,T1082,T1083,T1098,T1099,T1089,T1108,T1116,T1117,T1135,T1205,T1202,T1197,T1203,T1204,T1190,T1258,T1261,T1262,T1269,T1280,T1281,T1302,T1309,T1318,T1319,T1320,T1360,T1400,T1422,T1499,T1529,T1509,T1513,T1528,T1575,T1576,T1577,T1625,T1624,S0172,S0175,S0382,S0417,S0465,S0466,S0543,S0544,S0560,S0562,S0563,S0565,S0569,S0574,S0597,S0655,S0657,S0658,S0670,S0825,S0836,S0878,S0879,S0883,K0068,K0639,K0674,K0675,K0676,K0677,K0678,K0679,K0680,K0681,K0682,K0683,K0684,K0693,K0759,K0695,K0710,K0711,K0712,K0713,K0721,K0722,K0728,K0729,K0730,K0734,K0735,K0737,K0738,K0739,K0744,K0748,K0751,K0752,K0755,K0757,K0762,K0763,K0764,K0765,K0767,K0768,K0778,K0782,K0791,K0803,K0813,K0814,K0820,K0826,K0827,K0828,K0839,K0870,K0871,K0877,K0878,K0891,K0915,K0917,K0918,K0919,K0920,K0948,K0955,K0956,K0957,K0983,K1014,K1079,K1099,K1117,K1118,K1126,K1137,K1148,K1149,K1150,K1157,K1165,K1170,K1203,K1205,K1208,K1210,K1214,K1215,K1236,K1239",2349,,
IO,IO-WRL-001,Data Analysis ,"Responsible for analyzing data from multiple disparate sources to provide cybersecurity and privacy insight. Designs and implements custom algorithms, workflow processes, and layouts for complex, enterprise-scale data sets used for modeling, data mining, and research purposes.",1,,,,0,null,"T0068,T0460,T0349,T0383,T1020,T1063,T1064,T1065,T1066,T1297,T1400,T1440,T1445,T1458,T1491,S0028,S0029,S0172,S0109,S0114,S0118,S0399,S0400,S0558,S0559,S0562,S0563,S0579,S0586,S0597,S0600,S0610,S0621,S0622,S0626,S0631,S0636,S0640,S0644,S0646,S0648,S0649,S0650,S0681,S0700,S0701,S0709,S0710,S0711,S0712,S0728,S0735,S0791,S0807,S0808,S0819,S0820,S0828,S0835,S0854,S0877,S0897,K0068,K0647,K0674,K0675,K0676,K0677,K0678,K0679,K0680,K0681,K0682,K0683,K0684,K0685,K0686,K0693,K0759,K0694,K0695,K0699,K0700,K0702,K0703,K0704,K0705,K0706,K0707,K0708,K0716,K0717,K0736,K0738,K0739,K0742,K0744,K0746,K0747,K0750,K0751,K0752,K0766,K0775,K0805,K0813,K0814,K0862,K0867,K0897,K0904,K0914,K0952,K0953,K0983,K0991,K0992,K1014,K1094,K1096,K1097,K1099,K1101,K1146,K1157,K1219,K1233,K1238",2362,,
DD,DD-WRL-004,Secure Systems Development,"Responsible for the secure design, development, and testing of systems and the evaluation of system security throughout the systems development life cycle.",1,,,,0,null,"T1075,T1078,T0122,T0124,T0084,T0271,T1079,T1010,T1019,T1020,T1022,T1026,T1027,T1030,T1041,T1046,T1047,T1072,T1081,T1084,T1096,T1132,T1118,T1133,T1119,T1134,T1122,T1123,T1124,T1128,T1138,T1129,T1131,T1148,T1149,T1150,T1160,T1161,T1162,T1163,T1164,T1195,T1206,T1193,T1194,T1269,T1292,T1294,T1309,T1326,T1312,T1364,T1363,T1365,T1401,T1454,T1455,T1489,T1522,T1507,T1508,T1519,T1520,T1563,T1583,T1584,T1585,T1586,T1592,T1593,T1604,T1613,T1614,S0790,S0141,S0172,S0383,S0385,S0391,S0409,S0418,S0419,S0423,S0428,S0429,S0430,S0462,S0463,S0465,S0466,S0532,S0543,S0544,S0569,S0570,S0571,S0574,S0578,S0619,S0655,S0664,S0674,S0675,S0681,S0686,S0744,S0788,S0789,S0824,S0861,S0878,S0893,S0899,K0018,K0055,K0653,K0068,K0674,K0675,K0676,K0677,K0678,K0679,K0680,K0681,K0682,K0683,K0684,K0685,K0686,K0759,K0694,K0698,K0707,K0710,K0711,K0712,K0713,K0714,K0715,K0716,K0717,K0719,K0721,K0722,K0728,K0729,K0730,K0731,K0736,K0737,K0739,K0742,K0744,K0745,K0746,K0747,K0748,K0749,K0751,K0752,K0755,K0756,K0757,K0758,K0764,K0765,K0767,K0768,K0769,K0771,K0772,K0773,K0778,K0779,K0791,K0803,K0813,K0814,K0820,K0828,K0838,K0839,K0840,K0842,K0846,K0847,K0848,K0849,K0851,K0859,K0865,K0866,K0870,K0871,K0872,K0873,K0877,K0878,K0879,K0880,K0891,K0915,K0917,K0918,K0919,K0922,K0928,K0934,K0937,K0942,K0947,K0948,K0952,K0983,K1014,K1063,K1080,K1081,K1088,K1100,K1111,K1119,K1120,K1148,K1149,K1150,K1158,K1164,K1194,K1212,K1235",2350,,
IO,IO-WRL-003,Knowledge Management,"Responsible for managing and administering processes and tools to identify, document, and access an organization’s intellectual capital.",1,,,,0,null,"T1020,T1105,T1222,T1223,T1239,T1240,T1273,T1274,T1296,T1354,T1504,T1523,T1524,T1525,T1658,T1913,S0011,S0507,S0530,S0557,S0586,S0744,K0674,K0675,K0676,K0677,K0678,K0679,K0680,K0681,K0682,K0683,K0684,K0691,K0692,K0703,K0736,K0751,K0752,K0774,K0775,K0776,K0863,K0864,K0865,K0866,K0895,K0896,K0917,K0918,K0919,K0929,K0934,K0953,K0983,K0991,K0992,K1014,K1051,K1088",2359,,
DD,DD-WRL-005,Software Security Assessment,"Responsible for analyzing the security of new or existing computer applications, software, or specialized utility programs and delivering actionable results.",1,,,,0,null,"T1073,T1074,T0311,T1019,T1020,T1052,T1082,T1083,T1106,T1108,T1205,T1202,T1197,T1203,T1204,T1190,T1222,T1223,T1258,T1269,T1302,T1309,T1318,T1319,T1320,T1359,T1354,T1400,T1422,T1529,T1509,T1513,T1528,T1590,T1625,T1624,T1658,T1913,S0175,S0465,S0466,S0543,S0544,S0562,S0563,S0569,S0574,S0616,S0617,S0655,S0657,S0658,S0825,S0829,S0878,S0883,K0068,K0674,K0675,K0676,K0677,K0678,K0679,K0680,K0681,K0682,K0683,K0684,K0693,K0759,K0695,K0710,K0711,K0712,K0713,K0721,K0722,K0728,K0729,K0730,K0734,K0735,K0737,K0738,K0739,K0744,K0748,K0751,K0752,K0755,K0757,K0762,K0763,K0764,K0765,K0767,K0768,K0778,K0782,K0791,K0803,K0813,K0814,K0820,K0826,K0827,K0828,K0839,K0846,K0847,K0870,K0871,K0877,K0878,K0915,K0917,K0918,K0919,K0920,K0948,K0955,K0956,K0957,K0983,K1014,K1079,K1093,K1099,K1117,K1118,K1126,K1128,K1137,K1148,K1149,K1150,K1157,K1165,K1205,K1208,K1214,K1215",2351,,
,IO,IMPLEMENTATION and OPERATION,"Provides implementation, administration, configuration, operation, and maintenance to ensure effective and efficient technology system performance and security.",1,,,,0,null,,2355,,
DD,DD-WRL-006,Systems Requirements Planning ,Responsible for consulting with internal and external customers to evaluate and translate functional requirements and integrating security policies into technical solutions. ,1,,,,0,null,"T0235,T1031,T1019,T1020,T1022,T1023,T1026,T1107,T1097,T1115,T1139,T1127,T1217,T1243,T1244,T1259,T1283,T1366,T1367,T1392,T1393,T1430,T1423,T1408,T1409,T1431,T1534,T1527,T1573,S0066,S0465,S0466,S0497,S0515,S0551,S0554,S0555,S0556,S0590,S0654,S0673,S0674,S0675,S0724,S0759,S0801,S0822,S0824,S0830,S0870,S0878,S0886,S0891,K0018,K0055,K0674,K0675,K0676,K0677,K0678,K0679,K0680,K0681,K0682,K0683,K0684,K0685,K0686,K0687,K0690,K0759,K0698,K0715,K0721,K0727,K0728,K0729,K0730,K0731,K0733,K0736,K0742,K0743,K0744,K0745,K0746,K0747,K0748,K0749,K0751,K0752,K0755,K0756,K0757,K0758,K0765,K0768,K0769,K0771,K0772,K0773,K0779,K0803,K0820,K0828,K0834,K0838,K0839,K0840,K0842,K0848,K0849,K0851,K0865,K0866,K0872,K0873,K0891,K0892,K0920,K0928,K0934,K0942,K0947,K0952,K0962,K0963,K0983,K1014,K1050,K1077,K1084,K1086,K1122,K1128,K1213,K1227,K1228",2352,,
IO,IO-WRL-006,Systems Security Analysis,"Responsible for developing and analyzing the integration, testing, operations, and maintenance of systems security. Prepares, performs, and manages the security aspects of implementing and operating a system.",1,,,,0,null,"T1075,T1076,T1077,T0309,T1020,T1023,T1173,T1177,T1174,T1176,T1172,T1212,T1218,T1219,T1255,T1263,T1264,T1265,T1278,T1287,T1294,T1327,T1437,T1532,T1522,T1533,T1539,T1540,T1541,T1563,T1557,T1559,T1548,T1560,T1550,T1568,T1574,T1583,T1584,T1585,T1603,T1615,T1616,T1618,S0141,S0479,S0480,S0483,S0484,S0485,S0486,S0543,S0544,S0570,S0571,S0574,S0578,S0597,S0667,S0674,S0675,S0688,K0018,K0674,K0675,K0676,K0677,K0678,K0679,K0680,K0681,K0682,K0683,K0684,K0685,K0686,K0759,K0694,K0698,K0707,K0710,K0719,K0721,K0723,K0728,K0729,K0730,K0731,K0734,K0735,K0736,K0739,K0742,K0744,K0745,K0749,K0751,K0752,K0756,K0757,K0758,K0765,K0772,K0773,K0778,K0779,K0791,K0803,K0820,K0828,K0834,K0840,K0842,K0848,K0849,K0851,K0859,K0865,K0866,K0870,K0871,K0872,K0873,K0877,K0878,K0879,K0880,K0894,K0915,K0917,K0918,K0919,K0920,K0924,K0927,K0928,K0930,K0931,K0932,K0934,K0937,K0942,K0947,K0948,K0983,K1014,K1050,K1120,K1216,K1222",2360,,
DD,DD-WRL-007,Systems Testing and Evaluation,"Responsible for planning, preparing, and executing system tests; evaluating test results against specifications and requirements; and reporting test results and findings.",1,,,,0,null,"T0080,T0274,T0512,T0513,T1020,T1049,T1136,T1138,T1208,T1209,T1210,T1214,T1215,T1255,T1346,T1484,T1506,T1587,T1610,T1611,T1612,T1829,S0015,S0048,S0401,S0402,S0403,S0409,S0558,S0559,S0568,S0573,S0579,S0597,S0598,S0630,S0632,S0634,S0635,S0639,S0791,S0842,S0889,K0068,K0674,K0675,K0676,K0677,K0678,K0679,K0680,K0681,K0682,K0683,K0684,K0685,K0686,K0710,K0711,K0720,K0721,K0728,K0729,K0730,K0731,K0749,K0751,K0752,K0758,K0765,K0770,K0772,K0778,K0779,K0791,K0803,K0813,K0820,K0828,K0837,K0838,K0839,K0840,K0842,K0851,K0865,K0866,K0870,K0871,K0879,K0880,K0881,K0891,K0915,K0917,K0918,K0919,K0928,K0934,K0947,K0983,K1014,K1100",2353,,
DD,DD-WRL-008,Technology Research and Development,Responsible for conducting software and systems engineering and software systems research to develop new capabilities with fully integrated cybersecurity. Conducts comprehensive technology research to evaluate potential vulnerabilities in cyberspace systems. ,1,,,,0,null,"T1079,T1019,T1020,T1023,T1041,T1084,T1118,T1119,T1142,T1337,T1338,T1378,T1379,T1380,T1424,T1425,T1495,T1489,T1496,T1491,T1493,T1494,T1610,S0172,S0385,S0391,S0465,S0466,S0475,S0481,S0482,S0483,S0532,S0543,S0544,S0551,S0562,S0563,S0660,S0668,S0669,S0675,S0744,S0807,S0827,K0176,K0674,K0675,K0676,K0677,K0678,K0679,K0680,K0681,K0682,K0683,K0684,K0688,K0696,K0698,K0710,K0718,K0721,K0731,K0736,K0743,K0749,K0751,K0752,K0758,K0765,K0771,K0773,K0778,K0779,K0780,K0791,K0792,K0797,K0803,K0809,K0812,K0820,K0828,K0834,K0838,K0839,K0840,K0841,K0842,K0851,K0870,K0871,K0877,K0878,K0882,K0884,K0894,K0915,K0923,K0924,K0925,K0926,K0928,K0936,K0942,K0947,K0955,K0956,K0983,K1014,K1019,K1050,K1073,K1088,K1172,K1207,K1217",2354,,
,DD,DESIGN and DEVELOPMENT,"Conducts research, conceptualizes, designs, develops, and tests secure technology systems, including on perimeter and cloud-based networks.",1,,,,0,null,,2345,,
IO,IO-WRL-005,Systems Administration,"Responsible for setting up and maintaining a system or specific components of a system in adherence with organizational security policies and procedures. Includes hardware and software installation, configuration, and updates; user account management; backup and recovery management; and security control implementation.",1,,,,0,null,"T0531,T0431,T1020,T1092,T1140,T1141,T1130,T1228,T1275,T1276,T1277,T1334,T1500,T1501,T1502,T1530,T1512,T1531,T1527,T1569,T1570,T1571,T1578,T1579,T1588,T1589,S0741,S0045,S0111,S0407,S0408,S0430,S0438,S0448,S0449,S0451,S0472,S0473,S0487,S0488,S0561,S0577,S0582,S0587,S0593,S0606,S0613,S0662,S0663,S0672,S0674,S0675,S0677,S0678,S0687,S0729,S0762,S0844,K0064,K0645,K0674,K0675,K0676,K0677,K0678,K0679,K0680,K0681,K0682,K0683,K0684,K0685,K0686,K0759,K0710,K0712,K0713,K0716,K0717,K0728,K0729,K0730,K0731,K0736,K0737,K0740,K0741,K0744,K0746,K0747,K0749,K0751,K0752,K0758,K0760,K0761,K0765,K0770,K0778,K0779,K0780,K0781,K0791,K0792,K0794,K0805,K0806,K0829,K0830,K0837,K0840,K0842,K0851,K0858,K0859,K0870,K0871,K0877,K0878,K0891,K0915,K0917,K0918,K0919,K0925,K0926,K0928,K0935,K0946,K0947,K0958,K0983,K1014,K1069,K1072,K1188,K1226",2356,,
IO,IO-WRL-002,Database Administration,"Responsible for administering databases and data management systems that allow for the secure storage, query, protection, and utilization of data.",1,,,,0,null,"T0137,T0330,T0422,T0459,T1020,T1065,T1066,T1230,T1231,T1249,T1297,T1402,T1564,T1565,S0045,S0545,S0546,S0558,S0559,S0579,S0586,S0728,S0791,S0819,S0820,S0828,S0835,S0897,K0674,K0675,K0676,K0677,K0678,K0679,K0680,K0681,K0682,K0683,K0684,K0685,K0686,K0759,K0698,K0699,K0700,K0701,K0702,K0703,K0704,K0705,K0706,K0707,K0708,K0716,K0717,K0742,K0744,K0746,K0747,K0750,K0751,K0752,K0766,K0777,K0859,K0862,K0865,K0866,K0867,K0874,K0875,K0876,K0917,K0918,K0919,K0934,K0942,K0983,K0991,K0992,K1014,K1114,K1121,K1147,K1161",2357,,
IO,IO-WRL-004,Network Operations,"Responsible for planning, implementing, and operating network services and systems, including hardware and virtual environments.",1,,,,0,null,"T0153,T0126,T0129,T0081,T1020,T1050,T1100,T1101,T1144,T1143,T1208,T1209,T1210,T1214,T1215,T1248,T1313,T1314,S0035,S0077,S0421,S0424,S0425,S0451,S0575,S0576,S0582,S0583,S0584,S0585,S0615,S0618,S0671,S0675,S0682,S0685,S0722,S0755,S0815,K0159,K0674,K0675,K0676,K0677,K0678,K0679,K0680,K0681,K0682,K0683,K0684,K0685,K0686,K0689,K0710,K0712,K0713,K0718,K0721,K0731,K0736,K0737,K0740,K0741,K0746,K0747,K0749,K0751,K0752,K0753,K0758,K0765,K0770,K0773,K0778,K0779,K0781,K0783,K0791,K0792,K0805,K0811,K0812,K0831,K0837,K0840,K0842,K0848,K0849,K0851,K0859,K0865,K0866,K0870,K0871,K0872,K0873,K0874,K0875,K0876,K0877,K0878,K0879,K0880,K0891,K0915,K0917,K0918,K0919,K0923,K0925,K0926,K0928,K0934,K0936,K0947,K0983,K1014,K1032,K1077,K1084,K1108",2361,,
IN,IN-WRL-002,Digital Evidence Analysis,"Responsible for identifying, collecting, examining, and preserving digital evidence using controlled and documented analytical and investigative techniques.",1,,,,0,null,"T0173,T0172,T0167,T0179,T0168,T0182,T1064,T1065,T1090,T1102,T1103,T1104,T1120,T1121,T1175,T1159,T1199,T1191,T1207,T1253,T1256,T1282,T1301,T1325,T1332,T1322,T1323,T1324,T1370,T1381,T1382,T1383,T1486,T1516,T1542,T1607,T2012,T2013,T2014,T2015,T2016,T2017,T2018,T2019,T2020,T2021,T2022,T2023,T2024,T2025,T2026,T2027,S0378,S0156,S0385,S0431,S0472,S0476,S0499,S0589,S0599,S0605,S0606,S0607,S0608,S0612,S0622,S0623,S0624,S0625,S0651,S0834,S0854,S0856,S0857,S0866,S0860,S0884,S0935,S0936,S0937,S0938,K0793,K0636,K0674,K0675,K0676,K0677,K0678,K0679,K0680,K0681,K0682,K0683,K0684,K0759,K0696,K0697,K0701,K0710,K0724,K0725,K0726,K0744,K0751,K0752,K0760,K0770,K0778,K0786,K0787,K0791,K0794,K0795,K0796,K0797,K0800,K0802,K0804,K0806,K0808,K0809,K0810,K0812,K0837,K0840,K0842,K0850,K0851,K0852,K0853,K0854,K0855,K0856,K0857,K0858,K0859,K0870,K0871,K0892,K0911,K0914,K0915,K0916,K0923,K0941,K0947,K0962,K0963,K0979,K0983,K1004,K1014,K1016,K1055,K1069,K1079,K1091,K1092,K1115,K1145,K1147,K1151,K1152,K1153,K1154,K1155,K1163,K1175,K1220,K1280,K1281,K1282,K1283,K1284",2365,,
,IN,INVESTIGATION,"Conducts national cybersecurity and cybercrime investigations, including the collection, management, and analysis of digital evidence.",1,,,,0,null,,2363,,
S,S0593,S0593 - Skill in handling incidents,Skill in handling incidents,1,,,,0,null,"IO-WRL-005,IO-WRL-007,PD-WRL-001,PD-WRL-004",3561,,
OG,OG-WRL-001,Communications Security (COMSEC) Management,Responsible for managing the Communications Security (COMSEC) resources of an organization.,1,,,,0,null,"T1015,T1016,T1017,T1018,T1020,T1022,T1023,T1058,T1059,T1060,T1088,T1113,T1114,T1178,T1186,T1300,T1310,S0486,S0574,S0578,S0596,S0619,S0657,S0658,S0841,S0850,S0858,S0878,K0018,K0671,K0672,K0673,K0674,K0675,K0676,K0677,K0678,K0679,K0680,K0681,K0682,K0683,K0684,K0709,K0721,K0724,K0725,K0726,K0731,K0746,K0747,K0749,K0751,K0752,K0758,K0765,K0771,K0779,K0798,K0799,K0803,K0834,K0840,K0842,K0851,K0865,K0866,K0928,K0931,K0932,K0934,K0947,K0983,K1014,K1050,K1077,K1084,K1171,K1179",2367,,
OG,OG-WRL-010,Program Management ,"Responsible for leading, coordinating, and the overall success of a defined program. Includes communicating about the program and ensuring alignment with agency or organizational  priorities.",1,,,,0,null,"T0220,T1031,T0412,T1011,T1020,T1022,T1023,T1026,T1145,T1146,T1154,T1155,T1227,T1259,T1291,T1306,T1366,T1344,T1345,T1367,T1369,T1394,T1395,T1396,T1397,T1398,T1399,T1435,T1448,T1472,T1498,T1474,T1497,T1552,T1553,T1601,T1602,T1621,T1622,S0384,S0413,S0412,S0423,S0462,S0463,S0555,S0556,S0580,S0581,S0673,S0687,S0759,S0811,S0870,K0653,K0650,K0651,K0498,K0674,K0675,K0676,K0677,K0678,K0679,K0680,K0681,K0682,K0683,K0684,K0690,K0721,K0728,K0729,K0730,K0733,K0734,K0735,K0751,K0752,K0754,K0771,K0803,K0819,K0820,K0821,K0828,K0834,K0835,K0836,K0838,K0863,K0864,K0868,K0869,K0872,K0873,K0920,K0922,K0983,K1014,K1137,K1180,K1206",2368,,
OG,OG-WRL-014,Systems Security Management,"Responsible for managing the cybersecurity of a program, organization, system, or enclave. ",1,,,,0,null,"T1019,T1020,T1022,T1023,T1026,T1052,T1056,T1057,T1058,T1059,T1060,T1061,T1086,T1087,T1088,T1113,T1114,T1178,T1201,T1180,T1181,T1182,T1183,T1186,T1188,T1307,T1221,T1222,T1223,T1224,T1225,T1226,T1227,T1233,T1234,T1235,T1236,T1238,T1245,T1246,T1247,T1308,T1284,T1285,T1286,T1291,T1293,T1295,T1298,T1300,T1304,T1310,T1336,T1335,T1317,T1321,T1355,T1342,T1356,T1343,T1344,T1357,T1345,T1358,T1368,T1354,T1369,T1373,T1374,T1375,T1376,T1377,T1476,T1586,T1601,T1602,S0462,S0463,S0465,S0466,S0509,S0564,S0572,S0574,S0578,S0616,S0617,S0620,S0826,S0841,S0850,S0858,S0878,K0018,K0092,K0674,K0675,K0676,K0677,K0678,K0679,K0680,K0681,K0682,K0683,K0684,K0685,K0686,K0687,K0759,K0701,K0709,K0710,K0716,K0717,K0721,K0723,K0724,K0725,K0726,K0727,K0731,K0732,K0734,K0735,K0736,K0740,K0741,K0743,K0744,K0746,K0747,K0749,K0751,K0752,K0754,K0758,K0765,K0769,K0770,K0771,K0778,K0779,K0783,K0791,K0798,K0799,K0803,K0818,K0820,K0822,K0823,K0824,K0825,K0827,K0828,K0831,K0834,K0837,K0838,K0839,K0840,K0842,K0848,K0849,K0851,K0859,K0865,K0866,K0870,K0871,K0877,K0878,K0891,K0892,K0915,K0917,K0918,K0919,K0928,K0934,K0947,K0955,K0956,K0962,K0963,K0983,K1014,K1050,K1077,K1079,K1084,K1093,K1133,K1137,K1171,K1179,K1180,K1183,K1188,K1189,K1209,K1221,K1225",2382,,
OG,OG-WRL-004,Cybersecurity Curriculum Development,"Responsible for developing, planning, coordinating, and evaluating cybersecurity awareness, training, or education content, methods, and techniques based on instructional needs and requirements.",1,,,,0,null,"T0437,T1020,T1025,T1036,T1038,T1054,T1336,T1311,T1335,T1337,T1334,T1411,T1412,T1413,T1414,T1415,T1416,T1417,T1438,T1446,T1447,T1451,T1462,T1463,T1475,T1476,T1608,T1870,T1871,T1873,S0066,S0385,S0391,S0395,S0424,S0430,S0431,S0467,S0468,S0543,S0544,S0601,S0602,S0610,S0628,S0686,S0712,S0713,S0744,S0756,S0800,S0807,K0643,K0654,K0659,K0674,K0675,K0676,K0677,K0678,K0679,K0680,K0681,K0682,K0683,K0684,K0718,K0736,K0743,K0751,K0752,K0770,K0773,K0792,K0801,K0805,K0812,K0818,K0825,K0831,K0837,K0865,K0866,K0881,K0885,K0886,K0887,K0888,K0889,K0890,K0893,K0905,K0910,K0923,K0934,K0983,K1014,K1032,K1083,K1088,K1183",2369,,
OG,OG-WRL-013,Systems Authorization,"Responsible for operating an information system at an acceptable level of risk to organizational operations, organizational assets, individuals, other organizations, and the nation.",1,,,,0,null,"T0495,T1019,T1020,T1022,T1023,T1036,T1038,T1107,T1232,T1305,S0415,S0416,S0398,S0406,S0396,S0414,S0397,S0430,S0432,S0439,S0447,S0465,S0466,S0497,S0515,S0686,S0801,S0807,K0644,K0640,K0674,K0675,K0676,K0677,K0678,K0679,K0680,K0681,K0682,K0683,K0684,K0685,K0686,K0691,K0692,K0698,K0710,K0711,K0720,K0721,K0723,K0728,K0729,K0730,K0734,K0735,K0736,K0743,K0746,K0747,K0751,K0752,K0760,K0761,K0767,K0778,K0784,K0785,K0791,K0800,K0803,K0819,K0820,K0821,K0828,K0834,K0838,K0839,K0859,K0870,K0871,K0877,K0878,K0879,K0880,K0892,K0915,K0917,K0918,K0919,K0942,K0948,K0955,K0956,K0962,K0963,K0983,K0990,K1014,K1050,K1077,K1079,K1084",2378,,
OG,OG-WRL-005,Cybersecurity Instruction,"Responsible for developing and conducting cybersecurity awareness, training, or education. ",1,,,,0,null,"T0101,T1008,T1009,T1020,T1025,T1036,T1038,T1054,T1093,T1156,T1157,T1311,T1334,T1411,T1412,T1413,T1414,T1415,T1416,T1417,T1418,T1419,T1421,T1446,T1447,T1462,T1463,T1485,T1517,T1537,T1594,T1595,T1596,T1609,T1870,T1871,T1873,S0156,S0097,S0379,S0380,S0381,S0385,S0386,S0387,S0388,S0389,S0390,S0391,S0392,S0393,S0394,S0395,S0424,S0430,S0431,S0467,S0468,S0472,S0473,S0483,S0530,S0543,S0544,S0572,S0591,S0592,S0597,S0600,S0601,S0602,S0610,S0612,S0613,S0618,S0628,S0629,S0643,S0651,S0686,S0688,S0739,S0712,S0713,S0738,S0744,S0754,S0756,S0791,S0800,S0807,S0874,K0643,K0654,K0638,K0659,K0674,K0675,K0676,K0677,K0678,K0679,K0680,K0681,K0682,K0683,K0684,K0685,K0686,K0689,K0759,K0718,K0728,K0729,K0730,K0736,K0743,K0744,K0751,K0752,K0766,K0770,K0773,K0792,K0801,K0805,K0806,K0810,K0812,K0818,K0825,K0831,K0837,K0839,K0858,K0863,K0864,K0865,K0866,K0881,K0885,K0886,K0887,K0888,K0889,K0890,K0893,K0905,K0910,K0923,K0924,K0934,K0983,K1014,K1032,K1055,K1069,K1083,K1087,K1088,K1089",2370,,
,OG,OVERSIGHT and GOVERNANCE,"Provides leadership, management, direction, and advocacy so the organization may effectively manage cybersecurity-related risks to the enterprise and conduct cybersecurity work.",1,,,,0,null,,2366,,
OG,OG-WRL-011,Secure Project Management,"Responsible for overseeing and directly managing technology projects. Ensures cybersecurity is built into projects to protect the organization’s critical infrastructure and assets, reduce risk, and meet organizational goals. Tracks and communicates project status and demonstrates project value to the organization.",1,,,,0,null,"T0220,T1031,T0412,T1011,T1020,T1022,T1023,T1026,T1067,T1068,T1154,T1155,T1227,T1259,T1291,T1306,T1366,T1344,T1345,T1367,T1369,T1394,T1395,T1396,T1397,T1398,T1399,T1435,T1448,T1465,T1472,T1498,T1474,T1480,T1481,T1497,T1552,T1553,T1601,T1602,T1621,T1622,S0384,S0413,S0412,S0423,S0462,S0463,S0555,S0556,S0580,S0581,S0673,S0687,S0759,S0811,S0821,S0870,K0653,K0650,K0651,K0498,K0674,K0675,K0676,K0677,K0678,K0679,K0680,K0681,K0682,K0683,K0684,K0690,K0721,K0727,K0728,K0729,K0730,K0733,K0734,K0735,K0736,K0743,K0751,K0752,K0754,K0771,K0803,K0819,K0820,K0821,K0828,K0834,K0835,K0836,K0838,K0863,K0864,K0868,K0869,K0872,K0873,K0920,K0922,K0983,K1014,K1137,K1180,K1206",2371,,
OG,OG-WRL-008,Privacy Compliance ,"Responsible for developing and overseeing an organization’s privacy compliance program and staff, including establishing and managing privacy-related governance, policy, and incident response needs.",1,,,,0,null,"T0898,T1014,T1020,T1054,T1058,T1059,T1060,T1084,T1092,T1096,T1118,T1119,T1145,T1146,T1189,T1224,T1225,T1279,T1336,T1335,T1334,T1489,T1476,T1492,T1549,T1885,T1853,T1854,T1855,T1856,T1857,T1858,T1859,T1860,T1861,T1862,T1863,T1864,T1865,T1866,T1867,T1868,T1869,T1870,T1871,T1872,T1873,T1874,T1875,T1876,T1877,T1878,T1879,T1880,T1881,T1882,T1883,T1884,T1886,T1902,T1887,T1888,T1903,T1889,T1890,T1891,T1892,T1905,T1893,T1894,T1895,T1896,T1907,T1897,T1898,T1899,T1900,T1901,S0406,S0407,S0408,S0395,S0447,S0450,S0537,S0540,S0601,S0602,S0610,S0687,S0791,S0796,S0797,S0798,S0818,S0821,S0850,S0858,S0878,K0644,K0645,K0498,K0659,K0674,K0675,K0676,K0677,K0678,K0679,K0680,K0681,K0682,K0683,K0684,K0687,K0718,K0748,K0751,K0752,K0773,K0792,K0881,K0885,K0886,K0892,K0915,K0925,K0926,K0962,K0963,K0973,K0983,K0990,K1014,K1030,K1070,K1111,K1120,K1138,K1160,K1183,K1192,K1194,K1198,K1200,K1212,K1240",2379,,
OG,OG-WRL-006,Cybersecurity Legal Advice,"Responsible for providing cybersecurity legal advice and recommendations, including monitoring related legislation and regulations.",1,,,,0,null,"T0220,T0006,T1020,T1023,T1069,T1070,T1189,T1511,T1535,T1546,T1549,T1599,S0415,S0416,S0414,S0610,S0686,K0674,K0675,K0676,K0677,K0678,K0679,K0680,K0681,K0682,K0683,K0684,K0685,K0686,K0696,K0736,K0743,K0746,K0747,K0751,K0752,K0784,K0785,K0800,K0819,K0820,K0821,K0829,K0830,K0834,K0892,K0918,K0919,K0944,K0945,K0954,K0983,K0990,K1014,K1050,K1070,K1138,K1182",2372,,
K,K1116,K1116 - Knowledge of classification guidelines,Knowledge of classification guidelines,1,,,,0,null,,4325,,
OG,OG-WRL-015,Technology Portfolio Management,Responsible for managing a portfolio of technology investments that align with the overall needs of mission and enterprise priorities.,1,,,,0,null,"T0220,T1020,T1026,T1227,T1306,T1369,T1394,T1395,T1396,T1397,T1398,T1399,T1472,T1498,T1621,T1622,S0687,S0811,K0498,K0674,K0675,K0676,K0677,K0678,K0679,K0680,K0681,K0682,K0683,K0684,K0721,K0734,K0735,K0751,K0752,K0754,K0803,K0820,K0828,K0835,K0836,K0838,K0922,K0983,K1014,K1137,K1180,K1206",2373,,
OG,OG-WRL-009,Product Support Management,"Responsible for planning, estimating costs, budgeting, developing, implementing, and managing product support strategies in order to field and maintain the readiness and operational capability of systems and components.",1,,,,0,null,"T0220,T1031,T0412,T1011,T1020,T1023,T1026,T1067,T1068,T1154,T1155,T1227,T1259,T1291,T1306,T1366,T1344,T1345,T1367,T1369,T1394,T1395,T1396,T1397,T1398,T1399,T1435,T1448,T1465,T1472,T1480,T1481,T1497,T1601,T1602,T1604,T1621,T1622,S0384,S0413,S0404,S0405,S0412,S0423,S0462,S0463,S0555,S0556,S0580,S0581,S0673,S0687,S0759,S0811,S0821,S0870,K0642,K0653,K0650,K0651,K0498,K0641,K0674,K0675,K0676,K0677,K0678,K0679,K0680,K0681,K0682,K0683,K0684,K0690,K0721,K0724,K0727,K0728,K0729,K0730,K0734,K0735,K0736,K0743,K0751,K0752,K0754,K0771,K0803,K0819,K0820,K0821,K0823,K0824,K0828,K0834,K0835,K0836,K0838,K0863,K0864,K0868,K0869,K0872,K0873,K0912,K0913,K0920,K0922,K0983,K1014,K1137,K1180,K1206",2380,,
OG,OG-WRL-002,Cybersecurity Policy and Planning,"Responsible for developing and maintaining cybersecurity plans, strategy, and policy to support and align with organizational cybersecurity initiatives and regulatory compliance.",1,,,,0,null,"T0226,T1020,T1028,T1107,T1158,T1184,T1185,T1306,T1336,T1335,T1357,T1358,T1394,T1395,T1396,T1397,T1398,T1436,T1464,T1476,T1492,T1482,T1518,T1543,T1605,S0406,S0497,S0515,S0519,S0687,S0712,S0713,S0729,S0821,K0644,K0674,K0675,K0676,K0677,K0678,K0679,K0680,K0681,K0682,K0683,K0684,K0691,K0692,K0743,K0751,K0752,K0773,K0812,K0892,K0943,K0962,K0963,K0969,K0983,K0990,K1014,K1023,K1079,K1137,K1180,K1183,K1186,K1206",2374,,
PD,PD-WRL-001,Defensive Cybersecurity,Responsible for analyzing data collected from various cybersecurity defense tools to mitigate risks.,1,,,,0,null,"T0020,T0164,T0292,T0299,T1020,T1021,T1084,T1085,T1112,T1119,T1177,T1176,T1241,T1242,T1254,T1266,T1278,T1290,T1299,T1347,T1348,T1349,T1350,T1351,T1384,T1386,T1387,T1388,T1389,T1390,T1391,T1406,T1428,T1539,T1540,T1541,T1548,T1582,T1583,T1603,T1615,T1616,T1618,S0156,S0483,S0490,S0509,S0543,S0544,S0566,S0567,S0572,S0574,S0578,S0593,S0600,S0614,S0627,S0651,S0667,S0688,S0712,S0722,S0755,S0809,S0838,S0839,S0840,S0846,S0854,S0857,S0866,S0859,S0867,S0863,S0869,S0872,S0874,S0875,S0885,S0892,K0793,K0018,K0068,K0674,K0675,K0676,K0677,K0678,K0679,K0680,K0681,K0682,K0683,K0684,K0685,K0686,K0689,K0691,K0692,K0759,K0694,K0698,K0707,K0710,K0716,K0717,K0718,K0723,K0724,K0725,K0726,K0728,K0729,K0730,K0731,K0732,K0736,K0742,K0743,K0744,K0746,K0747,K0749,K0751,K0752,K0756,K0757,K0758,K0765,K0766,K0770,K0772,K0773,K0778,K0779,K0781,K0783,K0784,K0785,K0788,K0789,K0790,K0791,K0792,K0805,K0812,K0813,K0815,K0816,K0829,K0830,K0831,K0832,K0833,K0837,K0840,K0842,K0844,K0845,K0848,K0849,K0851,K0859,K0860,K0861,K0870,K0871,K0877,K0878,K0879,K0880,K0891,K0892,K0915,K0917,K0918,K0919,K0924,K0928,K0937,K0938,K0939,K0940,K0942,K0947,K0948,K0950,K0951,K0955,K0956,K0962,K0963,K0969,K0983,K1014,K1079,K1089,K1108,K1131,K1132,K1144,K1168,K1176,K1181,K1193",2384,,
OG,OG-WRL-012,Security Control Assessment,"Responsible for conducting independent comprehensive assessments of management, operational, and technical security controls and control enhancements employed within or inherited by a system to determine their overall effectiveness. ",1,,,,0,null,"T0495,T0309,T1079,T1012,T1013,T1019,T1020,T1021,T1022,T1023,T1026,T1030,T1036,T1038,T1041,T1046,T1047,T1054,T1055,T1084,T1118,T1119,T1232,T1263,T1264,T1265,T1266,T1269,T1270,T1271,T1272,T1294,T1305,T1327,T1328,T1329,T1330,T1339,T1340,T1355,T1362,T1356,T1343,T1357,T1358,T1365,T1368,T1361,T1369,T1437,T1489,T1829,S0415,S0416,S0790,S0177,S0015,S0136,S0141,S0248,S0172,S0175,S0097,S0252,S0111,S0385,S0386,S0401,S0387,S0388,S0402,S0389,S0403,S0391,S0393,S0409,S0394,S0414,S0423,S0430,S0431,S0435,S0436,S0437,S0438,S0439,S0440,S0441,S0443,S0447,S0462,S0463,S0465,S0466,S0472,S0473,S0483,S0503,S0504,S0506,S0511,S0515,S0532,S0543,S0544,S0558,S0559,S0574,S0578,S0579,S0580,S0581,S0601,S0602,S0614,S0628,S0632,S0634,S0635,S0641,S0642,S0645,S0647,S0654,S0655,S0656,S0657,S0658,S0664,S0667,S0673,S0675,S0686,S0687,S0688,S0739,S0700,S0701,S0704,S0709,S0710,S0711,S0712,S0713,S0715,S0719,S0720,S0721,S0722,S0723,S0724,S0728,S0729,S0731,S0743,S0744,S0755,S0756,S0758,S0760,S0761,S0775,S0777,S0780,S0788,S0789,S0791,S0800,S0801,S0807,S0809,S0813,S0814,S0874,S0878,K0658,K0018,K0653,K0655,K0476,K0659,K0674,K0675,K0676,K0677,K0678,K0679,K0680,K0681,K0682,K0683,K0684,K0685,K0686,K0687,K0688,K0689,K0691,K0692,K0698,K0701,K0702,K0703,K0707,K0709,K0710,K0711,K0712,K0713,K0718,K0720,K0721,K0723,K0728,K0729,K0730,K0731,K0734,K0735,K0736,K0742,K0743,K0746,K0747,K0749,K0751,K0752,K0758,K0760,K0761,K0765,K0767,K0776,K0778,K0779,K0784,K0785,K0791,K0800,K0803,K0806,K0814,K0819,K0820,K0821,K0828,K0834,K0838,K0839,K0840,K0842,K0851,K0858,K0859,K0865,K0866,K0870,K0871,K0877,K0878,K0879,K0880,K0881,K0885,K0886,K0892,K0915,K0917,K0918,K0919,K0922,K0924,K0928,K0934,K0942,K0947,K0948,K0953,K0955,K0956,K0962,K0963,K0965,K0966,K0967,K0983,K0986,K0987,K0990,K1014,K1034,K1050,K1063,K1069,K1076,K1077,K1079,K1084,K1088,K1096,K1098,K1099,K1100,K1101,K1108,K1109,K1180",2375,,
OG,OG-WRL-016,Technology Program Auditing,Responsible for conducting evaluations of technology programs or their individual components to determine compliance with published standards. ,1,,,,0,null,"T0412,T1020,T1026,T1067,T1068,T1154,T1155,T1306,T1344,T1345,T1394,T1395,T1396,T1397,T1398,T1399,T1498,T1480,T1481,S0423,S0462,S0463,S0580,S0581,S0619,S0811,K0653,K0674,K0675,K0676,K0677,K0678,K0679,K0680,K0681,K0682,K0683,K0684,K0721,K0727,K0733,K0734,K0735,K0751,K0752,K0754,K0771,K0803,K0819,K0820,K0821,K0828,K0835,K0836,K0838,K0868,K0869,K0872,K0873,K0922,K0983,K1014,K1137,K1206",2381,,
OG,OG-WRL-003,Cybersecurity Workforce Management,"Responsible for developing cybersecurity workforce plans, assessments, strategies, and guidance, including cybersecurity-related staff training, education, and hiring processes. Makes adjustments in response to or in anticipation of changes to cybersecurity-related policy, technology, and staffing needs and requirements. Authors mandated workforce planning strategies to maintain compliance with legislation, regulation, and policy.",1,,,,0,null,"T0226,T0116,T0437,T1020,T1022,T1025,T1028,T1036,T1038,T1056,T1059,T1060,T1088,T1107,T1113,T1114,T1158,T1184,T1185,T1227,T1306,T1336,T1335,T1357,T1358,T1394,T1395,T1396,T1397,T1398,T1436,T1470,T1446,T1447,T1449,T1450,T1459,T1460,T1461,T1462,T1464,T1466,T1467,T1468,T1469,T1471,T1476,T1478,T1479,T1492,T1482,T1483,T1518,T1543,T1552,T1553,T1605,T1623,S0398,S0406,S0411,S0410,S0393,S0394,S0396,S0397,S0422,S0497,S0515,S0519,S0633,S0647,S0686,S0821,S0850,S0858,S0878,S0892,K0644,K0652,K0648,K0649,K0640,K0674,K0675,K0676,K0677,K0678,K0679,K0680,K0681,K0682,K0683,K0684,K0691,K0692,K0743,K0751,K0752,K0754,K0773,K0803,K0818,K0820,K0825,K0828,K0831,K0838,K0881,K0887,K0892,K0893,K0902,K0908,K0943,K0962,K0963,K0969,K0983,K0990,K1014,K1023,K1098,K1137,K1140,K1171,K1180,K1183,K1184,K1186,K1206,K1209",2376,,
PD,PD-WRL-005,Insider Threat Analysis,Responsible for identifying and assessing the capabilities and activities of cybersecurity insider threats; produces findings to help initialize and support law enforcement and counterintelligence activities and investigations.,1,,,,0,null,"T1056,T1057,T1062,T1084,T1085,T1160,T1162,T1227,T1266,T1325,T1324,T1439,T1510,T1592,T1737,T1743,T1712,T1690,T1799,T1801,T1977,T1974,T1979,T1969,T1975,T1970,T1978,T1971,T1976,T1980,T1973,T1981,T1982,T2010,T1983,T1999,T2006,T1985,T1986,T2009,T1987,T2001,T1988,T2007,T1989,T1990,T1991,T2003,T1992,T1993,T2004,T1994,T2011,T1995,T2005,T1996,T1997,T1998,S0378,S0391,S0442,S0477,S0540,S0558,S0559,S0579,S0588,S0610,S0688,S0690,S0728,S0748,S0791,S0817,S0821,S0848,S0854,S0866,S0874,S0890,S0896,S0900,S0902,S0904,S0905,S0906,S0907,S0908,S0909,S0910,S0911,S0912,S0913,S0916,K0635,K0636,K0637,K0656,K0657,K0674,K0675,K0676,K0677,K0678,K0679,K0682,K0683,K0684,K0689,K0707,K0710,K0721,K0734,K0735,K0751,K0752,K0778,K0784,K0785,K0802,K0862,K0870,K0871,K0909,K1014,K1023,K1031,K1085,K1096,K1151,K1152,K1154,K1155,K1180,K1188,K1197,K1209,K1241,K1242,K1243,K1244,K1245,K1246,K1247,K1248,K1249,K1250,K1251,K1252,K1254,K1255,K1256,K1257,K1258,K1259,K1260,K1261,K1262,K1263,K1265,K1267,K1268,K1269,K1270,K1271,K1272,K1273,K1274,K1275",2388,,
OG,OG-WRL-007,Executive Cybersecurity Leadership,"Responsible for establishing vision and direction for an organization's cybersecurity operations and resources and their impact on digital and physical spaces. Possesses authority to make and execute decisions that impact an organization broadly, including policy approval and stakeholder engagement.",1,,,,0,null,"T0006,T1020,T1036,T1038,T1054,T1055,T1056,T1057,T1059,T1060,T1088,T1145,T1146,T1307,T1221,T1226,T1227,T1234,T1238,T1308,T1310,T1336,T1335,T1355,T1342,T1356,T1354,T1376,T1377,T1450,T1476,T1518,T1543,T1586,T1779,T1862,T1906,S0415,S0416,S0111,S0406,S0414,S0431,S0506,S0511,S0564,S0610,S0686,S0707,S0708,S0799,S0800,S0807,S0821,S0826,K0644,K0498,K0674,K0675,K0676,K0677,K0678,K0679,K0680,K0681,K0682,K0683,K0684,K0688,K0689,K0728,K0729,K0730,K0743,K0751,K0752,K0783,K0784,K0785,K0800,K0818,K0819,K0820,K0821,K0825,K0831,K0839,K0892,K0936,K0983,K0990,K1014,K1025,K1079,K1083,K1180,K1183,K1188,K1209,K1225",2377,,
PD,PD-WRL-003,Incident Response,"Responsible for investigating, analyzing, and responding to network cybersecurity incidents.",1,,,,0,null,"T0164,T0262,T0510,T1020,T1084,T1109,T1085,T1110,T1118,T1119,T1250,T1251,T1252,T1256,T1257,T1260,T1299,T1332,T1315,T1316,T1333,T1370,T1371,T1372,T1407,T1489,T1485,T1582,T1617,S0077,S0080,S0483,S0509,S0544,S0547,S0548,S0549,S0550,S0572,S0589,S0607,S0608,S0609,S0614,S0615,S0651,S0688,S0805,S0806,S0821,S0854,S0866,K0674,K0675,K0676,K0677,K0678,K0679,K0680,K0681,K0682,K0683,K0684,K0685,K0686,K0689,K0701,K0709,K0710,K0716,K0717,K0718,K0724,K0725,K0726,K0732,K0746,K0747,K0751,K0752,K0770,K0778,K0783,K0791,K0829,K0830,K0832,K0833,K0837,K0844,K0845,K0857,K0865,K0866,K0870,K0871,K0891,K0898,K0915,K0916,K0924,K0934,K0969,K0983,K1014,K1049,K1079",2385,,
PD,PD-WRL-004,Infrastructure Support,"Responsible for testing, implementing, deploying, maintaining, and administering infrastructure hardware and software for cybersecurity. ",1,,,,0,null,"T1020,T1111,T1267,T1268,T1352,T1353,T1432,T1433,T1442,T1503,T1515,T1555,T1561,T1562,S0077,S0552,S0553,S0592,S0593,S0596,S0615,S0643,S0645,S0831,S0898,K0674,K0675,K0676,K0677,K0678,K0679,K0680,K0681,K0682,K0683,K0684,K0685,K0686,K0701,K0710,K0716,K0717,K0724,K0725,K0726,K0728,K0729,K0730,K0734,K0746,K0747,K0751,K0752,K0770,K0778,K0781,K0783,K0791,K0792,K0811,K0829,K0830,K0837,K0870,K0871,K0881,K0891,K0915,K0925,K0926,K0950,K0951,K0983,K1014,K1211,K1237",2387,,
PD,PD-WRL-002,Digital Forensics ,Responsible for analyzing digital evidence from computer security incidents to derive useful information in support of system and network vulnerability mitigation.,1,,,,0,null,"T0173,T0172,T0167,T0179,T0168,T0182,T0397,T1020,T1051,T1084,T1090,T1102,T1103,T1104,T1118,T1119,T1120,T1121,T1175,T1159,T1199,T1191,T1253,T1260,T1282,T1301,T1325,T1322,T1323,T1324,T1370,T1371,T1372,T1381,T1382,T1383,T1387,T1407,T1487,T1488,T1489,T1490,T1486,T1510,T1607,T1617,S0378,S0156,S0472,S0473,S0474,S0475,S0476,S0491,S0499,S0575,S0576,S0589,S0599,S0603,S0604,S0605,S0606,S0607,S0608,S0609,S0611,S0612,S0621,S0622,S0623,S0624,S0625,S0651,S0652,S0653,S0671,S0678,S0821,S0834,S0854,S0856,S0857,S0866,S0860,S0875,S0882,S0884,K0793,K0018,K0635,K0636,K0637,K0674,K0675,K0676,K0677,K0678,K0679,K0680,K0681,K0682,K0683,K0684,K0759,K0696,K0697,K0701,K0710,K0724,K0725,K0726,K0744,K0751,K0752,K0760,K0761,K0770,K0778,K0786,K0787,K0791,K0794,K0795,K0796,K0797,K0800,K0802,K0804,K0806,K0807,K0808,K0809,K0810,K0812,K0817,K0837,K0840,K0842,K0850,K0851,K0852,K0853,K0854,K0855,K0856,K0857,K0858,K0859,K0870,K0871,K0892,K0914,K0915,K0916,K0923,K0939,K0959,K0962,K0963,K0977,K0979,K0980,K0983,K1004,K1014,K1016,K1055,K1069,K1079,K1091,K1092,K1115,K1147,K1151,K1152,K1153,K1154,K1155,K1163,K1175,K1193",2386,,
K,K1172,K1172 - Knowledge of mission requirements,Knowledge of mission requirements,1,,,,0,null,DD-WRL-008,4375,,
PD,PD-WRL-006,Threat Analysis,"Responsible for collecting, processing, analyzing, and disseminating cybersecurity threat assessments. Develops cybersecurity indicators to maintain awareness of the status of the highly dynamic operating environment.",1,,,,0,null,"T0707,T0569,T0698,T0685,T0718,T0751,T0845,T1020,T1035,T1053,T1054,T1055,T1640,T1641,T1643,T1644,T1645,T1646,T1647,T1651,T1652,T1686,T1762,T1763,T1765,T1792,T1766,T1835,T1767,T1793,T1768,T1770,T1798,T1772,T1775,T1799,T1776,T1804,S0194,S0111,S0385,S0430,S0433,S0434,S0435,S0436,S0438,S0443,S0444,S0446,S0472,S0473,S0494,S0505,S0506,S0509,S0511,S0512,S0514,S0516,S0517,S0535,S0537,S0540,S0555,S0556,S0579,S0600,S0633,S0673,S0696,S0702,S0704,S0709,S0712,S0713,S0718,S0719,S0724,S0728,S0748,S0751,S0756,S0765,S0777,S0779,S0791,S0869,S0876,K0658,K0018,K0655,K0480,K0674,K0675,K0676,K0677,K0678,K0679,K0680,K0681,K0682,K0683,K0684,K0689,K0690,K0697,K0718,K0719,K0751,K0752,K0766,K0773,K0786,K0787,K0788,K0789,K0790,K0792,K0806,K0812,K0818,K0825,K0831,K0844,K0845,K0857,K0858,K0865,K0866,K0915,K0916,K0925,K0926,K0934,K0960,K0969,K0983,K0984,K0989,K0990,K0994,K1002,K1005,K1007,K1008,K1009,K1010,K1011,K1014,K1019,K1025,K1028,K1035,K1049,K1059,K1066,K1067,K1068,K1069,K1100,K1101,K1109,K1113,K1197",2389,,
T,T0080,T0080 - Develop test plans to address specifications and requirements,Develop test plans to address specifications and requirements,1,,,,0,null,DD-WRL-007,2416,,
PD,PD-WRL-007,Vulnerability Analysis,"Responsible for assessing systems and networks to identify deviations from acceptable configurations, enclave policy, or local policy. Measure effectiveness of defense-in-depth architecture against known vulnerabilities.",1,,,,0,null,"T1079,T1020,T1041,T1069,T1070,T1084,T1091,T1118,T1119,T1229,T1279,T1341,T1489,T1619,T1620,S0483,S0492,S0532,S0543,S0544,S0572,S0574,S0578,S0588,S0591,S0597,S0641,S0642,S0656,S0675,S0686,S0688,S0804,K0068,K0674,K0675,K0676,K0677,K0678,K0679,K0680,K0681,K0682,K0683,K0684,K0685,K0686,K0688,K0698,K0701,K0710,K0716,K0717,K0728,K0729,K0730,K0742,K0751,K0752,K0760,K0761,K0770,K0778,K0779,K0783,K0791,K0797,K0813,K0832,K0833,K0837,K0844,K0845,K0865,K0866,K0870,K0871,K0879,K0880,K0882,K0891,K0915,K0924,K0934,K0939,K0942,K0955,K0956,K0969,K0983,K1014,K1076,K1079,K1087,K1129,K1130,K1182",2390,,
,PD,PROTECTION and DEFENSE,"Protects against, identifies, and analyzes risks to technology systems or networks. Includes investigation of cybersecurity events or crimes related to technology systems and networks.",1,,,,0,null,,2383,,
K,K1117,K1117 - Knowledge of coding and testing standards,Knowledge of coding and testing standards,1,,,,0,null,"DD-WRL-003,DD-WRL-005",4326,,
T,T0220,"T0220 - Resolve conflicts in laws, regulations, policies, standards, or procedures","Resolve conflicts in laws, regulations, policies, standards, or procedures",1,,,,0,null,"OG-WRL-010,OG-WRL-011,OG-WRL-006,OG-WRL-015,OG-WRL-009",2392,,
T,T0122,T0122 - Implement security designs for new or existing systems,Implement security designs for new or existing systems,1,,,,0,null,DD-WRL-004,2405,,
T,T0226,T0226 - Serve on agency and interagency policy boards,Serve on agency and interagency policy boards,1,,,,0,null,"OG-WRL-002,OG-WRL-003",2393,,
T,T0068,"T0068 - Develop data standards, policies, and procedures","Develop data standards, policies, and procedures",1,,,,0,null,IO-WRL-001,2412,,
T,T0235,T0235 - Translate functional requirements into technical solutions,Translate functional requirements into technical solutions,1,,,,0,null,DD-WRL-006,2394,,
T,T0006,T0006 - Advocate organization's official position in legal and legislative proceedings,Advocate organization's official position in legal and legislative proceedings,1,,,,0,null,"OG-WRL-006,OG-WRL-007",2406,,
T,T0237,T0237 - Troubleshoot system hardware and software,Troubleshoot system hardware and software,1,,,,0,null,IO-WRL-007,2395,,
T,T0172,"T0172 - Perform real-time forensic analysis (e.g., using Helix in conjunction with LiveView)","Perform real-time forensic analysis (e.g., using Helix in conjunction with LiveView)",1,,,,0,null,"IN-WRL-002,PD-WRL-002",2415,,
T,T1031,T1031 - Implement intelligence collection requirements,Implement intelligence collection requirements,1,,,,0,null,"DD-WRL-006,OG-WRL-010,OG-WRL-011,OG-WRL-009",2396,,
T,T0173,T0173 - Perform timeline analysis,Perform timeline analysis,1,,,,0,null,"IN-WRL-002,PD-WRL-002",2407,,
T,T1073,T1073 - Perform code reviews,Perform code reviews,1,,,,0,null,"DD-WRL-003,DD-WRL-005",2397,,
T,T0126,"T0126 - Install or replace network hubs, routers, and switches","Install or replace network hubs, routers, and switches",1,,,,0,null,IO-WRL-004,2413,,
T,T1074,T1074 - Prepare secure code documentation,Prepare secure code documentation,1,,,,0,null,"DD-WRL-003,DD-WRL-005",2398,,
T,T0020,T0020 - Develop content for cyber defense tools,Develop content for cyber defense tools,1,,,,0,null,PD-WRL-001,2408,,
T,T1075,T1075 - Implement application cybersecurity policies,Implement application cybersecurity policies,1,,,,0,null,"DD-WRL-004,IO-WRL-006",2399,,
T,T0081,T0081 - Diagnose network connectivity problems,Diagnose network connectivity problems,1,,,,0,null,IO-WRL-004,2418,,
T,T1076,T1076 - Implement system cybersecurity policies,Implement system cybersecurity policies,1,,,,0,null,IO-WRL-006,2400,,
T,T0124,"T0124 - Incorporate cybersecurity vulnerability solutions into system designs (e.g., ...","Incorporate cybersecurity vulnerability solutions into system designs (e.g., Cybersecurity Vulnerability Alerts)",1,,,,0,null,DD-WRL-004,2409,,
T,T1077,T1077 - Assess the organization's cybersecurity architecture,Assess the organization's cybersecurity architecture,1,,,,0,null,"DD-WRL-001,DD-WRL-002,IO-WRL-006",2401,,
T,T0077,T0077 - Develop secure code and error handling,Develop secure code and error handling,1,,,,0,null,DD-WRL-003,2414,,
T,T1078,T1078 - Determine effectiveness of system cybersecurity measures,Determine effectiveness of system cybersecurity measures,1,,,,0,null,DD-WRL-004,2402,,
T,T0067,T0067 - Develop architectures or system components consistent with technical specifications,Develop architectures or system components consistent with technical specifications,1,,,,0,null,DD-WRL-009,2410,,
T,T0116,T0116 - Identify organizational policy stakeholders,Identify organizational policy stakeholders,1,,,,0,null,OG-WRL-003,2403,,
T,T0129,T0129 - Integrate new systems into existing network architecture,Integrate new systems into existing network architecture,1,,,,0,null,IO-WRL-004,2417,,
T,T0153,T0153 - Monitor network capacity and performance,Monitor network capacity and performance,1,,,,0,null,IO-WRL-004,2404,,
T,T0167,T0167 - Perform file signature analysis,Perform file signature analysis,1,,,,0,null,"IN-WRL-002,PD-WRL-002",2419,,
T,T0164,T0164 - Perform cyber defense trend analysis and reporting,Perform cyber defense trend analysis and reporting,1,,,,0,null,"PD-WRL-001,PD-WRL-003",2411,,
K,K1118,K1118 - Knowledge of completion criteria,Knowledge of completion criteria,1,,,,0,null,"DD-WRL-003,DD-WRL-005",4327,,
T,T0137,T0137 - Maintain database management systems software,Maintain database management systems software,1,,,,0,null,IO-WRL-002,2421,,
T,T0349,T0349 - Collect metrics and trending data,Collect metrics and trending data,1,,,,0,null,IO-WRL-001,2443,,
T,T0101,T0101 - Evaluate the effectiveness and comprehensiveness of existing training programs,Evaluate the effectiveness and comprehensiveness of existing training programs,1,,,,0,null,OG-WRL-005,2422,,
T,T0309,T0309 - Assess the effectiveness of security controls,Assess the effectiveness of security controls,1,,,,0,null,"IO-WRL-006,OG-WRL-012",2437,,
T,T0179,T0179 - Perform static media analysis,Perform static media analysis,1,,,,0,null,"IN-WRL-002,PD-WRL-002",2423,,
T,T0513,T0513 - Perform operational testing,Perform operational testing,1,,,,0,null,DD-WRL-007,2448,,
T,T0168,T0168 - Perform data comparison against established database,Perform data comparison against established database,1,,,,0,null,"IN-WRL-002,PD-WRL-002",2424,,
T,T0569,T0569 - Answer requests for information,Answer requests for information,1,,,,0,null,PD-WRL-006,2438,,
T,T0141,T0141 - Maintain information systems assurance and accreditation materials,Maintain information systems assurance and accreditation materials,1,,,,0,null,,2425,,
T,T0512,T0512 - Perform interoperability testing on systems exchanging electronic information with other ...,Perform interoperability testing on systems exchanging electronic information with other systems,1,,,,0,null,DD-WRL-007,2444,,
T,T0182,"T0182 - Perform tier 1, 2, and 3 malware analysis","Perform tier 1, 2, and 3 malware analysis",1,,,,0,null,"IN-WRL-002,PD-WRL-002",2426,,
T,T0311,T0311 - Consult with customers about software system design and maintenance,Consult with customers about software system design and maintenance,1,,,,0,null,"DD-WRL-003,DD-WRL-005",2439,,
T,T0193,T0193 - Process crime scenes,Process crime scenes,1,,,,0,null,IN-WRL-001,2427,,
T,T0397,T0397 - Perform Windows registry analysis,Perform Windows registry analysis,1,,,,0,null,PD-WRL-002,2447,,
T,T0262,"T0262 - Employ approved defense-in-depth principles and practices (e.g., defense-in-multiple ...","Employ approved defense-in-depth principles and practices (e.g., defense-in-multiple places, layered defenses, security robustness)",1,,,,0,null,PD-WRL-003,2428,,
T,T0510,T0510 - Coordinate incident response functions,Coordinate incident response functions,1,,,,0,null,PD-WRL-003,2440,,
T,T0271,T0271 - Develop cybersecurity designs to meet specific operational needs and environmental ...,"Develop cybersecurity designs to meet specific operational needs and environmental factors (e.g., access controls, automated applications, networked operations, high integrity and availability requirements, multilevel security/processing of multiple classification levels, and processing Sensitive Compartmented Information)",1,,,,0,null,DD-WRL-004,2429,,
T,T0383,T0383 - Program custom algorithms,Program custom algorithms,1,,,,0,null,IO-WRL-001,2445,,
T,T0542,T0542 - Translate proposed capabilities into technical requirements,Translate proposed capabilities into technical requirements,1,,,,0,null,"DD-WRL-001,DD-WRL-002",2430,,
T,T0330,T0330 - Maintain assured message delivery systems,Maintain assured message delivery systems,1,,,,0,null,IO-WRL-002,2441,,
T,T0274,T0274 - Create auditable evidence of security measures,Create auditable evidence of security measures,1,,,,0,null,DD-WRL-007,2431,,
T,T0718,T0718 - Identify intelligence gaps and shortfalls,Identify intelligence gaps and shortfalls,1,,,,0,null,PD-WRL-006,2450,,
T,T0460,T0460 - Develop and implement data mining and data warehousing programs,Develop and implement data mining and data warehousing programs,1,,,,0,null,IO-WRL-001,2432,,
T,T0698,"T0698 - Facilitate continuously updated intelligence, surveillance, and visualization input to ...","Facilitate continuously updated intelligence, surveillance, and visualization input to common operational picture managers",1,,,,0,null,PD-WRL-006,2442,,
T,T0292,T0292 - Recommend computing environment vulnerability corrections,Recommend computing environment vulnerability corrections,1,,,,0,null,PD-WRL-001,2433,,
T,T0412,T0412 - Conduct import/export reviews for acquiring systems and software,Conduct import/export reviews for acquiring systems and software,1,,,,0,null,"OG-WRL-010,OG-WRL-011,OG-WRL-009,OG-WRL-016",2449,,
T,T0707,T0707 - Generate requests for information,Generate requests for information,1,,,,0,null,PD-WRL-006,2434,,
T,T0685,T0685 - Evaluate threat decision-making processes,Evaluate threat decision-making processes,1,,,,0,null,PD-WRL-006,2446,,
T,T0299,T0299 - Identify network mapping and operating system (OS) fingerprinting activities,Identify network mapping and operating system (OS) fingerprinting activities,1,,,,0,null,PD-WRL-001,2435,,
T,T0422,"T0422 - Implement data management standards, requirements, and specifications","Implement data management standards, requirements, and specifications",1,,,,0,null,IO-WRL-002,2451,,
T,T0495,"T0495 - Manage Accreditation Packages (e.g., ISO/IEC 15026-2)","Manage Accreditation Packages (e.g., ISO/IEC 15026-2)",1,,,,0,null,"OG-WRL-012,OG-WRL-013",2436,,
T,T0531,T0531 - Troubleshoot hardware/software interface and interoperability problems,Troubleshoot hardware/software interface and interoperability problems,1,,,,0,null,IO-WRL-005,2452,,
T,T1008,T1008 - Prepare and deliver education and awareness briefings,Prepare and deliver education and awareness briefings,1,,,,0,null,OG-WRL-005,2468,,
T,T0431,"T0431 - Check system hardware availability, functionality, integrity, and efficiency","Check system hardware availability, functionality, integrity, and efficiency",1,,,,0,null,IO-WRL-005,2453,,
T,T1020,T1020 - Determine the operational and safety impacts of cybersecurity lapses,Determine the operational and safety impacts of cybersecurity lapses,1,,,,0,null,"DD-WRL-001,DD-WRL-002,DD-WRL-003,DD-WRL-004,DD-WRL-005,DD-WRL-006,DD-WRL-007,DD-WRL-008,IO-WRL-005,IO-WRL-002,IO-WRL-007,IO-WRL-003,IO-WRL-006,IO-WRL-004,IO-WRL-001,IN-WRL-001,OG-WRL-001,OG-WRL-010,OG-WRL-004,OG-WRL-005,OG-WRL-011,OG-WRL-006,OG-WRL-015,OG-WRL-002,OG-WRL-012,OG-WRL-003,OG-WRL-007,OG-WRL-013,OG-WRL-008,OG-WRL-009,OG-WRL-016,OG-WRL-014,PD-WRL-001,PD-WRL-003,PD-WRL-002,PD-WRL-004,PD-WRL-006,PD-WRL-007",2480,,
T,T0734,T0734 - Issue requests for information,Issue requests for information,1,,,,0,null,,2454,,
T,T1009,T1009 - Create a cybersecurity awareness program,Create a cybersecurity awareness program,1,,,,0,null,OG-WRL-005,2469,,
T,T0437,T0437 - Correlate training and learning to business or mission requirements,Correlate training and learning to business or mission requirements,1,,,,0,null,"OG-WRL-004,OG-WRL-003",2455,,
T,T1016,T1016 - Identify Communications Security (COMSEC) incidents,Identify Communications Security (COMSEC) incidents,1,,,,0,null,OG-WRL-001,2476,,
T,T0686,T0686 - Identify threat vulnerabilities,Identify threat vulnerabilities,1,,,,0,null,,2456,,
T,T1010,T1010 - Communicate enterprise information technology architecture,Communicate enterprise information technology architecture,1,,,,0,null,"DD-WRL-001,DD-WRL-002,DD-WRL-004",2470,,
T,T0459,T0459 - Implement data mining and data warehousing applications,Implement data mining and data warehousing applications,1,,,,0,null,IO-WRL-002,2457,,
T,T1019,T1019 - Determine special needs of cyber-physical systems,Determine special needs of cyber-physical systems,1,,,,0,null,"DD-WRL-001,DD-WRL-002,DD-WRL-003,DD-WRL-004,DD-WRL-005,DD-WRL-006,DD-WRL-008,OG-WRL-012,OG-WRL-013,OG-WRL-014",2479,,
T,T1079,T1079 - Develop cybersecurity risk profiles,Develop cybersecurity risk profiles,1,,,,0,null,"DD-WRL-004,DD-WRL-008,OG-WRL-012,PD-WRL-007",2458,,
T,T1011,T1011 - Apply standards to identify safety risk and protect cyber-physical functions,Apply standards to identify safety risk and protect cyber-physical functions,1,,,,0,null,"OG-WRL-010,OG-WRL-011,OG-WRL-009",2471,,
T,T0751,T0751 - Monitor open source websites for hostile content directed towards organizational or ...,Monitor open source websites for hostile content directed towards organizational or partner interests,1,,,,0,null,PD-WRL-006,2459,,
T,T1017,T1017 - Report Communications Security (COMSEC) incidents,Report Communications Security (COMSEC) incidents,1,,,,0,null,OG-WRL-001,2477,,
T,T0775,T0775 - Produce network reconstructions,Produce network reconstructions,1,,,,0,null,,2460,,
T,T1012,T1012 - Expand network access,Expand network access,1,,,,0,null,OG-WRL-012,2472,,
T,T0818,T0818 - Serve as a liaison with external partners,Serve as a liaison with external partners,1,,,,0,null,,2461,,
T,T1022,T1022 - Review enterprise information technology (IT) goals and objectives,Review enterprise information technology (IT) goals and objectives,1,,,,0,null,"DD-WRL-004,DD-WRL-006,OG-WRL-001,OG-WRL-010,OG-WRL-011,OG-WRL-012,OG-WRL-003,OG-WRL-013,OG-WRL-014",2482,,
T,T0845,T0845 - Identify cyber threat tactics and methodologies,Identify cyber threat tactics and methodologies,1,,,,0,null,PD-WRL-006,2462,,
T,T1013,T1013 - Conduct technical exploitation of a target,Conduct technical exploitation of a target,1,,,,0,null,OG-WRL-012,2473,,
T,T0898,T0898 - Establish an internal privacy audit program,Establish an internal privacy audit program,1,,,,0,null,OG-WRL-008,2463,,
T,T1018,T1018 - Identify in-process accounting requirements for Communications Security (COMSEC),Identify in-process accounting requirements for Communications Security (COMSEC),1,,,,0,null,OG-WRL-001,2478,,
T,T0934,T0934 - Identify stakeholder assets that require protection,Identify stakeholder assets that require protection,1,,,,0,null,,2464,,
T,T1014,T1014 - Determine if security incidents require legal action,Determine if security incidents require legal action,1,,,,0,null,OG-WRL-008,2474,,
T,T0937,T0937 - Determine the placement of a system within the enterprise architecture,Determine the placement of a system within the enterprise architecture,1,,,,0,null,,2465,,
T,T1021,T1021 - Review cyber defense service provider reporting structure,Review cyber defense service provider reporting structure,1,,,,0,null,"OG-WRL-012,PD-WRL-001",2481,,
T,T0942,"T0942 - Identify the types of information to be processed, stored, or transmitted by a system","Identify the types of information to be processed, stored, or transmitted by a system",1,,,,0,null,,2466,,
T,T1015,T1015 - Identify roles and responsibilities for appointed Communications Security (COMSEC) personnel,Identify roles and responsibilities for appointed Communications Security (COMSEC) personnel,1,,,,0,null,OG-WRL-001,2475,,
T,T0960,T0960 - Monitor changes to a system and its environment of operation,Monitor changes to a system and its environment of operation,1,,,,0,null,,2467,,
T,T1160,T1160 - Develop risk mitigation strategies,Develop risk mitigation strategies,1,,,,0,null,"DD-WRL-004,PD-WRL-005",2612,,
T,T1023,T1023 - Identify critical technology procurement requirements,Identify critical technology procurement requirements,1,,,,0,null,"DD-WRL-006,DD-WRL-008,IO-WRL-006,OG-WRL-001,OG-WRL-010,OG-WRL-011,OG-WRL-006,OG-WRL-012,OG-WRL-013,OG-WRL-009,OG-WRL-014",2483,,
T,T1024,T1024 - Implement organizational security policies and procedures,Implement organizational security policies and procedures,1,,,,0,null,IO-WRL-007,2484,,
T,T1025,T1025 - Implement organizational training and education policies and procedures,Implement organizational training and education policies and procedures,1,,,,0,null,"OG-WRL-004,OG-WRL-005,OG-WRL-003",2485,,
T,T1026,T1026 - Determine procurement requirements,Determine procurement requirements,1,,,,0,null,"DD-WRL-004,DD-WRL-006,OG-WRL-010,OG-WRL-011,OG-WRL-015,OG-WRL-012,OG-WRL-009,OG-WRL-016,OG-WRL-014",2486,,
T,T1027,T1027 - Integrate organizational goals and objectives into security architecture,Integrate organizational goals and objectives into security architecture,1,,,,0,null,"DD-WRL-001,DD-WRL-002,DD-WRL-004",2487,,
T,T1028,T1028 - Research new vulnerabilities in emerging technologies,Research new vulnerabilities in emerging technologies,1,,,,0,null,"OG-WRL-002,OG-WRL-003",2488,,
T,T1029,T1029 - Implement organizational evaluation and validation criteria,Implement organizational evaluation and validation criteria,1,,,,0,null,DD-WRL-001,2489,,
T,T1030,T1030 - Estimate the impact of collateral damage,Estimate the impact of collateral damage,1,,,,0,null,"DD-WRL-004,OG-WRL-012",2490,,
T,T1035,T1035 - Determine how threat activity groups employ encryption to support their operations,Determine how threat activity groups employ encryption to support their operations,1,,,,0,null,PD-WRL-006,2491,,
T,T1036,T1036 - Integrate leadership priorities,Integrate leadership priorities,1,,,,0,null,"OG-WRL-004,OG-WRL-005,OG-WRL-012,OG-WRL-003,OG-WRL-007,OG-WRL-013",2492,,
T,T1038,T1038 - Integrate organization objectives in intelligence collection,Integrate organization objectives in intelligence collection,1,,,,0,null,"OG-WRL-004,OG-WRL-005,OG-WRL-012,OG-WRL-003,OG-WRL-007,OG-WRL-013",2493,,
T,T1039,T1039 - Identify network artifacts,Identify network artifacts,1,,,,0,null,,2494,,
T,T1041,T1041 - Determine impact of software configurations,Determine impact of software configurations,1,,,,0,null,"DD-WRL-004,DD-WRL-008,OG-WRL-012,PD-WRL-007",2495,,
T,T1043,T1043 - Determine staffing needs,Determine staffing needs,1,,,,0,null,,2496,,
T,T1046,T1046 - Assess operation performance,Assess operation performance,1,,,,0,null,"DD-WRL-004,OG-WRL-012",2497,,
T,T1047,T1047 - Assess operation impact,Assess operation impact,1,,,,0,null,"DD-WRL-004,OG-WRL-012",2498,,
T,T1049,T1049 - Determine appropriate level of test rigor for a given system,Determine appropriate level of test rigor for a given system,1,,,,0,null,DD-WRL-007,2499,,
T,T1050,T1050 - Improve network security practices,Improve network security practices,1,,,,0,null,IO-WRL-004,2500,,
T,T1051,T1051 - Set up a forensic workstation,Set up a forensic workstation,1,,,,0,null,PD-WRL-002,2501,,
T,T1052,T1052 - Integrate black-box security testing tools into quality assurance processes,Integrate black-box security testing tools into quality assurance processes,1,,,,0,null,"DD-WRL-005,OG-WRL-014",2502,,
T,T1053,T1053 - Identify and characterize intrusion activities against a victim or target,Identify and characterize intrusion activities against a victim or target,1,,,,0,null,PD-WRL-006,2503,,
T,T1054,T1054 - Scope analysis reports to various audiences that accounts for data sharing classification...,Scope analysis reports to various audiences that accounts for data sharing classification restrictions,1,,,,0,null,"OG-WRL-004,OG-WRL-005,OG-WRL-012,OG-WRL-007,OG-WRL-008,PD-WRL-006",2504,,
T,T1055,T1055 - Determine if priority information requirements are satisfied,Determine if priority information requirements are satisfied,1,,,,0,null,"OG-WRL-012,OG-WRL-007,PD-WRL-006",2505,,
T,T1056,T1056 - Acquire resources to support cybersecurity program goals and objectives,Acquire resources to support cybersecurity program goals and objectives,1,,,,0,null,"OG-WRL-003,OG-WRL-007,OG-WRL-014,PD-WRL-005",2506,,
T,T1057,T1057 - Conduct an effective enterprise continuity of operations program,Conduct an effective enterprise continuity of operations program,1,,,,0,null,"OG-WRL-007,OG-WRL-014,PD-WRL-005",2507,,
T,T1058,T1058 - Advise senior management on risk levels and security posture,Advise senior management on risk levels and security posture,1,,,,0,null,"OG-WRL-001,OG-WRL-008,OG-WRL-014",2508,,
T,T1059,"T1059 - Perform cost/benefit analyses of cybersecurity programs, policies, processes, systems, ...","Perform cost/benefit analyses of cybersecurity programs, policies, processes, systems, and elements",1,,,,0,null,"OG-WRL-001,OG-WRL-003,OG-WRL-007,OG-WRL-008,OG-WRL-014",2509,,
T,T1060,T1060 - Advise senior management on organizational cybersecurity efforts,Advise senior management on organizational cybersecurity efforts,1,,,,0,null,"OG-WRL-001,OG-WRL-003,OG-WRL-007,OG-WRL-008,OG-WRL-014",2510,,
T,T1061,T1061 - Advise senior leadership and authorizing official of changes affecting the organization's...,Advise senior leadership and authorizing official of changes affecting the organization's cybersecurity posture,1,,,,0,null,OG-WRL-014,2511,,
T,T1062,T1062 - Contribute insider threat expertise to organizational cybersecurity awareness program,Contribute insider threat expertise to organizational cybersecurity awareness program,1,,,,0,null,PD-WRL-005,2512,,
T,T1063,T1063 - Determine data requirements,Determine data requirements,1,,,,0,null,IO-WRL-001,2513,,
T,T1064,T1064 - Determine data specifications,Determine data specifications,1,,,,0,null,"IO-WRL-001,IN-WRL-002",2514,,
T,T1065,T1065 - Determine data capacity requirements,Determine data capacity requirements,1,,,,0,null,"IO-WRL-002,IO-WRL-001,IN-WRL-002",2515,,
T,T1066,T1066 - Plan for anticipated changes in data capacity requirements,Plan for anticipated changes in data capacity requirements,1,,,,0,null,"IO-WRL-002,IO-WRL-001",2516,,
T,T1067,T1067 - Recommend development of new applications or modification of existing applications,Recommend development of new applications or modification of existing applications,1,,,,0,null,"DD-WRL-003,OG-WRL-011,OG-WRL-009,OG-WRL-016",2517,,
T,T1068,T1068 - Create development plans for new applications or modification of existing applications,Create development plans for new applications or modification of existing applications,1,,,,0,null,"DD-WRL-003,OG-WRL-011,OG-WRL-009,OG-WRL-016",2518,,
T,T1069,T1069 - Evaluate organizational cybersecurity policy regulatory compliance,Evaluate organizational cybersecurity policy regulatory compliance,1,,,,0,null,"DD-WRL-009,OG-WRL-006,PD-WRL-007",2519,,
T,T1070,T1070 - Evaluate organizational cybersecurity policy alignment with organizational directives,Evaluate organizational cybersecurity policy alignment with organizational directives,1,,,,0,null,"DD-WRL-009,OG-WRL-006,PD-WRL-007",2520,,
T,T1071,T1071 - Evaluate software design plan timelines and cost estimates,Evaluate software design plan timelines and cost estimates,1,,,,0,null,DD-WRL-003,2521,,
T,T1072,T1072 - Determine life cycle support requirements,Determine life cycle support requirements,1,,,,0,null,DD-WRL-004,2522,,
T,T1081,T1081 - Create product prototypes using working and theoretical models,Create product prototypes using working and theoretical models,1,,,,0,null,DD-WRL-004,2523,,
T,T1082,T1082 - Integrate software cybersecurity objectives into project plans and schedules,Integrate software cybersecurity objectives into project plans and schedules,1,,,,0,null,"DD-WRL-003,DD-WRL-005",2524,,
T,T1105,T1105 - Construct access paths to suites of information,Construct access paths to suites of information,1,,,,0,null,IO-WRL-003,2525,,
T,T1083,T1083 - Determine project security controls,Determine project security controls,1,,,,0,null,"DD-WRL-003,DD-WRL-005",2526,,
T,T1098,T1098 - Determine system performance requirements,Determine system performance requirements,1,,,,0,null,DD-WRL-003,2527,,
T,T1084,T1084 - Identify anomalous network activity,Identify anomalous network activity,1,,,,0,null,"DD-WRL-004,DD-WRL-008,OG-WRL-012,OG-WRL-008,PD-WRL-001,PD-WRL-003,PD-WRL-002,PD-WRL-005,PD-WRL-007",2528,,
T,T1109,T1109 - Resolve cyber defense incidents,Resolve cyber defense incidents,1,,,,0,null,PD-WRL-003,2529,,
T,T1085,T1085 - Identify potential threats to network resources,Identify potential threats to network resources,1,,,,0,null,"PD-WRL-001,PD-WRL-003,PD-WRL-005",2530,,
T,T1099,T1099 - Design application interfaces,Design application interfaces,1,,,,0,null,DD-WRL-003,2531,,
T,T1086,T1086 - Collect and maintain system cybersecurity report data,Collect and maintain system cybersecurity report data,1,,,,0,null,OG-WRL-014,2532,,
T,T1106,T1106 - Develop threat models,Develop threat models,1,,,,0,null,DD-WRL-005,2533,,
T,T1087,T1087 - Create system cybersecurity reports,Create system cybersecurity reports,1,,,,0,null,OG-WRL-014,2534,,
T,T1100,"T1100 - Configure network hubs, routers, and switches","Configure network hubs, routers, and switches",1,,,,0,null,"DD-WRL-001,DD-WRL-002,IO-WRL-004",2535,,
T,T1088,T1088 - Communicate the value of cybersecurity to organizational stakeholders,Communicate the value of cybersecurity to organizational stakeholders,1,,,,0,null,"OG-WRL-001,OG-WRL-003,OG-WRL-007,OG-WRL-014",2536,,
T,T1111,T1111 - Administer rule and signature updates for specialized cyber defense applications,Administer rule and signature updates for specialized cyber defense applications,1,,,,0,null,PD-WRL-004,2537,,
T,T1089,T1089 - Create program documentation during initial development and subsequent revision phases,Create program documentation during initial development and subsequent revision phases,1,,,,0,null,DD-WRL-003,2538,,
T,T1101,"T1101 - Optimize network hubs, routers, and switches","Optimize network hubs, routers, and switches",1,,,,0,null,"DD-WRL-001,DD-WRL-002,IO-WRL-004",2539,,
T,T1090,T1090 - Determine best methods for identifying the perpetrator(s) of a network intrusion,Determine best methods for identifying the perpetrator(s) of a network intrusion,1,,,,0,null,"IN-WRL-001,IN-WRL-002,PD-WRL-002",2540,,
T,T1107,T1107 - Evaluate functional requirements,Evaluate functional requirements,1,,,,0,null,"DD-WRL-006,OG-WRL-002,OG-WRL-003,OG-WRL-013",2541,,
T,T1091,T1091 - Perform authorized penetration testing on enterprise network assets,Perform authorized penetration testing on enterprise network assets,1,,,,0,null,PD-WRL-007,2542,,
T,T1102,T1102 - Identify intrusions,Identify intrusions,1,,,,0,null,"IN-WRL-002,PD-WRL-002",2543,,
T,T1092,T1092 - Conduct functional and connectivity testing,Conduct functional and connectivity testing,1,,,,0,null,"IO-WRL-005,OG-WRL-008",2544,,
T,T1110,T1110 - Coordinate technical support to enterprise-wide cybersecurity defense technicians,Coordinate technical support to enterprise-wide cybersecurity defense technicians,1,,,,0,null,PD-WRL-003,2545,,
T,T1093,T1093 - Conduct interactive training exercises,Conduct interactive training exercises,1,,,,0,null,OG-WRL-005,2546,,
T,T1103,T1103 - Analyze intrusions,Analyze intrusions,1,,,,0,null,"IN-WRL-002,PD-WRL-002",2547,,
T,T1094,T1094 - Conduct victim and witness interviews,Conduct victim and witness interviews,1,,,,0,null,IN-WRL-001,2548,,
T,T1421,T1421 - Develop proficiency assessments,Develop proficiency assessments,1,,,,0,null,OG-WRL-005,2871,,
T,T1108,T1108 - Evaluate interfaces between hardware and software,Evaluate interfaces between hardware and software,1,,,,0,null,"DD-WRL-003,DD-WRL-005",2549,,
T,T1095,T1095 - Conduct suspect interrogations,Conduct suspect interrogations,1,,,,0,null,IN-WRL-001,2550,,
T,T1104,T1104 - Document what is known about intrusions,Document what is known about intrusions,1,,,,0,null,"IN-WRL-002,PD-WRL-002",2551,,
T,T1096,T1096 - Perform privacy impact assessments (PIAs),Perform privacy impact assessments (PIAs),1,,,,0,null,"DD-WRL-001,DD-WRL-002,DD-WRL-004,OG-WRL-008",2552,,
T,T1113,T1113 - Develop the enterprise continuity of operations strategy,Develop the enterprise continuity of operations strategy,1,,,,0,null,"OG-WRL-001,OG-WRL-003,OG-WRL-014",2553,,
T,T1097,T1097 - Determine functional requirements and specifications,Determine functional requirements and specifications,1,,,,0,null,DD-WRL-006,2554,,
T,T1112,T1112 - Validate network alerts,Validate network alerts,1,,,,0,null,PD-WRL-001,2555,,
T,T1114,T1114 - Establish the enterprise continuity of operations program,Establish the enterprise continuity of operations program,1,,,,0,null,"OG-WRL-001,OG-WRL-003,OG-WRL-014",2556,,
T,T1115,T1115 - Oversee the development of design solutions,Oversee the development of design solutions,1,,,,0,null,DD-WRL-006,2557,,
T,T1116,T1116 - Correct program errors,Correct program errors,1,,,,0,null,DD-WRL-003,2558,,
T,T1132,T1132 - Design system data backup capabilities,Design system data backup capabilities,1,,,,0,null,DD-WRL-004,2559,,
T,T1117,T1117 - Determine if desired program results are produced,Determine if desired program results are produced,1,,,,0,null,DD-WRL-003,2560,,
T,T1139,T1139 - Develop systems design procedures and processes,Develop systems design procedures and processes,1,,,,0,null,DD-WRL-006,2561,,
T,T1118,T1118 - Identify vulnerabilities,Identify vulnerabilities,1,,,,0,null,"DD-WRL-004,DD-WRL-008,OG-WRL-012,OG-WRL-008,PD-WRL-003,PD-WRL-002,PD-WRL-007",2562,,
T,T1133,T1133 - Develop technical and procedural processes for integrity of stored backup data,Develop technical and procedural processes for integrity of stored backup data,1,,,,0,null,DD-WRL-004,2563,,
T,T1119,T1119 - Recommend vulnerability remediation strategies,Recommend vulnerability remediation strategies,1,,,,0,null,"DD-WRL-004,DD-WRL-008,OG-WRL-012,OG-WRL-008,PD-WRL-001,PD-WRL-003,PD-WRL-002,PD-WRL-007",2564,,
T,T1142,"T1142 - Validate data mining and data warehousing programs, processes, and requirements","Validate data mining and data warehousing programs, processes, and requirements",1,,,,0,null,DD-WRL-008,2565,,
T,T1120,T1120 - Create forensically sound duplicates of evidence,Create forensically sound duplicates of evidence,1,,,,0,null,"IN-WRL-002,PD-WRL-002",2566,,
T,T1134,T1134 - Develop technical and procedural processes for backup data storage,Develop technical and procedural processes for backup data storage,1,,,,0,null,DD-WRL-004,2567,,
T,T1121,T1121 - Decrypt seized data,Decrypt seized data,1,,,,0,null,"IN-WRL-002,PD-WRL-002",2568,,
T,T1140,T1140 - Develop systems administration standard operating procedures,Develop systems administration standard operating procedures,1,,,,0,null,IO-WRL-005,2569,,
T,T1122,T1122 - Determine essential system capabilities and business functions,Determine essential system capabilities and business functions,1,,,,0,null,"DD-WRL-001,DD-WRL-002,DD-WRL-004",2570,,
T,T1135,T1135 - Design and develop software systems,Design and develop software systems,1,,,,0,null,DD-WRL-003,2571,,
T,T1123,T1123 - Prioritize essential system capabilities and business functions,Prioritize essential system capabilities and business functions,1,,,,0,null,"DD-WRL-001,DD-WRL-002,DD-WRL-004",2572,,
T,T1144,T1144 - Implement network backup and recovery procedures,Implement network backup and recovery procedures,1,,,,0,null,IO-WRL-004,2573,,
T,T1124,T1124 - Restore essential system capabilities and business functions after catastrophic failure ...,Restore essential system capabilities and business functions after catastrophic failure events,1,,,,0,null,"DD-WRL-001,DD-WRL-002,DD-WRL-009,DD-WRL-004",2574,,
T,T1136,T1136 - Determine level of assurance of developed capabilities,Determine level of assurance of developed capabilities,1,,,,0,null,DD-WRL-007,2575,,
T,T1125,T1125 - Define system availability levels,Define system availability levels,1,,,,0,null,"DD-WRL-001,DD-WRL-002",2576,,
T,T1141,T1141 - Document systems administration standard operating procedures,Document systems administration standard operating procedures,1,,,,0,null,IO-WRL-005,2577,,
T,T1126,T1126 - Determine disaster recovery and continuity of operations system requirements,Determine disaster recovery and continuity of operations system requirements,1,,,,0,null,"DD-WRL-001,DD-WRL-002",2578,,
T,T1137,T1137 - Investigate suspicious activity and alleged digital crimes,Investigate suspicious activity and alleged digital crimes,1,,,,0,null,IN-WRL-001,2579,,
T,T1127,T1127 - Define project scope and objectives,Define project scope and objectives,1,,,,0,null,DD-WRL-006,2580,,
T,T1145,T1145 - Develop strategic plans,Develop strategic plans,1,,,,0,null,"OG-WRL-010,OG-WRL-007,OG-WRL-008",2581,,
T,T1128,T1128 - Design cybersecurity or cybersecurity-enabled products,Design cybersecurity or cybersecurity-enabled products,1,,,,0,null,DD-WRL-004,2582,,
T,T1422,T1422 - Develop software documentation,Develop software documentation,1,,,,0,null,"DD-WRL-003,DD-WRL-005",2872,,
T,T1138,T1138 - Create system testing and validation procedures and documentation,Create system testing and validation procedures and documentation,1,,,,0,null,"DD-WRL-004,DD-WRL-007",2583,,
T,T1129,T1129 - Develop cybersecurity or cybersecurity-enabled products,Develop cybersecurity or cybersecurity-enabled products,1,,,,0,null,DD-WRL-004,2584,,
T,T1143,T1143 - Develop network backup and recovery procedures,Develop network backup and recovery procedures,1,,,,0,null,IO-WRL-004,2585,,
T,T1130,T1130 - Develop group policies and access control lists,Develop group policies and access control lists,1,,,,0,null,IO-WRL-005,2586,,
T,T1146,T1146 - Maintain strategic plans,Maintain strategic plans,1,,,,0,null,"OG-WRL-010,OG-WRL-007,OG-WRL-008",2587,,
T,T1131,"T1131 - Determine if hardware, operating systems, and software applications adequately address ...","Determine if hardware, operating systems, and software applications adequately address cybersecurity requirements",1,,,,0,null,DD-WRL-004,2588,,
T,T1148,T1148 - Develop systems security design documentation,Develop systems security design documentation,1,,,,0,null,DD-WRL-004,2589,,
T,T1149,T1149 - Develop disaster recovery and continuity of operations plans for systems under development,Develop disaster recovery and continuity of operations plans for systems under development,1,,,,0,null,DD-WRL-004,2590,,
T,T1173,T1173 - Determine that the application of security patches for commercial products meets timeline...,Determine that the application of security patches for commercial products meets timeline requirements,1,,,,0,null,IO-WRL-006,2591,,
T,T1150,T1150 - Test disaster recovery and continuity of operations plans for systems prior to deployment,Test disaster recovery and continuity of operations plans for systems prior to deployment,1,,,,0,null,DD-WRL-004,2592,,
T,T1165,"T1165 - Develop risk, compliance, and assurance specifications","Develop risk, compliance, and assurance specifications",1,,,,0,null,,2593,,
T,T1151,T1151 - Develop cybersecurity designs for systems and networks with multilevel security requirements,Develop cybersecurity designs for systems and networks with multilevel security requirements,1,,,,0,null,DD-WRL-001,2594,,
T,T1177,T1177 - Determine if security control technologies reduce identified risk to acceptable levels,Determine if security control technologies reduce identified risk to acceptable levels,1,,,,0,null,"IO-WRL-006,PD-WRL-001",2595,,
T,T1152,T1152 - Develop cybersecurity designs for systems and networks that require processing of ...,Develop cybersecurity designs for systems and networks that require processing of multiple data classification levels,1,,,,0,null,DD-WRL-001,2596,,
T,T1166,"T1166 - Document security, resilience, and dependability requirements","Document security, resilience, and dependability requirements",1,,,,0,null,,2597,,
T,T1153,T1153 - Integrate cybersecurity designs for systems and networks,Integrate cybersecurity designs for systems and networks,1,,,,0,null,DD-WRL-001,2598,,
T,T1174,T1174 - Document commercial product timeline requirements dictated by the management authority ...,Document commercial product timeline requirements dictated by the management authority for intended operational environments,1,,,,0,null,IO-WRL-006,2599,,
T,T1154,"T1154 - Develop risk, compliance, and assurance monitoring strategies","Develop risk, compliance, and assurance monitoring strategies",1,,,,0,null,"OG-WRL-010,OG-WRL-011,OG-WRL-009,OG-WRL-016",2600,,
T,T1168,T1168 - Define acquisition life cycle cybersecurity architecture requirements,Define acquisition life cycle cybersecurity architecture requirements,1,,,,0,null,DD-WRL-001,2601,,
T,T1155,"T1155 - Develop risk, compliance, and assurance measurement strategies","Develop risk, compliance, and assurance measurement strategies",1,,,,0,null,"OG-WRL-010,OG-WRL-011,OG-WRL-009,OG-WRL-016",2602,,
T,T1178,"T1178 - Determine if security improvement actions are evaluated, validated, and implemented as ...","Determine if security improvement actions are evaluated, validated, and implemented as required",1,,,,0,null,"OG-WRL-001,OG-WRL-014",2603,,
T,T1156,T1156 - Develop awareness and training materials,Develop awareness and training materials,1,,,,0,null,OG-WRL-005,2604,,
T,T1169,T1169 - Define acquisition life cycle systems security engineering requirements,Define acquisition life cycle systems security engineering requirements,1,,,,0,null,DD-WRL-001,2605,,
T,T1157,T1157 - Identify pertinent awareness and training materials,Identify pertinent awareness and training materials,1,,,,0,null,OG-WRL-005,2606,,
T,T1175,T1175 - Determine if digital media chain or custody processes meet Federal Rules of Evidence ...,Determine if digital media chain or custody processes meet Federal Rules of Evidence requirements,1,,,,0,null,"IN-WRL-002,PD-WRL-002",2607,,
T,T1158,T1158 - Develop cybersecurity implementation policies and guidelines,Develop cybersecurity implementation policies and guidelines,1,,,,0,null,"OG-WRL-002,OG-WRL-003",2608,,
T,T1170,T1170 - Document preliminary or residual security risks for system operation,Document preliminary or residual security risks for system operation,1,,,,0,null,,2609,,
T,T1159,T1159 - Create technical summary of findings reports,Create technical summary of findings reports,1,,,,0,null,"IN-WRL-002,PD-WRL-002",2610,,
T,T1176,T1176 - Determine if cybersecurity-enabled products reduce identified risk to acceptable levels,Determine if cybersecurity-enabled products reduce identified risk to acceptable levels,1,,,,0,null,"IO-WRL-006,PD-WRL-001",2611,,
K,K1119,K1119 - Knowledge of component and interface specifications,Knowledge of component and interface specifications,1,,,,0,null,DD-WRL-004,4328,,
T,T1172,T1172 - Determine if systems security operations and maintenance activities are property ...,Determine if systems security operations and maintenance activities are property documented and updated,1,,,,0,null,IO-WRL-006,2613,,
T,T1187,T1187 - Establish internal and external cross-team relationships,Establish internal and external cross-team relationships,1,,,,0,null,"DD-WRL-009,IN-WRL-001",2634,,
T,T1161,T1161 - Resolve system vulnerabilities,Resolve system vulnerabilities,1,,,,0,null,DD-WRL-004,2614,,
T,T1184,T1184 - Establish stakeholder communication channels,Establish stakeholder communication channels,1,,,,0,null,"OG-WRL-002,OG-WRL-003",2628,,
T,T1162,T1162 - Recommend security changes to systems and system components,Recommend security changes to systems and system components,1,,,,0,null,"DD-WRL-004,PD-WRL-005",2615,,
T,T1189,"T1189 - Determine if contracts comply with funding, legal, and program requirements","Determine if contracts comply with funding, legal, and program requirements",1,,,,0,null,"OG-WRL-006,OG-WRL-008",2638,,
T,T1163,T1163 - Develop cybersecurity countermeasures for systems and applications,Develop cybersecurity countermeasures for systems and applications,1,,,,0,null,"DD-WRL-009,DD-WRL-004",2616,,
T,T1197,T1197 - Identify common coding flaws,Identify common coding flaws,1,,,,0,null,"DD-WRL-003,DD-WRL-005",2629,,
T,T1164,T1164 - Develop risk mitigation strategies for systems and applications,Develop risk mitigation strategies for systems and applications,1,,,,0,null,"DD-WRL-009,DD-WRL-004",2617,,
T,T1203,T1203 - Implement software development cybersecurity methodologies within centralized and ...,Implement software development cybersecurity methodologies within centralized and decentralized environments across the enterprise,1,,,,0,null,"DD-WRL-003,DD-WRL-005",2635,,
T,T1179,T1179 - Determine if systems and architecture are consistent with cybersecurity architecture ...,Determine if systems and architecture are consistent with cybersecurity architecture guidelines,1,,,,0,null,"DD-WRL-001,DD-WRL-002",2618,,
T,T1185,T1185 - Maintain stakeholder communication channels,Maintain stakeholder communication channels,1,,,,0,null,"DD-WRL-009,OG-WRL-002,OG-WRL-003",2630,,
T,T1201,T1201 - Determine implications of new and upgraded technologies to the cybersecurity program,Determine implications of new and upgraded technologies to the cybersecurity program,1,,,,0,null,OG-WRL-014,2619,,
T,T1204,T1204 - Determine cybersecurity measures for steady state operation and management of software,Determine cybersecurity measures for steady state operation and management of software,1,,,,0,null,"DD-WRL-003,DD-WRL-005",2639,,
T,T1180,"T1180 - Determine if cybersecurity inspections, tests, and reviews are coordinated for the ...","Determine if cybersecurity inspections, tests, and reviews are coordinated for the network environment",1,,,,0,null,OG-WRL-014,2620,,
T,T1206,T1206 - Recommend cybersecurity or cybersecurity-enabled products for use within a system,Recommend cybersecurity or cybersecurity-enabled products for use within a system,1,,,,0,null,DD-WRL-004,2631,,
T,T1195,T1195 - Direct the remediation of technical problems encountered during system testing and ...,Direct the remediation of technical problems encountered during system testing and implementation,1,,,,0,null,DD-WRL-004,2621,,
T,T1188,T1188 - Determine if baseline security safeguards are appropriately installed,Determine if baseline security safeguards are appropriately installed,1,,,,0,null,OG-WRL-014,2636,,
T,T1181,T1181 - Determine if cybersecurity requirements are integrated into continuity planning,Determine if cybersecurity requirements are integrated into continuity planning,1,,,,0,null,OG-WRL-014,2622,,
T,T1186,T1186 - Establish enterprise information security architecture,Establish enterprise information security architecture,1,,,,0,null,"OG-WRL-001,OG-WRL-014",2632,,
T,T1205,T1205 - Incorporate product end-of-life cybersecurity measures,Incorporate product end-of-life cybersecurity measures,1,,,,0,null,"DD-WRL-003,DD-WRL-005",2623,,
T,T1199,T1199 - Identify digital evidence for analysis,Identify digital evidence for analysis,1,,,,0,null,"IN-WRL-001,IN-WRL-002,PD-WRL-002",2637,,
T,T1182,T1182 - Determine if security engineering is used when acquiring or developing protection and ...,Determine if security engineering is used when acquiring or developing protection and detection capabilities,1,,,,0,null,OG-WRL-014,2624,,
T,T1198,T1198 - Identify data or intelligence of evidentiary value,Identify data or intelligence of evidentiary value,1,,,,0,null,IN-WRL-001,2633,,
T,T1196,T1196 - Determine if security incidents are indicative of a violation of law that requires ...,Determine if security incidents are indicative of a violation of law that requires specific legal action,1,,,,0,null,IN-WRL-001,2625,,
T,T1190,T1190 - Determine hardware configuration,Determine hardware configuration,1,,,,0,null,"DD-WRL-003,DD-WRL-005",2640,,
T,T1183,T1183 - Determine if protection and detection capabilities are consistent with organization-level...,Determine if protection and detection capabilities are consistent with organization-level cybersecurity architecture,1,,,,0,null,OG-WRL-014,2626,,
T,T1202,T1202 - Determine software development security implications within centralized and decentralized...,Determine software development security implications within centralized and decentralized environments across the enterprise,1,,,,0,null,"DD-WRL-003,DD-WRL-005",2627,,
T,T1200,T1200 - Identify elements of proof of cybersecurity crimes,Identify elements of proof of cybersecurity crimes,1,,,,0,null,IN-WRL-001,2641,,
T,T1221,T1221 - Disseminate incident and other Computer Network Defense (CND) information,Disseminate incident and other Computer Network Defense (CND) information,1,,,,0,null,"OG-WRL-007,OG-WRL-014",2657,,
T,T1191,T1191 - Determine relevance of recovered data,Determine relevance of recovered data,1,,,,0,null,"IN-WRL-001,IN-WRL-002,PD-WRL-002",2642,,
T,T1232,T1232 - Approve accreditation packages,Approve accreditation packages,1,,,,0,null,"OG-WRL-012,OG-WRL-013",2668,,
T,T1307,T1307 - Develop cybersecurity policy recommendations,Develop cybersecurity policy recommendations,1,,,,0,null,"OG-WRL-007,OG-WRL-014",2643,,
T,T1222,T1222 - Determine security requirements for new information technologies,Determine security requirements for new information technologies,1,,,,0,null,"DD-WRL-005,IO-WRL-003,OG-WRL-014",2658,,
T,T1192,T1192 - Conduct analysis of computer network attacks,Conduct analysis of computer network attacks,1,,,,0,null,IN-WRL-001,2644,,
T,T1228,T1228 - Maintain baseline system security,Maintain baseline system security,1,,,,0,null,IO-WRL-005,2664,,
T,T1193,T1193 - Allocate security functions to components and elements,Allocate security functions to components and elements,1,,,,0,null,DD-WRL-004,2645,,
T,T1223,T1223 - Determine security requirements for new operational technologies,Determine security requirements for new operational technologies,1,,,,0,null,"DD-WRL-005,IO-WRL-003,OG-WRL-014",2659,,
T,T1194,T1194 - Remediate technical problems encountered during system testing and implementation,Remediate technical problems encountered during system testing and implementation,1,,,,0,null,DD-WRL-004,2646,,
T,T1231,"T1231 - Maintain information exchanges through publish, subscribe, and alert functions","Maintain information exchanges through publish, subscribe, and alert functions",1,,,,0,null,IO-WRL-002,2667,,
T,T1207,"T1207 - Collect documentary or physical evidence of cyber intrusion incidents, investigations, ...","Collect documentary or physical evidence of cyber intrusion incidents, investigations, and operations",1,,,,0,null,"IN-WRL-001,IN-WRL-002",2647,,
T,T1224,T1224 - Determine impact of noncompliance on organizational risk levels,Determine impact of noncompliance on organizational risk levels,1,,,,0,null,"OG-WRL-008,OG-WRL-014",2660,,
T,T1208,T1208 - Implement new system design procedures,Implement new system design procedures,1,,,,0,null,"DD-WRL-007,IO-WRL-004",2648,,
T,T1229,T1229 - Maintain deployable cyber defense audit toolkits,Maintain deployable cyber defense audit toolkits,1,,,,0,null,PD-WRL-007,2665,,
T,T1209,T1209 - Implement new system test procedures,Implement new system test procedures,1,,,,0,null,"DD-WRL-007,IO-WRL-004",2649,,
T,T1225,T1225 - Determine impact of noncompliance on effectiveness of the enterprise's cybersecurity program,Determine impact of noncompliance on effectiveness of the enterprise's cybersecurity program,1,,,,0,null,"OG-WRL-008,OG-WRL-014",2661,,
T,T1210,T1210 - Implement new system quality standards,Implement new system quality standards,1,,,,0,null,"DD-WRL-007,IO-WRL-004",2650,,
T,T1233,T1233 - Monitor cybersecurity data sources,Monitor cybersecurity data sources,1,,,,0,null,OG-WRL-014,2669,,
T,T1212,T1212 - Implement cybersecurity countermeasures for systems and applications,Implement cybersecurity countermeasures for systems and applications,1,,,,0,null,IO-WRL-006,2651,,
T,T1226,T1226 - Align cybersecurity priorities with organizational security strategy,Align cybersecurity priorities with organizational security strategy,1,,,,0,null,"OG-WRL-007,OG-WRL-014",2662,,
T,T1214,T1214 - Install network infrastructure device operating system software,Install network infrastructure device operating system software,1,,,,0,null,"DD-WRL-007,IO-WRL-007,IO-WRL-004",2652,,
T,T1234,T1234 - Develop Computer Network Defense (CND) guidance for organizational stakeholders,Develop Computer Network Defense (CND) guidance for organizational stakeholders,1,,,,0,null,"OG-WRL-007,OG-WRL-014",2670,,
T,T1215,T1215 - Maintain network infrastructure device operating system software,Maintain network infrastructure device operating system software,1,,,,0,null,"DD-WRL-007,IO-WRL-007,IO-WRL-004",2653,,
T,T1227,"T1227 - Manage cybersecurity budget, staffing, and contracting","Manage cybersecurity budget, staffing, and contracting",1,,,,0,null,"OG-WRL-010,OG-WRL-011,OG-WRL-015,OG-WRL-003,OG-WRL-007,OG-WRL-009,OG-WRL-014,PD-WRL-005",2663,,
T,T1217,T1217 - Determine if system analysis meets cybersecurity requirements,Determine if system analysis meets cybersecurity requirements,1,,,,0,null,DD-WRL-006,2654,,
T,T1230,T1230 - Maintain directory replication services,Maintain directory replication services,1,,,,0,null,IO-WRL-002,2666,,
T,T1218,T1218 - Integrate automated capabilities for updating or patching system software,Integrate automated capabilities for updating or patching system software,1,,,,0,null,IO-WRL-006,2655,,
T,T1235,T1235 - Manage threat and target analysis,Manage threat and target analysis,1,,,,0,null,OG-WRL-014,2671,,
T,T1219,T1219 - Develop processes and procedures for manual updating and patching of system software,Develop processes and procedures for manual updating and patching of system software,1,,,,0,null,IO-WRL-006,2656,,
T,T1236,T1236 - Manage the production of threat information,Manage the production of threat information,1,,,,0,null,OG-WRL-014,2672,,
T,T1252,"T1252 - Determine the scope, urgency, and impact of cyber defense incidents","Determine the scope, urgency, and impact of cyber defense incidents",1,,,,0,null,PD-WRL-003,2688,,
T,T1237,"T1237 - Determine if systems comply with security, resilience, and dependability requirements","Determine if systems comply with security, resilience, and dependability requirements",1,,,,0,null,,2673,,
T,T1263,T1263 - Perform security reviews,Perform security reviews,1,,,,0,null,"DD-WRL-001,IO-WRL-006,OG-WRL-012",2699,,
T,T1238,T1238 - Determine the effectiveness of enterprise cybersecurity safeguards,Determine the effectiveness of enterprise cybersecurity safeguards,1,,,,0,null,"OG-WRL-007,OG-WRL-014",2674,,
T,T1253,T1253 - Perform dynamic analysis on drives,Perform dynamic analysis on drives,1,,,,0,null,"IN-WRL-002,PD-WRL-002",2689,,
T,T1239,T1239 - Monitor the usage of knowledge management assets and resources,Monitor the usage of knowledge management assets and resources,1,,,,0,null,IO-WRL-003,2675,,
T,T1260,T1260 - Perform real-time cyber defense incident handling,Perform real-time cyber defense incident handling,1,,,,0,null,"PD-WRL-003,PD-WRL-002",2696,,
T,T1240,T1240 - Create knowledge management assets and resources usage reports,Create knowledge management assets and resources usage reports,1,,,,0,null,IO-WRL-003,2676,,
T,T1254,T1254 - Determine the effectiveness of an observed attack,Determine the effectiveness of an observed attack,1,,,,0,null,PD-WRL-001,2690,,
T,T1241,T1241 - Document cybersecurity incidents,Document cybersecurity incidents,1,,,,0,null,"IN-WRL-001,PD-WRL-001",2677,,
T,T1265,T1265 - Develop a cybersecurity risk management plan,Develop a cybersecurity risk management plan,1,,,,0,null,"DD-WRL-001,IO-WRL-006,OG-WRL-012",2701,,
T,T1242,T1242 - Escalate incidents that may cause ongoing and immediate impact to the environment,Escalate incidents that may cause ongoing and immediate impact to the environment,1,,,,0,null,"IN-WRL-001,PD-WRL-001",2678,,
T,T1255,T1255 - Perform cybersecurity testing of developed applications and systems,Perform cybersecurity testing of developed applications and systems,1,,,,0,null,"DD-WRL-007,IO-WRL-006",2691,,
T,T1243,T1243 - Oversee configuration management,Oversee configuration management,1,,,,0,null,"DD-WRL-009,DD-WRL-006",2679,,
T,T1261,T1261 - Mitigate programming vulnerabilities,Mitigate programming vulnerabilities,1,,,,0,null,DD-WRL-003,2697,,
T,T1244,T1244 - Develop configuration management recommendations,Develop configuration management recommendations,1,,,,0,null,"DD-WRL-009,DD-WRL-006",2680,,
T,T1256,T1256 - Perform forensically sound image collection,Perform forensically sound image collection,1,,,,0,null,"IN-WRL-002,PD-WRL-003",2692,,
T,T1245,T1245 - Oversee the cybersecurity training and awareness program,Oversee the cybersecurity training and awareness program,1,,,,0,null,OG-WRL-014,2681,,
T,T1264,T1264 - Identify gaps in security architecture,Identify gaps in security architecture,1,,,,0,null,"DD-WRL-001,IO-WRL-006,OG-WRL-012",2700,,
T,T1246,T1246 - Establish Security Assessment and Authorization processes,Establish Security Assessment and Authorization processes,1,,,,0,null,OG-WRL-014,2682,,
T,T1257,T1257 - Recommend mitigation and remediation strategies for enterprise systems,Recommend mitigation and remediation strategies for enterprise systems,1,,,,0,null,PD-WRL-003,2693,,
T,T1247,T1247 - Develop computer environment cybersecurity plans and requirements,Develop computer environment cybersecurity plans and requirements,1,,,,0,null,OG-WRL-014,2683,,
T,T1262,T1262 - Identify programming code flaws,Identify programming code flaws,1,,,,0,null,DD-WRL-003,2698,,
T,T1248,T1248 - Patch network vulnerabilities,Patch network vulnerabilities,1,,,,0,null,IO-WRL-004,2684,,
T,T1258,T1258 - Perform integrated quality assurance testing,Perform integrated quality assurance testing,1,,,,0,null,"DD-WRL-003,DD-WRL-005",2694,,
T,T1249,T1249 - Perform backup and recovery of databases,Perform backup and recovery of databases,1,,,,0,null,IO-WRL-002,2685,,
T,T1266,T1266 - Recommend risk mitigation strategies,Recommend risk mitigation strategies,1,,,,0,null,"OG-WRL-012,PD-WRL-001,PD-WRL-005",2702,,
T,T1250,T1250 - Perform cyber defense incident triage,Perform cyber defense incident triage,1,,,,0,null,PD-WRL-003,2686,,
T,T1259,T1259 - Identify opportunities for new and improved business process solutions,Identify opportunities for new and improved business process solutions,1,,,,0,null,"DD-WRL-006,OG-WRL-010,OG-WRL-011,OG-WRL-009",2695,,
T,T1251,T1251 - Recommend incident remediation strategies,Recommend incident remediation strategies,1,,,,0,null,PD-WRL-003,2687,,
T,T1267,T1267 - Perform system administration on specialized cyber defense applications and systems,Perform system administration on specialized cyber defense applications and systems,1,,,,0,null,PD-WRL-004,2703,,
T,T1268,T1268 - Administer Virtual Private Network (VPN) devices,Administer Virtual Private Network (VPN) devices,1,,,,0,null,PD-WRL-004,2704,,
K,K1173,K1173 - Knowledge of multilevel security requirements,Knowledge of multilevel security requirements,1,,,,0,null,DD-WRL-001,4376,,
T,T1269,T1269 - Conduct risk analysis of applications and systems undergoing major changes,Conduct risk analysis of applications and systems undergoing major changes,1,,,,0,null,"DD-WRL-003,DD-WRL-004,DD-WRL-005,OG-WRL-012",2705,,
T,T1294,T1294 - Advise on Risk Management Framework process activities and documentation,Advise on Risk Management Framework process activities and documentation,1,,,,0,null,"DD-WRL-001,DD-WRL-002,DD-WRL-004,IO-WRL-006,OG-WRL-012",2731,,
T,T1270,T1270 - Plan security authorization reviews for system and network installations,Plan security authorization reviews for system and network installations,1,,,,0,null,OG-WRL-012,2706,,
T,T1285,T1285 - Distribute standard operating procedures,Distribute standard operating procedures,1,,,,0,null,OG-WRL-014,2722,,
T,T1271,T1271 - Conduct security authorization reviews for system and network installations,Conduct security authorization reviews for system and network installations,1,,,,0,null,OG-WRL-012,2707,,
T,T1292,T1292 - Develop guidelines for implementing developed systems for customers and installation teams,Develop guidelines for implementing developed systems for customers and installation teams,1,,,,0,null,DD-WRL-004,2729,,
T,T1272,T1272 - Develop security assurance cases for system and network installations,Develop security assurance cases for system and network installations,1,,,,0,null,OG-WRL-012,2708,,
T,T1286,T1286 - Maintain standard operating procedures,Maintain standard operating procedures,1,,,,0,null,OG-WRL-014,2723,,
T,T1273,T1273 - Plan knowledge management projects,Plan knowledge management projects,1,,,,0,null,IO-WRL-003,2709,,
T,T1296,T1296 - Recommend data structures for use in the production of reports,Recommend data structures for use in the production of reports,1,,,,0,null,IO-WRL-003,2733,,
T,T1274,T1274 - Deliver knowledge management projects,Deliver knowledge management projects,1,,,,0,null,IO-WRL-003,2710,,
T,T1287,T1287 - Document systems security activities,Document systems security activities,1,,,,0,null,IO-WRL-006,2724,,
T,T1308,T1308 - Coordinate cybersecurity policy review and approval processes,Coordinate cybersecurity policy review and approval processes,1,,,,0,null,"OG-WRL-007,OG-WRL-014",2711,,
T,T1293,T1293 - Advise on security requirements to be included in statements of work,Advise on security requirements to be included in statements of work,1,,,,0,null,"DD-WRL-001,OG-WRL-014",2730,,
T,T1275,T1275 - Determine the effectiveness of data redundancy and system recovery procedures,Determine the effectiveness of data redundancy and system recovery procedures,1,,,,0,null,IO-WRL-005,2712,,
T,T1288,"T1288 - Prepare technical evaluations of software applications, systems, and networks","Prepare technical evaluations of software applications, systems, and networks",1,,,,0,null,,2725,,
T,T1276,T1276 - Develop data redundancy and system recovery procedures,Develop data redundancy and system recovery procedures,1,,,,0,null,IO-WRL-005,2713,,
T,T1297,T1297 - Recommend new database technologies and architectures,Recommend new database technologies and architectures,1,,,,0,null,"IO-WRL-002,IO-WRL-001",2734,,
T,T1277,T1277 - Execute data redundancy and system recovery procedures,Execute data redundancy and system recovery procedures,1,,,,0,null,IO-WRL-005,2714,,
T,T1289,"T1289 - Document software application, system, and network security postures, capabilities, and ...","Document software application, system, and network security postures, capabilities, and vulnerabilities",1,,,,0,null,,2726,,
T,T1278,T1278 - Recommend system modifications,Recommend system modifications,1,,,,0,null,"IO-WRL-006,PD-WRL-001",2715,,
T,T1295,T1295 - Provide cybersecurity awareness and training,Provide cybersecurity awareness and training,1,,,,0,null,OG-WRL-014,2732,,
T,T1279,T1279 - Prepare audit reports,Prepare audit reports,1,,,,0,null,"OG-WRL-008,PD-WRL-007",2716,,
T,T1290,T1290 - Communicate daily network event and activity reports,Communicate daily network event and activity reports,1,,,,0,null,PD-WRL-001,2727,,
T,T1280,T1280 - Develop workflow charts and diagrams,Develop workflow charts and diagrams,1,,,,0,null,DD-WRL-003,2717,,
T,T1298,T1298 - Communicate situational awareness information to leadership,Communicate situational awareness information to leadership,1,,,,0,null,OG-WRL-014,2735,,
T,T1281,T1281 - Convert workflow charts and diagrams into coded computer language instructions,Convert workflow charts and diagrams into coded computer language instructions,1,,,,0,null,DD-WRL-003,2718,,
T,T1291,T1291 - Advise stakeholders on the development of continuity of operations plans,Advise stakeholders on the development of continuity of operations plans,1,,,,0,null,"OG-WRL-010,OG-WRL-011,OG-WRL-009,OG-WRL-014",2728,,
T,T1282,T1282 - Prepare digital media for imaging,Prepare digital media for imaging,1,,,,0,null,"IN-WRL-002,PD-WRL-002",2719,,
T,T1283,T1283 - Develop cybersecurity use cases,Develop cybersecurity use cases,1,,,,0,null,DD-WRL-006,2720,,
T,T1284,T1284 - Develop standard operating procedures for secure network system operations,Develop standard operating procedures for secure network system operations,1,,,,0,null,OG-WRL-014,2721,,
T,T1299,T1299 - Determine causes of network alerts,Determine causes of network alerts,1,,,,0,null,"PD-WRL-001,PD-WRL-003",2736,,
T,T1313,"T1313 - Test network infrastructure, including software and hardware devices","Test network infrastructure, including software and hardware devices",1,,,,0,null,IO-WRL-004,2752,,
T,T1300,T1300 - Report cybersecurity incidents,Report cybersecurity incidents,1,,,,0,null,"OG-WRL-001,OG-WRL-014",2737,,
T,T1329,"T1329 - Document software, network, and system deviations from implemented security postures","Document software, network, and system deviations from implemented security postures",1,,,,0,null,OG-WRL-012,2761,,
T,T1301,T1301 - Report forensic artifacts indicative of a particular operating system,Report forensic artifacts indicative of a particular operating system,1,,,,0,null,"IN-WRL-002,PD-WRL-002",2738,,
T,T1327,T1327 - Update security documentation to reflect current application and system security design ...,Update security documentation to reflect current application and system security design features,1,,,,0,null,"IO-WRL-006,OG-WRL-012",2753,,
T,T1302,T1302 - Address security implications in the software acceptance phase,Address security implications in the software acceptance phase,1,,,,0,null,"DD-WRL-003,DD-WRL-005",2739,,
T,T1333,T1333 - Communicate incident findings to appropriate constituencies,Communicate incident findings to appropriate constituencies,1,,,,0,null,PD-WRL-003,2759,,
T,T1303,"T1303 - Recommend new or revised security, resilience, and dependability measures","Recommend new or revised security, resilience, and dependability measures",1,,,,0,null,,2740,,
T,T1314,"T1314 - Maintain network infrastructure, including software and hardware devices","Maintain network infrastructure, including software and hardware devices",1,,,,0,null,IO-WRL-004,2754,,
T,T1304,T1304 - Recommend organizational cybersecurity resource allocations,Recommend organizational cybersecurity resource allocations,1,,,,0,null,OG-WRL-014,2741,,
T,T1337,T1337 - Identify system and network capabilities,Identify system and network capabilities,1,,,,0,null,"DD-WRL-008,OG-WRL-004",2763,,
T,T1305,T1305 - Determine if authorization and assurance documents identify an acceptable level of risk ...,"Determine if authorization and assurance documents identify an acceptable level of risk for software applications, systems, and networks",1,,,,0,null,"OG-WRL-012,OG-WRL-013",2742,,
T,T1335,T1335 - Promote cybersecurity awareness to management,Promote cybersecurity awareness to management,1,,,,0,null,"OG-WRL-004,OG-WRL-002,OG-WRL-003,OG-WRL-007,OG-WRL-008,OG-WRL-014",2755,,
T,T1306,T1306 - Conduct technology program and project audits,Conduct technology program and project audits,1,,,,0,null,"OG-WRL-010,OG-WRL-011,OG-WRL-015,OG-WRL-002,OG-WRL-003,OG-WRL-009,OG-WRL-016",2743,,
T,T1317,T1317 - Determine if appropriate threat mitigation actions have been taken,Determine if appropriate threat mitigation actions have been taken,1,,,,0,null,OG-WRL-014,2760,,
T,T1309,T1309 - Analyze system capabilities and requirements,Analyze system capabilities and requirements,1,,,,0,null,"DD-WRL-003,DD-WRL-004,DD-WRL-005",2744,,
T,T1315,T1315 - Track cyber defense incidents from initial detection through final resolution,Track cyber defense incidents from initial detection through final resolution,1,,,,0,null,PD-WRL-003,2756,,
T,T1325,T1325 - Document digital evidence,Document digital evidence,1,,,,0,null,"IN-WRL-001,IN-WRL-002,PD-WRL-002,PD-WRL-005",2745,,
T,T1319,T1319 - Document software attack surface elements,Document software attack surface elements,1,,,,0,null,"DD-WRL-003,DD-WRL-005",2764,,
T,T1310,T1310 - Implement protective or corrective measures when a cybersecurity incident or ...,Implement protective or corrective measures when a cybersecurity incident or vulnerability is discovered,1,,,,0,null,"OG-WRL-001,OG-WRL-007,OG-WRL-014",2746,,
T,T1328,"T1328 - Verify implementation of software, network, and system cybersecurity postures","Verify implementation of software, network, and system cybersecurity postures",1,,,,0,null,OG-WRL-012,2757,,
T,T1336,T1336 - Verify the inclusion of sound cybersecurity principles in the organization's vision and ...,Verify the inclusion of sound cybersecurity principles in the organization's vision and goals,1,,,,0,null,"OG-WRL-004,OG-WRL-002,OG-WRL-003,OG-WRL-007,OG-WRL-008,OG-WRL-014",2747,,
T,T1318,T1318 - Integrate security requirements into application design elements,Integrate security requirements into application design elements,1,,,,0,null,"DD-WRL-003,DD-WRL-005",2762,,
T,T1311,T1311 - Design and execute exercise scenarios,Design and execute exercise scenarios,1,,,,0,null,"OG-WRL-004,OG-WRL-005",2748,,
T,T1316,T1316 - Document cyber defense incidents from initial detection through final resolution,Document cyber defense incidents from initial detection through final resolution,1,,,,0,null,PD-WRL-003,2758,,
T,T1326,T1326 - Develop system performance predictions for various operating conditions,Develop system performance predictions for various operating conditions,1,,,,0,null,DD-WRL-004,2749,,
T,T1330,"T1330 - Recommend required actions to correct software, network, and system deviations from ...","Recommend required actions to correct software, network, and system deviations from implemented security postures",1,,,,0,null,OG-WRL-012,2765,,
T,T1312,T1312 - Conduct test and evaluation activities,Conduct test and evaluation activities,1,,,,0,null,DD-WRL-004,2750,,
T,T1332,T1332 - Produce incident findings reports,Produce incident findings reports,1,,,,0,null,"IN-WRL-002,PD-WRL-003",2751,,
K,K1174,K1174 - Knowledge of network components,Knowledge of network components,1,,,,0,null,,4377,,
T,T1320,T1320 - Conduct threat modeling,Conduct threat modeling,1,,,,0,null,"DD-WRL-003,DD-WRL-005",2766,,
T,T1343,T1343 - Provide cybersecurity guidance to organizational risk governance processes,Provide cybersecurity guidance to organizational risk governance processes,1,,,,0,null,"OG-WRL-012,OG-WRL-014",2782,,
T,T1338,T1338 - Develop cybersecurity capability strategies for custom hardware and software development,Develop cybersecurity capability strategies for custom hardware and software development,1,,,,0,null,"DD-WRL-009,DD-WRL-008",2767,,
T,T1358,T1358 - Determine the effectiveness of organizational cybersecurity policies and procedures,Determine the effectiveness of organizational cybersecurity policies and procedures,1,,,,0,null,"OG-WRL-002,OG-WRL-012,OG-WRL-003,OG-WRL-014",2789,,
T,T1321,T1321 - Manage computing environment system operations,Manage computing environment system operations,1,,,,0,null,OG-WRL-014,2768,,
T,T1366,T1366 - Identify supply chain risks for critical system elements,Identify supply chain risks for critical system elements,1,,,,0,null,"DD-WRL-006,OG-WRL-010,OG-WRL-011,OG-WRL-009",2783,,
T,T1331,"T1331 - Verify currency of software application, network, and system accreditation and assurance ...","Verify currency of software application, network, and system accreditation and assurance documentation",1,,,,0,null,,2769,,
T,T1348,T1348 - Distinguish between benign and potentially malicious cybersecurity attacks and intrusions,Distinguish between benign and potentially malicious cybersecurity attacks and intrusions,1,,,,0,null,PD-WRL-001,2792,,
T,T1322,T1322 - Capture network traffic associated with malicious activities,Capture network traffic associated with malicious activities,1,,,,0,null,"IN-WRL-002,PD-WRL-002",2770,,
T,T1344,T1344 - Determine if procurement activities sufficiently address supply chain risks,Determine if procurement activities sufficiently address supply chain risks,1,,,,0,null,"OG-WRL-010,OG-WRL-011,OG-WRL-009,OG-WRL-016,OG-WRL-014",2784,,
T,T1334,T1334 - Produce cybersecurity instructional materials,Produce cybersecurity instructional materials,1,,,,0,null,"IO-WRL-005,IO-WRL-007,OG-WRL-004,OG-WRL-005,OG-WRL-008",2771,,
T,T1347,T1347 - Detect cybersecurity attacks and intrusions,Detect cybersecurity attacks and intrusions,1,,,,0,null,PD-WRL-001,2790,,
T,T1323,T1323 - Analyze network traffic associated with malicious activities,Analyze network traffic associated with malicious activities,1,,,,0,null,"IN-WRL-002,PD-WRL-002",2772,,
T,T1357,T1357 - Determine if cybersecurity requirements have been successfully implemented,Determine if cybersecurity requirements have been successfully implemented,1,,,,0,null,"OG-WRL-002,OG-WRL-012,OG-WRL-003,OG-WRL-014",2785,,
T,T1324,T1324 - Process digital evidence,Process digital evidence,1,,,,0,null,"IN-WRL-001,IN-WRL-002,PD-WRL-002,PD-WRL-005",2773,,
T,T1349,T1349 - Communicate cybersecurity attacks and intrusions alerts,Communicate cybersecurity attacks and intrusions alerts,1,,,,0,null,PD-WRL-001,2794,,
T,T1339,T1339 - Develop cybersecurity compliance processes for external services,Develop cybersecurity compliance processes for external services,1,,,,0,null,OG-WRL-012,2774,,
T,T1345,T1345 - Recommend improvements to procurement activities to address cybersecurity requirements,Recommend improvements to procurement activities to address cybersecurity requirements,1,,,,0,null,"DD-WRL-009,OG-WRL-010,OG-WRL-011,OG-WRL-009,OG-WRL-016,OG-WRL-014",2786,,
T,T1364,T1364 - Conduct system security development,Conduct system security development,1,,,,0,null,"DD-WRL-001,DD-WRL-002,DD-WRL-004",2775,,
T,T1367,T1367 - Document supply chain risks for critical system elements,Document supply chain risks for critical system elements,1,,,,0,null,"DD-WRL-006,OG-WRL-010,OG-WRL-011,OG-WRL-009",2791,,
T,T1340,T1340 - Develop cybersecurity audit processes for external services,Develop cybersecurity audit processes for external services,1,,,,0,null,OG-WRL-012,2776,,
T,T1363,T1363 - Plan system security development,Plan system security development,1,,,,0,null,"DD-WRL-001,DD-WRL-002,DD-WRL-004",2787,,
T,T1355,T1355 - Determine if vulnerability remediation plans are in place,Determine if vulnerability remediation plans are in place,1,,,,0,null,"OG-WRL-012,OG-WRL-007,OG-WRL-014",2777,,
T,T1359,T1359 - Perform penetration testing,Perform penetration testing,1,,,,0,null,DD-WRL-005,2793,,
T,T1341,T1341 - Perform required reviews,Perform required reviews,1,,,,0,null,PD-WRL-007,2778,,
T,T1346,T1346 - Determine if system requirements are adequately demonstrated in data samples,Determine if system requirements are adequately demonstrated in data samples,1,,,,0,null,DD-WRL-007,2788,,
T,T1362,T1362 - Document impact of new system and interface implementations on organization's ...,Document impact of new system and interface implementations on organization's cybersecurity posture,1,,,,0,null,"DD-WRL-001,OG-WRL-012",2779,,
T,T1365,T1365 - Document cybersecurity design and development activities,Document cybersecurity design and development activities,1,,,,0,null,"DD-WRL-004,OG-WRL-012",2795,,
T,T1342,T1342 - Oversee policy standards and implementation strategy development,Oversee policy standards and implementation strategy development,1,,,,0,null,"OG-WRL-007,OG-WRL-014",2780,,
T,T1350,T1350 - Perform continuous monitoring of system activity,Perform continuous monitoring of system activity,1,,,,0,null,PD-WRL-001,2796,,
T,T1356,T1356 - Develop vulnerability remediation plans,Develop vulnerability remediation plans,1,,,,0,null,"OG-WRL-012,OG-WRL-007,OG-WRL-014",2781,,
T,T1360,T1360 - Design programming language exploitation countermeasures and mitigations,Design programming language exploitation countermeasures and mitigations,1,,,,0,null,DD-WRL-003,2797,,
T,T1377,T1377 - Implement critical infrastructure protection policies and procedures,Implement critical infrastructure protection policies and procedures,1,,,,0,null,"OG-WRL-007,OG-WRL-014",2813,,
T,T1351,T1351 - Determine impact of malicious activity on systems and information,Determine impact of malicious activity on systems and information,1,,,,0,null,PD-WRL-001,2798,,
T,T1386,T1386 - Analyze network traffic anomalies,Analyze network traffic anomalies,1,,,,0,null,PD-WRL-001,2821,,
T,T1368,T1368 - Support cybersecurity compliance activities,Support cybersecurity compliance activities,1,,,,0,null,"OG-WRL-012,OG-WRL-014",2799,,
T,T1378,T1378 - Identify cybersecurity solutions tools and technologies,Identify cybersecurity solutions tools and technologies,1,,,,0,null,DD-WRL-008,2814,,
T,T1352,T1352 - Coordinate critical cyber defense infrastructure protection measures,Coordinate critical cyber defense infrastructure protection measures,1,,,,0,null,PD-WRL-004,2800,,
T,T1390,T1390 - Identify network device applications and operating systems,Identify network device applications and operating systems,1,,,,0,null,PD-WRL-001,2825,,
T,T1361,T1361 - Determine the impact of new system and interface implementations on organization's ...,Determine the impact of new system and interface implementations on organization's cybersecurity posture,1,,,,0,null,"DD-WRL-001,OG-WRL-012",2801,,
T,T1379,T1379 - Design cybersecurity tools and technologies,Design cybersecurity tools and technologies,1,,,,0,null,DD-WRL-008,2815,,
T,T1353,T1353 - Prioritize critical cyber defense infrastructure resources,Prioritize critical cyber defense infrastructure resources,1,,,,0,null,PD-WRL-004,2802,,
T,T1387,T1387 - Validate intrusion detection system alerts,Validate intrusion detection system alerts,1,,,,0,null,"PD-WRL-001,PD-WRL-002",2822,,
T,T1404,T1404 - Select cybersecurity mechanisms,Select cybersecurity mechanisms,1,,,,0,null,"DD-WRL-001,DD-WRL-002",2803,,
T,T1380,T1380 - Develop cybersecurity tools and technologies,Develop cybersecurity tools and technologies,1,,,,0,null,DD-WRL-008,2816,,
T,T1354,T1354 - Identify system cybersecurity requirements,Identify system cybersecurity requirements,1,,,,0,null,"DD-WRL-005,IO-WRL-003,OG-WRL-007,OG-WRL-014",2804,,
T,T1392,T1392 - Develop user experience requirements,Develop user experience requirements,1,,,,0,null,DD-WRL-006,2827,,
T,T1369,"T1369 - Determine if acquisitions, procurement, and outsourcing efforts address cybersecurity ...","Determine if acquisitions, procurement, and outsourcing efforts address cybersecurity requirements",1,,,,0,null,"OG-WRL-010,OG-WRL-011,OG-WRL-015,OG-WRL-012,OG-WRL-009,OG-WRL-014",2805,,
T,T1381,T1381 - Scan digital media for viruses,Scan digital media for viruses,1,,,,0,null,"IN-WRL-002,PD-WRL-002",2817,,
T,T1370,T1370 - Collect intrusion artifacts,Collect intrusion artifacts,1,,,,0,null,"IN-WRL-002,PD-WRL-003,PD-WRL-002",2806,,
T,T1388,T1388 - Isolate malware,Isolate malware,1,,,,0,null,PD-WRL-001,2823,,
T,T1371,T1371 - Mitigate potential cyber defense incidents,Mitigate potential cyber defense incidents,1,,,,0,null,"PD-WRL-003,PD-WRL-002",2807,,
T,T1382,T1382 - Mount a drive image,Mount a drive image,1,,,,0,null,"IN-WRL-002,PD-WRL-002",2818,,
T,T1372,T1372 - Advise law enforcement personnel as technical expert,Advise law enforcement personnel as technical expert,1,,,,0,null,"PD-WRL-003,PD-WRL-002",2808,,
T,T1391,T1391 - Reconstruct malicious attacks,Reconstruct malicious attacks,1,,,,0,null,PD-WRL-001,2826,,
T,T1373,T1373 - Determine organizational compliance,Determine organizational compliance,1,,,,0,null,OG-WRL-014,2809,,
T,T1383,T1383 - Utilize deployable forensics toolkit,Utilize deployable forensics toolkit,1,,,,0,null,"IN-WRL-002,PD-WRL-002",2819,,
T,T1374,T1374 - Forecast ongoing service demands,Forecast ongoing service demands,1,,,,0,null,OG-WRL-014,2810,,
T,T1389,T1389 - Remove malware,Remove malware,1,,,,0,null,PD-WRL-001,2824,,
T,T1375,T1375 - Conduct periodic reviews of security assumptions,Conduct periodic reviews of security assumptions,1,,,,0,null,OG-WRL-014,2811,,
T,T1384,T1384 - Establish intrusion set procedures,Establish intrusion set procedures,1,,,,0,null,PD-WRL-001,2820,,
T,T1376,T1376 - Develop critical infrastructure protection policies and procedures,Develop critical infrastructure protection policies and procedures,1,,,,0,null,"OG-WRL-007,OG-WRL-014",2812,,
T,T1394,"T1394 - Develop independent cybersecurity audit processes for application software, networks, and...","Develop independent cybersecurity audit processes for application software, networks, and systems",1,,,,0,null,"OG-WRL-010,OG-WRL-011,OG-WRL-015,OG-WRL-002,OG-WRL-003,OG-WRL-009,OG-WRL-016",2829,,
T,T1393,T1393 - Document user experience requirements,Document user experience requirements,1,,,,0,null,DD-WRL-006,2828,,
T,T1395,"T1395 - Implement independent cybersecurity audit processes for application software, networks, ...","Implement independent cybersecurity audit processes for application software, networks, and systems",1,,,,0,null,"OG-WRL-010,OG-WRL-011,OG-WRL-015,OG-WRL-002,OG-WRL-003,OG-WRL-009,OG-WRL-016",2830,,
K,K1175,K1175 - Knowledge of network monitoring tools and techniques,Knowledge of network monitoring tools and techniques,1,,,,0,null,"IN-WRL-002,PD-WRL-002",4378,,
T,T1396,T1396 - Oversee independent cybersecurity audits,Oversee independent cybersecurity audits,1,,,,0,null,"OG-WRL-010,OG-WRL-011,OG-WRL-015,OG-WRL-002,OG-WRL-003,OG-WRL-009,OG-WRL-016",2831,,
T,T1409,T1409 - Document quality standards,Document quality standards,1,,,,0,null,DD-WRL-006,2847,,
T,T1397,T1397 - Determine if research and design processes and procedures are in compliance with ...,Determine if research and design processes and procedures are in compliance with cybersecurity requirements,1,,,,0,null,"OG-WRL-010,OG-WRL-011,OG-WRL-015,OG-WRL-002,OG-WRL-003,OG-WRL-009,OG-WRL-016",2832,,
T,T1427,T1427 - Maintain incident tracking and solution databases,Maintain incident tracking and solution databases,1,,,,0,null,IO-WRL-007,2858,,
T,T1398,T1398 - Determine if research and design processes and procedures are accurately followed by ...,Determine if research and design processes and procedures are accurately followed by cybersecurity staff when performing their day-to-day activities,1,,,,0,null,"OG-WRL-010,OG-WRL-011,OG-WRL-015,OG-WRL-002,OG-WRL-003,OG-WRL-009,OG-WRL-016",2833,,
T,T1431,T1431 - Integrate system components,Integrate system components,1,,,,0,null,DD-WRL-006,2848,,
T,T1399,"T1399 - Develop supply chain, system, network, and operational security contract language","Develop supply chain, system, network, and operational security contract language",1,,,,0,null,"OG-WRL-010,OG-WRL-011,OG-WRL-015,OG-WRL-009,OG-WRL-016",2834,,
T,T1413,T1413 - Develop training modules and classes,Develop training modules and classes,1,,,,0,null,"OG-WRL-004,OG-WRL-005",2855,,
T,T1400,T1400 - Design and develop secure applications,Design and develop secure applications,1,,,,0,null,"DD-WRL-003,DD-WRL-005,IO-WRL-001",2835,,
T,T1410,T1410 - Develop system security contexts,Develop system security contexts,1,,,,0,null,"DD-WRL-001,DD-WRL-002",2849,,
T,T1401,T1401 - Integrate system development life cycle methodologies into development environment,Integrate system development life cycle methodologies into development environment,1,,,,0,null,DD-WRL-004,2836,,
T,T1435,T1435 - Determine if technology services are delivered successfully,Determine if technology services are delivered successfully,1,,,,0,null,"OG-WRL-010,OG-WRL-011,OG-WRL-009",2860,,
T,T1402,T1402 - Manage databases and data management systems,Manage databases and data management systems,1,,,,0,null,IO-WRL-002,2837,,
T,T1425,T1425 - Recommend network infrastructure enhancements,Recommend network infrastructure enhancements,1,,,,0,null,DD-WRL-008,2850,,
T,T1403,T1403 - Allocate cybersecurity services,Allocate cybersecurity services,1,,,,0,null,"DD-WRL-001,DD-WRL-002",2838,,
T,T1432,T1432 - Build dedicated cyber defense hardware,Build dedicated cyber defense hardware,1,,,,0,null,PD-WRL-004,2856,,
T,T1405,T1405 - Identify emerging incident trends,Identify emerging incident trends,1,,,,0,null,IO-WRL-007,2839,,
T,T1411,T1411 - Develop technical training curriculum and resources,Develop technical training curriculum and resources,1,,,,0,null,"IO-WRL-007,OG-WRL-004,OG-WRL-005",2851,,
T,T1430,T1430 - Determine if system components can be aligned,Determine if system components can be aligned,1,,,,0,null,DD-WRL-006,2840,,
T,T1415,T1415 - Develop training evaluations,Develop training evaluations,1,,,,0,null,"OG-WRL-004,OG-WRL-005",2859,,
T,T1406,T1406 - Construct cyber defense network tool signatures,Construct cyber defense network tool signatures,1,,,,0,null,PD-WRL-001,2841,,
T,T1436,T1436 - Acquire adequate funding for cybersecurity training,Acquire adequate funding for cybersecurity training,1,,,,0,null,"OG-WRL-002,OG-WRL-003",2852,,
T,T1423,T1423 - Create system security concept of operations (ConOps) documents,Create system security concept of operations (ConOps) documents,1,,,,0,null,"DD-WRL-001,DD-WRL-002,DD-WRL-006",2842,,
T,T1414,T1414 - Develop training assignments,Develop training assignments,1,,,,0,null,"OG-WRL-004,OG-WRL-005",2857,,
T,T1407,T1407 - Correlate threat assessment data,Correlate threat assessment data,1,,,,0,null,"PD-WRL-003,PD-WRL-002",2843,,
T,T1412,T1412 - Deliver technical training to customers,Deliver technical training to customers,1,,,,0,null,"IO-WRL-007,OG-WRL-004,OG-WRL-005",2853,,
T,T1434,T1434 - Create cybersecurity architecture functional specifications,Create cybersecurity architecture functional specifications,1,,,,0,null,"DD-WRL-001,DD-WRL-002",2844,,
T,T1416,T1416 - Develop grading and proficiency standards,Develop grading and proficiency standards,1,,,,0,null,"OG-WRL-004,OG-WRL-005",2861,,
T,T1408,T1408 - Develop quality standards,Develop quality standards,1,,,,0,null,DD-WRL-006,2845,,
T,T1426,T1426 - Determine cybersecurity design and architecture effectiveness,Determine cybersecurity design and architecture effectiveness,1,,,,0,null,"DD-WRL-001,DD-WRL-002",2854,,
T,T1424,T1424 - Evaluate network infrastructure vulnerabilities,Evaluate network infrastructure vulnerabilities,1,,,,0,null,DD-WRL-008,2846,,
T,T1428,"T1428 - Notify designated managers, cyber incident responders, and cybersecurity service provider...","Notify designated managers, cyber incident responders, and cybersecurity service provider team members of suspected cybersecurity incidents",1,,,,0,null,PD-WRL-001,2862,,
T,T1417,"T1417 - Create learner development, training, and remediation plans","Create learner development, training, and remediation plans",1,,,,0,null,"OG-WRL-004,OG-WRL-005",2863,,
T,T1433,T1433 - Install dedicated cyber defense hardware,Install dedicated cyber defense hardware,1,,,,0,null,PD-WRL-004,2864,,
K,K1120,"K1120 - Knowledge of Confidentiality, Integrity, Availability, Authenticity, and Non-repudiation ...","Knowledge of Confidentiality, Integrity, Availability, Authenticity, and Non-repudiation (CIAAN) principles and practices",1,,,,0,null,"DD-WRL-001,DD-WRL-002,DD-WRL-004,IO-WRL-006,OG-WRL-008",4329,,
T,T1418,T1418 - Develop learning objectives and goals,Develop learning objectives and goals,1,,,,0,null,OG-WRL-005,2865,,
T,T1429,T1429 - Prepare trend analysis reports,Prepare trend analysis reports,1,,,,0,null,"DD-WRL-002,IO-WRL-007",2866,,
K,K1121,K1121 - Knowledge of configuration management,Knowledge of configuration management,1,,,,0,null,IO-WRL-002,4330,,
T,T1419,T1419 - Develop organizational training materials,Develop organizational training materials,1,,,,0,null,OG-WRL-005,2867,,
T,T1437,T1437 - Determine effectiveness of configuration management processes,Determine effectiveness of configuration management processes,1,,,,0,null,"IO-WRL-006,OG-WRL-012",2868,,
K,K1122,K1122 - Knowledge of configuration management principles and practices,Knowledge of configuration management principles and practices,1,,,,0,null,"DD-WRL-009,DD-WRL-006",4331,,
T,T1420,T1420 - Develop organizational training programs,Develop organizational training programs,1,,,,0,null,,2869,,
K,K1176,K1176 - Knowledge of network topologies,Knowledge of network topologies,1,,,,0,null,PD-WRL-001,4379,,
T,T1438,T1438 - Determine effectiveness of instruction and training,Determine effectiveness of instruction and training,1,,,,0,null,OG-WRL-004,2870,,
K,K1123,K1123 - Knowledge of continuous monitoring principles and practices,Knowledge of continuous monitoring principles and practices,1,,,,0,null,,4332,,
K,K1183,K1183 - Knowledge of organizational cybersecurity policies and procedures,Knowledge of organizational cybersecurity policies and procedures,1,,,,0,null,"OG-WRL-004,OG-WRL-002,OG-WRL-003,OG-WRL-007,OG-WRL-008,OG-WRL-014",4385,,
K,K1124,K1124 - Knowledge of continuous monitoring scoring and grading metrics,Knowledge of continuous monitoring scoring and grading metrics,1,,,,0,null,,4333,,
K,K1178,K1178 - Knowledge of operational environment risks,Knowledge of operational environment risks,1,,,,0,null,,4380,,
K,K1125,K1125 - Knowledge of continuous monitoring tools and techniques,Knowledge of continuous monitoring tools and techniques,1,,,,0,null,,4334,,
K,K1182,K1182 - Knowledge of organizational cybersecurity policies and configurations,Knowledge of organizational cybersecurity policies and configurations,1,,,,0,null,"DD-WRL-009,OG-WRL-006,PD-WRL-007",4384,,
K,K1126,K1126 - Knowledge of cost constraints,Knowledge of cost constraints,1,,,,0,null,"DD-WRL-003,DD-WRL-005",4335,,
K,K1179,K1179 - Knowledge of organization's security strategy,Knowledge of organization's security strategy,1,,,,0,null,"OG-WRL-001,OG-WRL-014,NF-COM-007",4381,,
K,K1127,K1127 - Knowledge of customer experience principles and practices,Knowledge of customer experience principles and practices,1,,,,0,null,IO-WRL-007,4336,,
K,K1184,K1184 - Knowledge of organizational cybersecurity workforce requirements,Knowledge of organizational cybersecurity workforce requirements,1,,,,0,null,OG-WRL-003,4386,,
K,K1128,K1128 - Knowledge of customer requirements,Knowledge of customer requirements,1,,,,0,null,"DD-WRL-005,DD-WRL-006",4337,,
K,K1180,K1180 - Knowledge of organizational cybersecurity goals and objectives,Knowledge of organizational cybersecurity goals and objectives,1,,,,0,null,"DD-WRL-009,OG-WRL-010,OG-WRL-011,OG-WRL-015,OG-WRL-002,OG-WRL-012,OG-WRL-003,OG-WRL-007,OG-WRL-009,OG-WRL-014,PD-WRL-005",4382,,
K,K1129,K1129 - Knowledge of cyber defense auditing laws and regulations,Knowledge of cyber defense auditing laws and regulations,1,,,,0,null,PD-WRL-007,4338,,
K,K1185,K1185 - Knowledge of organizational evaluation and validation requirements,Knowledge of organizational evaluation and validation requirements,1,,,,0,null,,4387,,
K,K1130,K1130 - Knowledge of cyber defense auditing policies and practices,Knowledge of cyber defense auditing policies and practices,1,,,,0,null,PD-WRL-007,4339,,
,T,Tasks,An activity that is directed toward the achievement of organizational objectives.,1,,,,0,null,,2391,,
K,K1181,K1181 - Knowledge of organizational cybersecurity incident response plans,Knowledge of organizational cybersecurity incident response plans,1,,,,0,null,PD-WRL-001,4383,,
K,K1131,K1131 - Knowledge of cyber defense monitoring tools,Knowledge of cyber defense monitoring tools,1,,,,0,null,PD-WRL-001,4340,,
K,K1186,K1186 - Knowledge of organizational human resource (HR) policies and procedures,Knowledge of organizational human resource (HR) policies and procedures,1,,,,0,null,"OG-WRL-002,OG-WRL-003",4388,,
K,K1132,K1132 - Knowledge of cyber defense system analysis tools,Knowledge of cyber defense system analysis tools,1,,,,0,null,PD-WRL-001,4341,,
K,K1133,K1133 - Knowledge of cybersecurity engineering,Knowledge of cybersecurity engineering,1,,,,0,null,OG-WRL-014,4342,,
K,K1135,K1135 - Knowledge of cybersecurity objectives,Knowledge of cybersecurity objectives,1,,,,0,null,,4343,,
T,T1470,T1470 - Establish cybersecurity workforce management programs,Establish cybersecurity workforce management programs,1,,,,0,null,OG-WRL-003,2873,,
T,T1439,"T1439 - Assess the behavior of individual victims, witnesses, or suspects during cybersecurity ...","Assess the behavior of individual victims, witnesses, or suspects during cybersecurity investigations",1,,,,0,null,"IN-WRL-001,PD-WRL-005",2874,,
T,T1440,T1440 - Assess the validity of source data,Assess the validity of source data,1,,,,0,null,IO-WRL-001,2875,,
T,T1441,T1441 - Determine the validity of findings,Determine the validity of findings,1,,,,0,null,,2876,,
T,T1442,T1442 - Assess the impact of implementing and sustaining a dedicated cyber defense infrastructure,Assess the impact of implementing and sustaining a dedicated cyber defense infrastructure,1,,,,0,null,PD-WRL-004,2877,,
T,T1443,"T1443 - Recommend commercial, government off-the-shelf, or open source products for use within a ...","Recommend commercial, government off-the-shelf, or open source products for use within a system",1,,,,0,null,,2878,,
T,T1444,T1444 - Determine if products comply with cybersecurity requirements,Determine if products comply with cybersecurity requirements,1,,,,0,null,,2879,,
T,T1445,T1445 - Conduct hypothesis testing,Conduct hypothesis testing,1,,,,0,null,IO-WRL-001,2880,,
T,T1446,T1446 - Conduct learning needs assessments,Conduct learning needs assessments,1,,,,0,null,"OG-WRL-004,OG-WRL-005,OG-WRL-003",2881,,
T,T1447,T1447 - Identify training requirements,Identify training requirements,1,,,,0,null,"OG-WRL-004,OG-WRL-005,OG-WRL-003",2882,,
T,T1448,T1448 - Manage customer services,Manage customer services,1,,,,0,null,"OG-WRL-010,OG-WRL-011,OG-WRL-009",2883,,
T,T1449,T1449 - Determine if qualification standards meet organizational functional requirements and ...,Determine if qualification standards meet organizational functional requirements and comply with industry standards,1,,,,0,null,OG-WRL-003,2884,,
T,T1450,T1450 - Allocate and distribute human capital assets,Allocate and distribute human capital assets,1,,,,0,null,"OG-WRL-003,OG-WRL-007",2885,,
T,T1451,T1451 - Create interactive learning exercises,Create interactive learning exercises,1,,,,0,null,OG-WRL-004,2886,,
T,T1452,T1452 - Design system administration and management functionality for privileged access users,Design system administration and management functionality for privileged access users,1,,,,0,null,,2887,,
T,T1453,T1453 - Develop system administration and management functionality for privileged access users,Develop system administration and management functionality for privileged access users,1,,,,0,null,,2888,,
T,T1454,"T1454 - Design secure interfaces between information systems, physical systems, and embedded ...","Design secure interfaces between information systems, physical systems, and embedded technologies",1,,,,0,null,DD-WRL-004,2889,,
T,T1455,"T1455 - Implement secure interfaces between information systems, physical systems, and embedded ...","Implement secure interfaces between information systems, physical systems, and embedded technologies",1,,,,0,null,DD-WRL-004,2890,,
T,T1456,T1456 - Determine the impact of threats on cybersecurity,Determine the impact of threats on cybersecurity,1,,,,0,null,IN-WRL-001,2891,,
T,T1457,T1457 - Implement threat countermeasures,Implement threat countermeasures,1,,,,0,null,IN-WRL-001,2892,,
T,T1458,T1458 - Develop data gathering processes,Develop data gathering processes,1,,,,0,null,IO-WRL-001,2893,,
T,T1459,T1459 - Develop standardized cybersecurity position descriptions using the NICE Framework,Develop standardized cybersecurity position descriptions using the NICE Framework,1,,,,0,null,OG-WRL-003,2894,,
T,T1460,"T1460 - Develop recruiting, hiring, and retention processes","Develop recruiting, hiring, and retention processes",1,,,,0,null,OG-WRL-003,2895,,
T,T1461,T1461 - Determine cybersecurity position requirements,Determine cybersecurity position requirements,1,,,,0,null,OG-WRL-003,2896,,
T,T1462,T1462 - Develop cybersecurity training policies and procedures,Develop cybersecurity training policies and procedures,1,,,,0,null,"OG-WRL-004,OG-WRL-005,OG-WRL-003",2897,,
T,T1463,T1463 - Develop cybersecurity curriculum goals and objectives,Develop cybersecurity curriculum goals and objectives,1,,,,0,null,"OG-WRL-004,OG-WRL-005",2898,,
T,T1464,T1464 - Determine if cybersecurity workforce management policies and procedures comply with legal...,Determine if cybersecurity workforce management policies and procedures comply with legal and organizational requirements,1,,,,0,null,"OG-WRL-002,OG-WRL-003",2899,,
T,T1465,T1465 - Define service-level agreements (SLAs),Define service-level agreements (SLAs),1,,,,0,null,"OG-WRL-011,OG-WRL-009",2900,,
T,T1466,T1466 - Establish cybersecurity workforce readiness metrics,Establish cybersecurity workforce readiness metrics,1,,,,0,null,OG-WRL-003,2901,,
T,T1467,T1467 - Establish waiver processes for cybersecurity career field entry and training ...,Establish waiver processes for cybersecurity career field entry and training qualification requirements,1,,,,0,null,OG-WRL-003,2902,,
T,T1468,T1468 - Establish organizational cybersecurity career pathways,Establish organizational cybersecurity career pathways,1,,,,0,null,OG-WRL-003,2903,,
S,S0594,S0594 - Skill in repairing hardware,Skill in repairing hardware,1,,,,0,null,IO-WRL-007,3562,,
T,T1469,T1469 - Develop cybersecurity workforce reporting requirements,Develop cybersecurity workforce reporting requirements,1,,,,0,null,OG-WRL-003,2904,,
T,T1471,T1471 - Assess cybersecurity workforce management programs,Assess cybersecurity workforce management programs,1,,,,0,null,OG-WRL-003,2905,,
T,T1487,T1487 - Perform file and registry monitoring on running systems,Perform file and registry monitoring on running systems,1,,,,0,null,PD-WRL-002,2906,,
T,T1472,T1472 - Gather customer satisfaction and service performance feedback,Gather customer satisfaction and service performance feedback,1,,,,0,null,"OG-WRL-010,OG-WRL-011,OG-WRL-015,OG-WRL-009",2907,,
T,T1498,T1498 - Determine if cybersecurity requirements included in contracts are delivered,Determine if cybersecurity requirements included in contracts are delivered,1,,,,0,null,"OG-WRL-010,OG-WRL-011,OG-WRL-015,OG-WRL-016",2908,,
T,T1473,T1473 - Create risk-driven systems maintenance and updates processes,Create risk-driven systems maintenance and updates processes,1,,,,0,null,,2909,,
T,T1488,T1488 - Enter digital media information into tracking databases,Enter digital media information into tracking databases,1,,,,0,null,PD-WRL-002,2910,,
T,T1474,T1474 - Define operating level agreements (OLAs),Define operating level agreements (OLAs),1,,,,0,null,"OG-WRL-010,OG-WRL-011",2911,,
T,T1495,T1495 - Recommend vulnerability mitigation functional- and security-related features,Recommend vulnerability mitigation functional- and security-related features,1,,,,0,null,DD-WRL-008,2912,,
T,T1475,T1475 - Develop instructional strategies,Develop instructional strategies,1,,,,0,null,OG-WRL-004,2913,,
T,T1489,T1489 - Correlate incident data,Correlate incident data,1,,,,0,null,"DD-WRL-004,DD-WRL-008,OG-WRL-012,OG-WRL-008,PD-WRL-003,PD-WRL-002,PD-WRL-007",2914,,
T,T1476,T1476 - Promote awareness of cybersecurity policy and strategy among management,Promote awareness of cybersecurity policy and strategy among management,1,,,,0,null,"OG-WRL-004,OG-WRL-002,OG-WRL-003,OG-WRL-007,OG-WRL-008,OG-WRL-014",2915,,
T,T1500,T1500 - Install systems and servers,Install systems and servers,1,,,,0,null,IO-WRL-005,2916,,
T,T1477,T1477 - Advise trial counsel as technical expert,Advise trial counsel as technical expert,1,,,,0,null,IN-WRL-001,2917,,
T,T1490,T1490 - Prepare cyber defense toolkits,Prepare cyber defense toolkits,1,,,,0,null,PD-WRL-002,2918,,
T,T1478,T1478 - Determine cybersecurity career field qualification requirements,Determine cybersecurity career field qualification requirements,1,,,,0,null,OG-WRL-003,2919,,
T,T1496,T1496 - Develop reverse engineering tools,Develop reverse engineering tools,1,,,,0,null,DD-WRL-008,2920,,
T,T1479,T1479 - Determine organizational policies related to or influencing the cyber workforce,Determine organizational policies related to or influencing the cyber workforce,1,,,,0,null,OG-WRL-003,2921,,
T,T1491,T1491 - Design data management systems,Design data management systems,1,,,,0,null,"DD-WRL-008,IO-WRL-001",2922,,
T,T1480,T1480 - Examine service performance reports for issues and variances,Examine service performance reports for issues and variances,1,,,,0,null,"OG-WRL-011,OG-WRL-009,OG-WRL-016",2923,,
T,T1499,T1499 - Integrate public key cryptography into applications,Integrate public key cryptography into applications,1,,,,0,null,DD-WRL-003,2924,,
T,T1481,T1481 - Initiate corrective actions to service performance issues and variances,Initiate corrective actions to service performance issues and variances,1,,,,0,null,"OG-WRL-011,OG-WRL-009,OG-WRL-016",2925,,
T,T1492,T1492 - Integrate laws and regulations into policy,Integrate laws and regulations into policy,1,,,,0,null,"OG-WRL-002,OG-WRL-003,OG-WRL-008",2926,,
T,T1482,T1482 - Conduct cybersecurity workforce assessments,Conduct cybersecurity workforce assessments,1,,,,0,null,"OG-WRL-002,OG-WRL-003",2927,,
T,T1497,T1497 - Determine supply chain cybersecurity requirements,Determine supply chain cybersecurity requirements,1,,,,0,null,"OG-WRL-010,OG-WRL-011,OG-WRL-009",2928,,
T,T1483,T1483 - Integrate cybersecurity workforce personnel into information systems life cycle ...,Integrate cybersecurity workforce personnel into information systems life cycle development processes,1,,,,0,null,OG-WRL-003,2929,,
T,T1493,T1493 - Troubleshoot prototype design and process issues,Troubleshoot prototype design and process issues,1,,,,0,null,DD-WRL-008,2930,,
T,T1484,T1484 - Establish testing specifications and requirements,Establish testing specifications and requirements,1,,,,0,null,DD-WRL-007,2931,,
T,T1501,T1501 - Update systems and servers,Update systems and servers,1,,,,0,null,IO-WRL-005,2932,,
T,T1485,T1485 - Prepare after action reviews (AARs),Prepare after action reviews (AARs),1,,,,0,null,"OG-WRL-005,PD-WRL-003",2933,,
T,T1494,T1494 - Recommend vulnerability exploitation functional and security-related features,Recommend vulnerability exploitation functional and security-related features,1,,,,0,null,DD-WRL-008,2934,,
T,T1486,T1486 - Process forensic images,Process forensic images,1,,,,0,null,"IN-WRL-002,PD-WRL-002",2935,,
T,T1502,T1502 - Troubleshoot systems and servers,Troubleshoot systems and servers,1,,,,0,null,IO-WRL-005,2936,,
T,T1503,T1503 - Evaluate platforms managed by service providers,Evaluate platforms managed by service providers,1,,,,0,null,PD-WRL-004,2937,,
T,T1504,T1504 - Manage organizational knowledge repositories,Manage organizational knowledge repositories,1,,,,0,null,IO-WRL-003,2938,,
T,T1521,T1521 - Develop enterprise architecture,Develop enterprise architecture,1,,,,0,null,"DD-WRL-001,DD-WRL-002",2939,,
T,T1505,T1505 - Analyze cybersecurity threats for counter intelligence or criminal activity,Analyze cybersecurity threats for counter intelligence or criminal activity,1,,,,0,null,IN-WRL-001,2940,,
T,T1532,T1532 - Develop procedures for system operations transfer to alternate sites,Develop procedures for system operations transfer to alternate sites,1,,,,0,null,IO-WRL-006,2941,,
T,T1506,T1506 - Analyze software and hardware testing results,Analyze software and hardware testing results,1,,,,0,null,DD-WRL-007,2942,,
T,T1522,T1522 - Determine if systems meet minimum security requirements,Determine if systems meet minimum security requirements,1,,,,0,null,"DD-WRL-004,IO-WRL-006",2943,,
T,T1507,T1507 - Determine user requirements,Determine user requirements,1,,,,0,null,"DD-WRL-001,DD-WRL-002,DD-WRL-004",2944,,
T,T1529,T1529 - Create software system documentation,Create software system documentation,1,,,,0,null,"DD-WRL-003,DD-WRL-005",2945,,
T,T1508,T1508 - Plan cybersecurity architecture,Plan cybersecurity architecture,1,,,,0,null,"DD-WRL-001,DD-WRL-002,DD-WRL-004",2946,,
T,T1523,T1523 - Design organizational knowledge management frameworks,Design organizational knowledge management frameworks,1,,,,0,null,IO-WRL-003,2947,,
T,T1509,T1509 - Analyze feasibility of software design within time and cost constraints,Analyze feasibility of software design within time and cost constraints,1,,,,0,null,"DD-WRL-003,DD-WRL-005",2948,,
T,T1534,T1534 - Develop cost estimates for new or modified systems,Develop cost estimates for new or modified systems,1,,,,0,null,DD-WRL-006,2949,,
T,T1510,T1510 - Preserve digital evidence,Preserve digital evidence,1,,,,0,null,"IN-WRL-001,PD-WRL-002,PD-WRL-005",2950,,
T,T1524,T1524 - Implement organizational knowledge management frameworks,Implement organizational knowledge management frameworks,1,,,,0,null,IO-WRL-003,2951,,
T,T1511,"T1511 - Identify alleged violations of law, regulations, policy, or guidance","Identify alleged violations of law, regulations, policy, or guidance",1,,,,0,null,OG-WRL-006,2952,,
T,T1530,T1530 - Develop local network usage policies and procedures,Develop local network usage policies and procedures,1,,,,0,null,IO-WRL-005,2953,,
T,T1512,T1512 - Perform periodic system maintenance,Perform periodic system maintenance,1,,,,0,null,IO-WRL-005,2954,,
T,T1525,T1525 - Maintain organizational knowledge management frameworks,Maintain organizational knowledge management frameworks,1,,,,0,null,IO-WRL-003,2955,,
T,T1513,T1513 - Conduct trial runs of programs and software applications,Conduct trial runs of programs and software applications,1,,,,0,null,"DD-WRL-003,DD-WRL-005",2956,,
T,T1533,T1533 - Test failover for system operations transfer to alternative sites,Test failover for system operations transfer to alternative sites,1,,,,0,null,IO-WRL-006,2957,,
T,T1514,T1514 - Determine accurate security levels in programs and software applications,Determine accurate security levels in programs and software applications,1,,,,0,null,,2958,,
T,T1526,T1526 - Identify responsible parties for intrusions and other crimes,Identify responsible parties for intrusions and other crimes,1,,,,0,null,IN-WRL-001,2959,,
T,T1515,T1515 - Manage network access control lists on specialized cyber defense systems,Manage network access control lists on specialized cyber defense systems,1,,,,0,null,PD-WRL-004,2960,,
T,T1531,T1531 - Determine compliance with local network usage policies and procedures,Determine compliance with local network usage policies and procedures,1,,,,0,null,IO-WRL-005,2961,,
T,T1516,T1516 - Detect concealed data,Detect concealed data,1,,,,0,null,IN-WRL-002,2962,,
T,T1527,T1527 - Define baseline system security requirements,Define baseline system security requirements,1,,,,0,null,"DD-WRL-001,DD-WRL-002,DD-WRL-009,DD-WRL-006,IO-WRL-005",2963,,
T,T1517,T1517 - Deliver training courses,Deliver training courses,1,,,,0,null,OG-WRL-005,2964,,
T,T1535,T1535 - Develop implementation guidelines,Develop implementation guidelines,1,,,,0,null,OG-WRL-006,2965,,
T,T1518,T1518 - Develop organizational cybersecurity strategy,Develop organizational cybersecurity strategy,1,,,,0,null,"OG-WRL-002,OG-WRL-003,OG-WRL-007",2966,,
T,T1528,T1528 - Develop software system testing and validation procedures,Develop software system testing and validation procedures,1,,,,0,null,"DD-WRL-003,DD-WRL-005",2967,,
T,T1519,T1519 - Design system security measures,Design system security measures,1,,,,0,null,"DD-WRL-001,DD-WRL-002,DD-WRL-004",2968,,
T,T1537,"T1537 - Determine if cybersecurity training, education, and awareness meet established goals","Determine if cybersecurity training, education, and awareness meet established goals",1,,,,0,null,OG-WRL-005,2969,,
T,T1520,T1520 - Update system security measures,Update system security measures,1,,,,0,null,"DD-WRL-001,DD-WRL-002,DD-WRL-004",2970,,
T,T1538,T1538 - Resolve customer-reported system incidents and events,Resolve customer-reported system incidents and events,1,,,,0,null,IO-WRL-007,2971,,
T,T1554,T1554 - Recommend enhancements to software and hardware solutions,Recommend enhancements to software and hardware solutions,1,,,,0,null,IO-WRL-007,2972,,
T,T1539,T1539 - Analyze organizational cybersecurity posture trends,Analyze organizational cybersecurity posture trends,1,,,,0,null,"IO-WRL-006,PD-WRL-001",2973,,
T,T1567,"T1567 - Configure system hardware, software, and peripheral equipment","Configure system hardware, software, and peripheral equipment",1,,,,0,null,IO-WRL-007,2974,,
T,T1540,T1540 - Develop organizational cybersecurity posture trend reports,Develop organizational cybersecurity posture trend reports,1,,,,0,null,"IO-WRL-006,PD-WRL-001",2975,,
T,T1555,T1555 - Implement cyber defense tools,Implement cyber defense tools,1,,,,0,null,PD-WRL-004,2976,,
T,T1541,T1541 - Develop system security posture trend reports,Develop system security posture trend reports,1,,,,0,null,"IO-WRL-006,PD-WRL-001",2977,,
T,T1563,T1563 - Implement system security measures,Implement system security measures,1,,,,0,null,"DD-WRL-001,DD-WRL-002,DD-WRL-004,IO-WRL-006",2978,,
T,T1542,T1542 - Document original condition of digital evidence,Document original condition of digital evidence,1,,,,0,null,"IN-WRL-001,IN-WRL-002",2979,,
T,T1556,T1556 - Identify system and network protection needs,Identify system and network protection needs,1,,,,0,null,DD-WRL-001,2980,,
T,T1543,T1543 - Develop cybersecurity policies and procedures,Develop cybersecurity policies and procedures,1,,,,0,null,"OG-WRL-002,OG-WRL-003,OG-WRL-007",2981,,
T,T1566,"T1566 - Install system hardware, software, and peripheral equipment","Install system hardware, software, and peripheral equipment",1,,,,0,null,IO-WRL-007,2982,,
T,T1544,T1544 - Create definition activity documentation,Create definition activity documentation,1,,,,0,null,"DD-WRL-001,DD-WRL-002",2983,,
T,T1557,T1557 - Implement security measures for systems and system components,Implement security measures for systems and system components,1,,,,0,null,IO-WRL-006,2984,,
T,T1545,T1545 - Create architecture activity documentation,Create architecture activity documentation,1,,,,0,null,"DD-WRL-001,DD-WRL-002",2985,,
T,T1564,T1564 - Install database management systems and software,Install database management systems and software,1,,,,0,null,IO-WRL-002,2986,,
T,T1546,"T1546 - Provide inspectors general, privacy officers, and oversight and compliance with legal ...","Provide inspectors general, privacy officers, and oversight and compliance with legal analysis and decisions",1,,,,0,null,OG-WRL-006,2987,,
T,T1559,T1559 - Resolve vulnerabilities in systems and system components,Resolve vulnerabilities in systems and system components,1,,,,0,null,IO-WRL-006,2988,,
T,T1547,T1547 - Determine compliance with cybersecurity policies and legal and regulatory requirements,Determine compliance with cybersecurity policies and legal and regulatory requirements,1,,,,0,null,,2989,,
T,T1569,T1569 - Administer system and network user accounts,Administer system and network user accounts,1,,,,0,null,"IO-WRL-005,IO-WRL-007",2990,,
T,T1548,T1548 - Determine adequacy of access controls,Determine adequacy of access controls,1,,,,0,null,"IO-WRL-006,PD-WRL-001",2991,,
T,T1560,T1560 - Mitigate risks in systems and system components,Mitigate risks in systems and system components,1,,,,0,null,IO-WRL-006,2992,,
T,T1549,"T1549 - Evaluate the impact of legal, regulatory, policy, standard, or procedural changes","Evaluate the impact of legal, regulatory, policy, standard, or procedural changes",1,,,,0,null,"OG-WRL-006,OG-WRL-008",2993,,
T,T1565,T1565 - Configure database management systems and software,Configure database management systems and software,1,,,,0,null,IO-WRL-002,2994,,
T,T1550,T1550 - Execute disaster recovery and continuity of operations processes,Execute disaster recovery and continuity of operations processes,1,,,,0,null,IO-WRL-006,2995,,
T,T1561,T1561 - Implement dedicated cyber defense systems,Implement dedicated cyber defense systems,1,,,,0,null,PD-WRL-004,2996,,
T,T1551,T1551 - Prosecute cybercrimes and fraud committed against people and property,Prosecute cybercrimes and fraud committed against people and property,1,,,,0,null,IN-WRL-001,2997,,
T,T1568,T1568 - Implement cross-domain solutions,Implement cross-domain solutions,1,,,,0,null,IO-WRL-006,2998,,
T,T1552,T1552 - Identify cyber workforce planning and management issues,Identify cyber workforce planning and management issues,1,,,,0,null,"OG-WRL-010,OG-WRL-011,OG-WRL-003",2999,,
T,T1562,T1562 - Document system requirements,Document system requirements,1,,,,0,null,PD-WRL-004,3000,,
T,T1553,T1553 - Address cyber workforce planning and management issues,Address cyber workforce planning and management issues,1,,,,0,null,"OG-WRL-010,OG-WRL-011,OG-WRL-003",3001,,
T,T1570,T1570 - Establish system and network rights processes and procedures,Establish system and network rights processes and procedures,1,,,,0,null,"IO-WRL-005,IO-WRL-007",3002,,
T,T1571,T1571 - Establish systems and equipment access protocols,Establish systems and equipment access protocols,1,,,,0,null,"IO-WRL-005,IO-WRL-007",3003,,
T,T1572,T1572 - Inventory technology resources,Inventory technology resources,1,,,,0,null,IO-WRL-007,3004,,
T,T1737,T1737 - Develop intelligence collection strategies,Develop intelligence collection strategies,1,,,,0,null,PD-WRL-005,3075,,
T,T1573,T1573 - Determine if developed solutions meet customer requirements,Determine if developed solutions meet customer requirements,1,,,,0,null,DD-WRL-006,3005,,
T,T1574,T1574 - Develop risk acceptance documentation for senior leaders and authorized representatives,Develop risk acceptance documentation for senior leaders and authorized representatives,1,,,,0,null,IO-WRL-006,3006,,
T,T1575,T1575 - Adapt software to new hardware,Adapt software to new hardware,1,,,,0,null,DD-WRL-003,3007,,
T,T1576,T1576 - Upgrade software interfaces,Upgrade software interfaces,1,,,,0,null,DD-WRL-003,3008,,
T,T1577,T1577 - Improve software performance,Improve software performance,1,,,,0,null,DD-WRL-003,3009,,
T,T1578,T1578 - Monitor system and server configurations,Monitor system and server configurations,1,,,,0,null,IO-WRL-005,3010,,
T,T1579,T1579 - Maintain system and server configurations,Maintain system and server configurations,1,,,,0,null,IO-WRL-005,3011,,
T,T1580,T1580 - Monitor client-level computer system performance,Monitor client-level computer system performance,1,,,,0,null,IO-WRL-007,3012,,
T,T1581,T1581 - Create client-level computer system performance reports,Create client-level computer system performance reports,1,,,,0,null,IO-WRL-007,3013,,
T,T1582,T1582 - Maintain currency of cyber defense threat conditions,Maintain currency of cyber defense threat conditions,1,,,,0,null,"PD-WRL-001,PD-WRL-003",3014,,
T,T1583,T1583 - Determine effectiveness of system implementation and testing processes,Determine effectiveness of system implementation and testing processes,1,,,,0,null,"DD-WRL-001,DD-WRL-002,DD-WRL-004,IO-WRL-006,PD-WRL-001",3015,,
T,T1584,T1584 - Establish minimum security requirements for applications,Establish minimum security requirements for applications,1,,,,0,null,"DD-WRL-004,IO-WRL-006",3016,,
T,T1585,T1585 - Determine if applications meet minimum security requirements,Determine if applications meet minimum security requirements,1,,,,0,null,"DD-WRL-004,IO-WRL-006",3017,,
T,T1586,T1586 - Conduct cybersecurity risk assessments,Conduct cybersecurity risk assessments,1,,,,0,null,"DD-WRL-004,OG-WRL-007,OG-WRL-014",3018,,
T,T1587,T1587 - Perform cybersecurity testing on systems in development,Perform cybersecurity testing on systems in development,1,,,,0,null,DD-WRL-007,3019,,
T,T1588,T1588 - Diagnose faulty system and server hardware,Diagnose faulty system and server hardware,1,,,,0,null,IO-WRL-005,3020,,
T,T1589,T1589 - Repair faulty system and server hardware,Repair faulty system and server hardware,1,,,,0,null,IO-WRL-005,3021,,
T,T1590,T1590 - Identify programming flaws,Identify programming flaws,1,,,,0,null,DD-WRL-005,3022,,
T,T1591,T1591 - Address security architecture gaps,Address security architecture gaps,1,,,,0,null,DD-WRL-002,3023,,
T,T1592,T1592 - Conduct cybersecurity reviews,Conduct cybersecurity reviews,1,,,,0,null,"DD-WRL-004,PD-WRL-005",3024,,
T,T1593,T1593 - Identify cybersecurity gaps in enterprise architecture,Identify cybersecurity gaps in enterprise architecture,1,,,,0,null,DD-WRL-004,3025,,
T,T1594,T1594 - Plan classroom learning sessions,Plan classroom learning sessions,1,,,,0,null,OG-WRL-005,3026,,
T,T1595,T1595 - Coordinate training and education,Coordinate training and education,1,,,,0,null,OG-WRL-005,3027,,
T,T1596,T1596 - Plan delivery of non-classroom learning,Plan delivery of non-classroom learning,1,,,,0,null,OG-WRL-005,3028,,
T,T1597,T1597 - Plan implementation strategies,Plan implementation strategies,1,,,,0,null,DD-WRL-002,3029,,
T,T1598,T1598 - Assess the integration and alignment capabilities of enterprise components,Assess the integration and alignment capabilities of enterprise components,1,,,,0,null,DD-WRL-002,3030,,
T,T1599,T1599 - Prepare legal documents,Prepare legal documents,1,,,,0,null,OG-WRL-006,3031,,
T,T1600,T1600 - Prepare investigative reports,Prepare investigative reports,1,,,,0,null,IN-WRL-001,3032,,
T,T1601,T1601 - Advise stakeholders on enterprise cybersecurity risk management,Advise stakeholders on enterprise cybersecurity risk management,1,,,,0,null,"OG-WRL-010,OG-WRL-011,OG-WRL-009,OG-WRL-014",3033,,
T,T1602,T1602 - Advise stakeholders on supply chain risk management,Advise stakeholders on supply chain risk management,1,,,,0,null,"OG-WRL-010,OG-WRL-011,OG-WRL-009,OG-WRL-014",3034,,
T,T1625,T1625 - Prepare vulnerability analysis reports,Prepare vulnerability analysis reports,1,,,,0,null,"DD-WRL-003,DD-WRL-005",3035,,
T,T1603,T1603 - Recommend threat and vulnerability risk mitigation strategies,Recommend threat and vulnerability risk mitigation strategies,1,,,,0,null,"IO-WRL-006,PD-WRL-001",3036,,
T,T1619,T1619 - Perform risk and vulnerability assessments,Perform risk and vulnerability assessments,1,,,,0,null,"DD-WRL-009,PD-WRL-007",3037,,
T,T1604,"T1604 - Provide cybersecurity advice on implementation plans, standard operating procedures, ...","Provide cybersecurity advice on implementation plans, standard operating procedures, maintenance documentation, and maintenance training materials",1,,,,0,null,"DD-WRL-004,OG-WRL-009",3038,,
T,T1628,T1628 - Design cybersecurity management functions,Design cybersecurity management functions,1,,,,0,null,DD-WRL-001,3039,,
T,T1605,"T1605 - Advise management, staff, and users on cybersecurity policy","Advise management, staff, and users on cybersecurity policy",1,,,,0,null,"OG-WRL-002,OG-WRL-003",3040,,
T,T1620,T1620 - Recommend cost-effective security controls,Recommend cost-effective security controls,1,,,,0,null,PD-WRL-007,3041,,
T,T1606,T1606 - Prepare impact reports,Prepare impact reports,1,,,,0,null,"DD-WRL-002,IO-WRL-007",3042,,
T,T1626,T1626 - Determine impact of new systems and system interfaces on current and target environments,Determine impact of new systems and system interfaces on current and target environments,1,,,,0,null,"DD-WRL-002,IO-WRL-007",3043,,
T,T1607,T1607 - Recover information from forensic data sources,Recover information from forensic data sources,1,,,,0,null,"IN-WRL-002,PD-WRL-002",3044,,
T,T1621,T1621 - Prepare supply chain security reports,Prepare supply chain security reports,1,,,,0,null,"OG-WRL-010,OG-WRL-011,OG-WRL-015,OG-WRL-009",3045,,
T,T1608,T1608 - Perform periodic reviews of learning materials and courses for accuracy and currency,Perform periodic reviews of learning materials and courses for accuracy and currency,1,,,,0,null,OG-WRL-004,3046,,
T,T1640,T1640 - Determine effectiveness of intelligence collection operations,Determine effectiveness of intelligence collection operations,1,,,,0,null,PD-WRL-006,3047,,
T,T1609,T1609 - Recommend revisions to learning materials and curriculum,Recommend revisions to learning materials and curriculum,1,,,,0,null,OG-WRL-005,3048,,
T,T1622,T1622 - Prepare risk management reports,Prepare risk management reports,1,,,,0,null,"OG-WRL-010,OG-WRL-011,OG-WRL-015,OG-WRL-009",3049,,
T,T1610,T1610 - Determine if hardware and software complies with defined specifications and requirements,Determine if hardware and software complies with defined specifications and requirements,1,,,,0,null,"DD-WRL-007,DD-WRL-008",3050,,
T,T1627,T1627 - Conduct cybersecurity management assessments,Conduct cybersecurity management assessments,1,,,,0,null,DD-WRL-001,3051,,
T,T1611,T1611 - Record test data,Record test data,1,,,,0,null,DD-WRL-007,3052,,
T,T1623,T1623 - Develop supply chain cybersecurity risk management policy,Develop supply chain cybersecurity risk management policy,1,,,,0,null,OG-WRL-003,3053,,
T,T1612,T1612 - Manage test data,Manage test data,1,,,,0,null,DD-WRL-007,3054,,
T,T1641,T1641 - Recommend adjustments to intelligence collection strategies,Recommend adjustments to intelligence collection strategies,1,,,,0,null,PD-WRL-006,3055,,
T,T1613,T1613 - Determine if design components meet system requirements,Determine if design components meet system requirements,1,,,,0,null,DD-WRL-004,3056,,
T,T1624,T1624 - Conduct vulnerability analysis of software patches and updates,Conduct vulnerability analysis of software patches and updates,1,,,,0,null,"DD-WRL-003,DD-WRL-005",3057,,
T,T1614,T1614 - Determine scalability of system architecture,Determine scalability of system architecture,1,,,,0,null,DD-WRL-004,3058,,
T,T1639,T1639 - Assess target vulnerabilities and operational capabilities,Assess target vulnerabilities and operational capabilities,1,,,,0,null,IN-WRL-001,3059,,
T,T1615,T1615 - Advise stakeholders on vulnerability compliance,Advise stakeholders on vulnerability compliance,1,,,,0,null,"IO-WRL-006,PD-WRL-001",3060,,
T,T1643,T1643 - Develop common operational pictures,Develop common operational pictures,1,,,,0,null,PD-WRL-006,3061,,
T,T1616,T1616 - Resolve computer security incidents,Resolve computer security incidents,1,,,,0,null,"IO-WRL-006,PD-WRL-001",3062,,
T,T1644,T1644 - Develop cyber operations indicators,Develop cyber operations indicators,1,,,,0,null,PD-WRL-006,3063,,
T,T1617,T1617 - Prepare cyber defense reports,Prepare cyber defense reports,1,,,,0,null,"PD-WRL-003,PD-WRL-002",3064,,
T,T1618,"T1618 - Advise stakeholders on disaster recovery, contingency, and continuity of operations plans","Advise stakeholders on disaster recovery, contingency, and continuity of operations plans",1,,,,0,null,"IO-WRL-006,PD-WRL-001",3065,,
T,T1645,T1645 - Coordinate all-source collection activities,Coordinate all-source collection activities,1,,,,0,null,PD-WRL-006,3066,,
T,T1747,T1747 - Identify system vulnerabilities within a network,Identify system vulnerabilities within a network,1,,,,0,null,,3067,,
T,T1646,T1646 - Validate all-source collection requirements and plans,Validate all-source collection requirements and plans,1,,,,0,null,PD-WRL-006,3068,,
T,T1698,T1698 - Collect target information,Collect target information,1,,,,0,null,,3069,,
T,T1647,T1647 - Develop priority information requirements,Develop priority information requirements,1,,,,0,null,PD-WRL-006,3070,,
T,T1719,T1719 - Develop cybersecurity cooperation agreements with external partners,Develop cybersecurity cooperation agreements with external partners,1,,,,0,null,,3071,,
T,T1648,T1648 - Develop performance success metrics,Develop performance success metrics,1,,,,0,null,,3072,,
T,T1699,T1699 - Develop crisis plans,Develop crisis plans,1,,,,0,null,,3073,,
T,T1650,T1650 - Develop cybersecurity success metrics,Develop cybersecurity success metrics,1,,,,0,null,,3074,,
T,T1651,T1651 - Prepare threat and target briefings,Prepare threat and target briefings,1,,,,0,null,PD-WRL-006,3076,,
T,T1700,T1700 - Maintain crisis plans,Maintain crisis plans,1,,,,0,null,,3077,,
T,T1652,T1652 - Prepare threat and target situational updates,Prepare threat and target situational updates,1,,,,0,null,PD-WRL-006,3078,,
T,T1732,T1732 - Determine effectiveness of network analysis strategies,Determine effectiveness of network analysis strategies,1,,,,0,null,,3079,,
T,T1658,T1658 - Determine customer requirements,Determine customer requirements,1,,,,0,null,"DD-WRL-005,IO-WRL-003",3080,,
T,T1708,T1708 - Prepare operational assessment reports,Prepare operational assessment reports,1,,,,0,null,,3081,,
T,T1666,T1666 - Exploit wireless computer and digital networks,Exploit wireless computer and digital networks,1,,,,0,null,,3082,,
T,T1743,T1743 - Identify information collection gaps,Identify information collection gaps,1,,,,0,null,PD-WRL-005,3083,,
T,T1669,T1669 - Analyze system vulnerabilities within a network,Analyze system vulnerabilities within a network,1,,,,0,null,,3084,,
T,T1712,T1712 - Recommend potential courses of action,Recommend potential courses of action,1,,,,0,null,"IN-WRL-001,PD-WRL-005",3085,,
T,T1670,T1670 - Conduct on-net activities,Conduct on-net activities,1,,,,0,null,,3086,,
T,T1734,T1734 - Exploit network devices and terminals,Exploit network devices and terminals,1,,,,0,null,,3087,,
T,T1671,T1671 - Exfiltrate data from deployed technologies,Exfiltrate data from deployed technologies,1,,,,0,null,,3088,,
T,T1713,T1713 - Develop feedback procedures,Develop feedback procedures,1,,,,0,null,,3089,,
T,T1672,T1672 - Conduct off-net activities,Conduct off-net activities,1,,,,0,null,,3090,,
T,T1758,T1758 - Determine potential implications of new and emerging hardware and software technologies,Determine potential implications of new and emerging hardware and software technologies,1,,,,0,null,,3091,,
T,T1676,T1676 - Survey computer and digital networks,Survey computer and digital networks,1,,,,0,null,,3092,,
T,T1717,T1717 - Recommend changes to planning policies and procedures,Recommend changes to planning policies and procedures,1,,,,0,null,,3093,,
T,T1679,T1679 - Develop organizational decision support tools,Develop organizational decision support tools,1,,,,0,null,,3094,,
T,T1741,T1741 - Designate priority information requirements,Designate priority information requirements,1,,,,0,null,,3095,,
T,T1686,T1686 - Identify intelligence requirements,Identify intelligence requirements,1,,,,0,null,PD-WRL-006,3096,,
T,T1718,T1718 - Implement changes to planning policies and procedures,Implement changes to planning policies and procedures,1,,,,0,null,,3097,,
T,T1689,T1689 - Create comprehensive exploitation strategies,Create comprehensive exploitation strategies,1,,,,0,null,,3098,,
T,T1736,T1736 - Communicate tool requirements to developers,Communicate tool requirements to developers,1,,,,0,null,,3099,,
T,T1690,T1690 - Identify exploitable technical or operational vulnerabilities,Identify exploitable technical or operational vulnerabilities,1,,,,0,null,PD-WRL-005,3100,,
T,T1762,T1762 - Modify collection requirements,Modify collection requirements,1,,,,0,null,PD-WRL-006,3101,,
T,T1763,T1763 - Determine effectiveness of collection requirements,Determine effectiveness of collection requirements,1,,,,0,null,PD-WRL-006,3102,,
T,T1806,T1806 - Research communications trends in emerging technologies,Research communications trends in emerging technologies,1,,,,0,null,,3103,,
T,T1765,T1765 - Monitor changes to designated cyber operations warning problem sets,Monitor changes to designated cyber operations warning problem sets,1,,,,0,null,PD-WRL-006,3104,,
T,T1792,T1792 - Assess effectiveness of intelligence production,Assess effectiveness of intelligence production,1,,,,0,null,PD-WRL-006,3105,,
T,T1766,T1766 - Prepare change reports for designated cyber operations warning problem sets,Prepare change reports for designated cyber operations warning problem sets,1,,,,0,null,PD-WRL-006,3106,,
T,T1835,T1835 - Determine if intelligence requirements and collection plans are accurate and up-to-date,Determine if intelligence requirements and collection plans are accurate and up-to-date,1,,,,0,null,PD-WRL-006,3107,,
T,T1767,T1767 - Monitor threat activities,Monitor threat activities,1,,,,0,null,PD-WRL-006,3108,,
T,T1793,T1793 - Assess effectiveness of intelligence reporting,Assess effectiveness of intelligence reporting,1,,,,0,null,PD-WRL-006,3109,,
T,T1768,T1768 - Prepare threat activity reports,Prepare threat activity reports,1,,,,0,null,PD-WRL-006,3110,,
T,T1829,T1829 - Evaluate locally developed tools,Evaluate locally developed tools,1,,,,0,null,"DD-WRL-007,OG-WRL-012",3111,,
T,T1770,T1770 - Report on adversarial activities that fulfill priority information requirements,Report on adversarial activities that fulfill priority information requirements,1,,,,0,null,PD-WRL-006,3112,,
T,T1798,T1798 - Provide intelligence analysis and support,Provide intelligence analysis and support,1,,,,0,null,PD-WRL-006,3113,,
T,T1772,T1772 - Identify indications and warnings of target communication changes or processing failures,Identify indications and warnings of target communication changes or processing failures,1,,,,0,null,PD-WRL-006,3114,,
T,T1842,T1842 - Identify metadata patterns,Identify metadata patterns,1,,,,0,null,,3115,,
T,T1775,T1775 - Prepare cyber operations intelligence reports,Prepare cyber operations intelligence reports,1,,,,0,null,PD-WRL-006,3116,,
T,T1799,T1799 - Notify appropriate personnel of imminent hostile intentions or activities,Notify appropriate personnel of imminent hostile intentions or activities,1,,,,0,null,"PD-WRL-005,PD-WRL-006",3117,,
T,T1776,T1776 - Prepare indications and warnings intelligence reports,Prepare indications and warnings intelligence reports,1,,,,0,null,PD-WRL-006,3118,,
T,T1830,T1830 - Test internally developed software,Test internally developed software,1,,,,0,null,,3119,,
T,T1777,T1777 - Conduct policy reviews,Conduct policy reviews,1,,,,0,null,,3120,,
T,T1801,T1801 - Determine validity and relevance of information,Determine validity and relevance of information,1,,,,0,null,PD-WRL-005,3121,,
T,T1779,T1779 - Coordinate strategic planning efforts with internal and external partners,Coordinate strategic planning efforts with internal and external partners,1,,,,0,null,OG-WRL-007,3122,,
T,T1836,T1836 - Document lessons learned during events and exercises,Document lessons learned during events and exercises,1,,,,0,null,,3123,,
T,T1780,T1780 - Develop external coordination policies,Develop external coordination policies,1,,,,0,null,,3124,,
T,T1802,T1802 - Prepare network reports,Prepare network reports,1,,,,0,null,,3125,,
T,T1781,T1781 - Degrade or remove data from networks and computers,Degrade or remove data from networks and computers,1,,,,0,null,,3126,,
T,T1831,T1831 - Track status of information requests,Track status of information requests,1,,,,0,null,,3127,,
T,T1784,T1784 - Process exfiltrated data,Process exfiltrated data,1,,,,0,null,,3128,,
T,T1804,T1804 - Prepare network intrusion reports,Prepare network intrusion reports,1,,,,0,null,PD-WRL-006,3129,,
T,T1786,T1786 - Profile system administrators and their activities,Profile system administrators and their activities,1,,,,0,null,,3130,,
T,T1846,T1846 - Develop natural language processing tools,Develop natural language processing tools,1,,,,0,null,,3131,,
T,T1789,T1789 - Provide aim point recommendations for targets,Provide aim point recommendations for targets,1,,,,0,null,,3132,,
T,T1849,T1849 - Communicate critical or time-sensitive information,Communicate critical or time-sensitive information,1,,,,0,null,,3133,,
T,T1790,T1790 - Provide reengagement recommendations,Provide reengagement recommendations,1,,,,0,null,,3134,,
T,T1885,T1885 - Establish mechanisms to track access to protected health information,Establish mechanisms to track access to protected health information,1,,,,0,null,OG-WRL-008,3135,,
T,T1853,T1853 - Determine if new and existing services comply with privacy and data security obligations,Determine if new and existing services comply with privacy and data security obligations,1,,,,0,null,OG-WRL-008,3136,,
T,T1854,T1854 - Develop and maintain privacy and confidentiality consent forms,Develop and maintain privacy and confidentiality consent forms,1,,,,0,null,OG-WRL-008,3137,,
T,T1855,T1855 - Develop and maintain privacy and confidentiality authorization forms,Develop and maintain privacy and confidentiality authorization forms,1,,,,0,null,OG-WRL-008,3138,,
T,T1856,"T1856 - Integrate civil rights and civil liberties in organizational programs, policies, and ...","Integrate civil rights and civil liberties in organizational programs, policies, and procedures",1,,,,0,null,OG-WRL-008,3139,,
T,T1857,"T1857 - Integrate privacy considerations in organizational programs, policies, and procedures","Integrate privacy considerations in organizational programs, policies, and procedures",1,,,,0,null,OG-WRL-008,3140,,
T,T1858,T1858 - Serve as liaison to regulatory and accrediting bodies,Serve as liaison to regulatory and accrediting bodies,1,,,,0,null,OG-WRL-008,3141,,
T,T1859,T1859 - Register databases with local privacy and data protection authorities,Register databases with local privacy and data protection authorities,1,,,,0,null,OG-WRL-008,3142,,
T,T1860,T1860 - Promote privacy awareness to management,Promote privacy awareness to management,1,,,,0,null,OG-WRL-008,3143,,
T,T1861,T1861 - Establish organizational Privacy Oversight Committee,Establish organizational Privacy Oversight Committee,1,,,,0,null,OG-WRL-008,3144,,
T,T1862,T1862 - Establish cybersecurity risk assessment processes,Establish cybersecurity risk assessment processes,1,,,,0,null,"OG-WRL-007,OG-WRL-008",3145,,
T,T1863,T1863 - Develop information sharing strategic plans,Develop information sharing strategic plans,1,,,,0,null,OG-WRL-008,3146,,
T,T1864,T1864 - Develop organizational information infrastructure,Develop organizational information infrastructure,1,,,,0,null,OG-WRL-008,3147,,
T,T1865,T1865 - Implement organizational information infrastructure,Implement organizational information infrastructure,1,,,,0,null,OG-WRL-008,3148,,
T,T1866,T1866 - Develop self-disclosure policies and procedures,Develop self-disclosure policies and procedures,1,,,,0,null,OG-WRL-008,3149,,
T,T1867,T1867 - Oversee consumer information access rights,Oversee consumer information access rights,1,,,,0,null,OG-WRL-008,3150,,
T,T1868,T1868 - Serve as information privacy liaison to technology system users,Serve as information privacy liaison to technology system users,1,,,,0,null,OG-WRL-008,3151,,
T,T1869,T1869 - Serve as liaison to information systems department,Serve as liaison to information systems department,1,,,,0,null,OG-WRL-008,3152,,
T,T1870,T1870 - Create privacy training materials,Create privacy training materials,1,,,,0,null,"OG-WRL-004,OG-WRL-005,OG-WRL-008",3153,,
T,T1871,T1871 - Prepare privacy awareness communications,Prepare privacy awareness communications,1,,,,0,null,"OG-WRL-004,OG-WRL-005,OG-WRL-008",3154,,
T,T1872,T1872 - Deliver privacy awareness orientations,Deliver privacy awareness orientations,1,,,,0,null,OG-WRL-008,3155,,
T,T1873,T1873 - Deliver privacy awareness trainings,Deliver privacy awareness trainings,1,,,,0,null,"OG-WRL-004,OG-WRL-005,OG-WRL-008",3156,,
T,T1874,T1874 - Manage organizational participation in public privacy and cybersecurity events,Manage organizational participation in public privacy and cybersecurity events,1,,,,0,null,OG-WRL-008,3157,,
T,T1875,T1875 - Prepare privacy program status reports,Prepare privacy program status reports,1,,,,0,null,OG-WRL-008,3158,,
T,T1876,T1876 - Respond to press and other public data security inquiries,Respond to press and other public data security inquiries,1,,,,0,null,OG-WRL-008,3159,,
T,T1877,T1877 - Develop organizational privacy program,Develop organizational privacy program,1,,,,0,null,OG-WRL-008,3160,,
T,T1878,T1878 - Apply sanctions for failure to comply with privacy policies,Apply sanctions for failure to comply with privacy policies,1,,,,0,null,OG-WRL-008,3161,,
T,T1879,T1879 - Develop sanctions for failure to comply with privacy policies,Develop sanctions for failure to comply with privacy policies,1,,,,0,null,OG-WRL-008,3162,,
T,T1880,T1880 - Resolve allegations of noncompliance with privacy policies and notice of information ...,Resolve allegations of noncompliance with privacy policies and notice of information practices,1,,,,0,null,OG-WRL-008,3163,,
T,T1881,T1881 - Develop a risk management and compliance framework for privacy,Develop a risk management and compliance framework for privacy,1,,,,0,null,OG-WRL-008,3164,,
T,T1882,T1882 - Determine if projects comply with organizational privacy and data security policies,Determine if projects comply with organizational privacy and data security policies,1,,,,0,null,OG-WRL-008,3165,,
T,T1883,T1883 - Develop organizational privacy policies and procedures,Develop organizational privacy policies and procedures,1,,,,0,null,OG-WRL-008,3166,,
T,T1884,T1884 - Establish complaint processes,Establish complaint processes,1,,,,0,null,OG-WRL-008,3167,,
T,T1886,T1886 - Maintain the organizational policy program,Maintain the organizational policy program,1,,,,0,null,OG-WRL-008,3168,,
T,T1902,T1902 - Implement and maintain organizational privacy policies and procedures,Implement and maintain organizational privacy policies and procedures,1,,,,0,null,OG-WRL-008,3169,,
T,T1887,T1887 - Conduct privacy impact assessments,Conduct privacy impact assessments,1,,,,0,null,OG-WRL-008,3170,,
T,T1914,T1914 - Register systems with organizational program management offices,Register systems with organizational program management offices,1,,,,0,null,,3171,,
T,T1888,T1888 - Conduct privacy compliance monitoring,Conduct privacy compliance monitoring,1,,,,0,null,OG-WRL-008,3172,,
T,T1903,T1903 - Develop and maintain privacy and confidentiality information notices,Develop and maintain privacy and confidentiality information notices,1,,,,0,null,OG-WRL-008,3173,,
T,T1889,T1889 - Align cybersecurity and privacy practices in system information security plans,Align cybersecurity and privacy practices in system information security plans,1,,,,0,null,OG-WRL-008,3174,,
T,T1910,T1910 - Identify common controls available for inheritance by organizational systems,Identify common controls available for inheritance by organizational systems,1,,,,0,null,,3175,,
T,T1890,T1890 - Determine if protected information releases comply with organizational policies and ...,Determine if protected information releases comply with organizational policies and procedures,1,,,,0,null,OG-WRL-008,3176,,
T,T1904,T1904 - Determine business partner requirements,Determine business partner requirements,1,,,,0,null,,3177,,
T,T1891,T1891 - Administer requests for release or disclosure of protected information,Administer requests for release or disclosure of protected information,1,,,,0,null,OG-WRL-008,3178,,
T,T1913,T1913 - Identify system security requirements,Identify system security requirements,1,,,,0,null,"DD-WRL-005,IO-WRL-003",3179,,
T,T1892,T1892 - Develop vendor review procedures,Develop vendor review procedures,1,,,,0,null,OG-WRL-008,3180,,
T,T1905,T1905 - Monitor advancements in information privacy technologies,Monitor advancements in information privacy technologies,1,,,,0,null,OG-WRL-008,3181,,
T,T1893,T1893 - Develop vendor auditing procedures,Develop vendor auditing procedures,1,,,,0,null,OG-WRL-008,3182,,
T,T1911,T1911 - Determine the security categorization for organizational systems,Determine the security categorization for organizational systems,1,,,,0,null,,3183,,
T,T1894,T1894 - Determine if partner and business agreements address privacy requirements and ...,Determine if partner and business agreements address privacy requirements and responsibilities,1,,,,0,null,OG-WRL-008,3184,,
T,T1906,T1906 - Establish a cybersecurity risk management program,Establish a cybersecurity risk management program,1,,,,0,null,OG-WRL-007,3185,,
T,T1895,T1895 - Provide legal advice for business partner contracts,Provide legal advice for business partner contracts,1,,,,0,null,OG-WRL-008,3186,,
T,T1916,T1916 - Document planned system security control implementations,Document planned system security control implementations,1,,,,0,null,,3187,,
T,T1896,T1896 - Mitigate Personal Identifiable Information (PII) breaches,Mitigate Personal Identifiable Information (PII) breaches,1,,,,0,null,OG-WRL-008,3188,,
T,T1907,T1907 - Establish organizational risk management strategies,Establish organizational risk management strategies,1,,,,0,null,OG-WRL-008,3189,,
T,T1897,T1897 - Administer action on organizational privacy complaints,Administer action on organizational privacy complaints,1,,,,0,null,OG-WRL-008,3190,,
T,T1912,T1912 - Determine system boundaries,Determine system boundaries,1,,,,0,null,,3191,,
T,T1898,T1898 - Determine if the organization's privacy program complies with federal and state privacy ...,Determine if the organization's privacy program complies with federal and state privacy laws and regulations,1,,,,0,null,OG-WRL-008,3192,,
T,T1908,T1908 - Determine which business functions a system supports,Determine which business functions a system supports,1,,,,0,null,,3193,,
T,T1899,T1899 - Identify organizational privacy compliance gaps,Identify organizational privacy compliance gaps,1,,,,0,null,OG-WRL-008,3194,,
T,T1915,T1915 - Identify required system security controls,Identify required system security controls,1,,,,0,null,,3195,,
T,T1900,T1900 - Correct organizational privacy compliance gaps,Correct organizational privacy compliance gaps,1,,,,0,null,OG-WRL-008,3196,,
T,T1909,T1909 - Determine system stakeholders,Determine system stakeholders,1,,,,0,null,,3197,,
T,T1901,T1901 - Manage privacy breaches,Manage privacy breaches,1,,,,0,null,OG-WRL-008,3198,,
T,T1917,T1917 - Establish security control monitoring strategies,Establish security control monitoring strategies,1,,,,0,null,,3199,,
T,T1918,T1918 - Review and approve System Security Plans (SSPs),Review and approve System Security Plans (SSPs),1,,,,0,null,,3200,,
T,T1935,T1935 - Update cybersecurity action plans,Update cybersecurity action plans,1,,,,0,null,,3201,,
T,T1919,T1919 - Implement system security controls,Implement system security controls,1,,,,0,null,,3202,,
T,T1947,T1947 - Determine if continuous monitoring data provides situational awareness of risk levels,Determine if continuous monitoring data provides situational awareness of risk levels,1,,,,0,null,,3203,,
T,T1920,T1920 - Establish system configuration baselines,Establish system configuration baselines,1,,,,0,null,,3204,,
T,T1936,T1936 - Report system security status to authorizing officials,Report system security status to authorizing officials,1,,,,0,null,,3205,,
T,T1921,T1921 - Document changes to planned system control implementations,Document changes to planned system control implementations,1,,,,0,null,,3206,,
T,T1943,T1943 - Make cybersecurity investment decisions to address persistent issues,Make cybersecurity investment decisions to address persistent issues,1,,,,0,null,,3207,,
T,T1922,T1922 - Develop system security control assessment plans,Develop system security control assessment plans,1,,,,0,null,,3208,,
T,T1937,T1937 - Determine if system security meets acceptable risk levels,Determine if system security meets acceptable risk levels,1,,,,0,null,,3209,,
T,T1923,T1923 - Approve system security control assessment plans,Approve system security control assessment plans,1,,,,0,null,,3210,,
T,T1946,T1946 - Determine if risk metrics support continuous monitoring,Determine if risk metrics support continuous monitoring,1,,,,0,null,,3211,,
T,T1924,T1924 - Determine effectiveness of security controls,Determine effectiveness of security controls,1,,,,0,null,,3212,,
T,T1938,T1938 - Establish system disposal processes,Establish system disposal processes,1,,,,0,null,,3213,,
T,T1925,T1925 - Prepare security control assessment reports,Prepare security control assessment reports,1,,,,0,null,,3214,,
T,T1944,T1944 - Provide training and resources to continuous monitoring staff,Provide training and resources to continuous monitoring staff,1,,,,0,null,,3215,,
T,T1926,T1926 - Conduct security control remediations,Conduct security control remediations,1,,,,0,null,,3216,,
T,T1939,T1939 - Implement system disposal processes,Implement system disposal processes,1,,,,0,null,,3217,,
T,T1927,T1927 - Develop cybersecurity action plans and milestones,Develop cybersecurity action plans and milestones,1,,,,0,null,,3218,,
T,T1949,T1949 - Establish system-level reporting categories,Establish system-level reporting categories,1,,,,0,null,,3219,,
T,T1928,T1928 - Prepare authorization packages,Prepare authorization packages,1,,,,0,null,,3220,,
T,T1940,T1940 - Form continuous monitoring working groups,Form continuous monitoring working groups,1,,,,0,null,,3221,,
T,T1929,T1929 - Submit authorization packages to authorizing officials for adjudication,Submit authorization packages to authorizing officials for adjudication,1,,,,0,null,,3222,,
T,T1945,T1945 - Prepare continuous monitoring reports,Prepare continuous monitoring reports,1,,,,0,null,,3223,,
T,T1930,T1930 - Determine risks of operating or using a system,Determine risks of operating or using a system,1,,,,0,null,,3224,,
T,T1941,T1941 - Establish continuous monitoring scoring and grading metrics,Establish continuous monitoring scoring and grading metrics,1,,,,0,null,,3225,,
T,T1931,T1931 - Determine risks of using common controls,Determine risks of using common controls,1,,,,0,null,,3226,,
T,T1948,T1948 - Define unacceptable risk threshold triggers for continuous monitoring data,Define unacceptable risk threshold triggers for continuous monitoring data,1,,,,0,null,,3227,,
T,T1932,T1932 - Implement cybersecurity action plans,Implement cybersecurity action plans,1,,,,0,null,,3228,,
T,T1942,T1942 - Integrate a continuous monitoring program into organizational security governance ...,Integrate a continuous monitoring program into organizational security governance structures and policies,1,,,,0,null,,3229,,
T,T1933,T1933 - Determine if system security risks are acceptable,Determine if system security risks are acceptable,1,,,,0,null,,3230,,
T,T1950,T1950 - Manage the continuous monitoring program,Manage the continuous monitoring program,1,,,,0,null,,3231,,
T,T1934,T1934 - Determine if common control risks are acceptable,Determine if common control risks are acceptable,1,,,,0,null,,3232,,
T,T1951,T1951 - Establish continuous monitoring communication processes,Establish continuous monitoring communication processes,1,,,,0,null,,3233,,
T,T1977,T1977 - Coordinate with internal and external incident management partners across jurisdictions,Coordinate with internal and external incident management partners across jurisdictions,1,,,,0,null,PD-WRL-005,3234,,
T,T1952,T1952 - Identify reporting requirements that are fulfilled by the continuous monitoring program,Identify reporting requirements that are fulfilled by the continuous monitoring program,1,,,,0,null,,3235,,
T,T1967,T1967 - Coordinate responses to issues flagged during continuous monitoring,Coordinate responses to issues flagged during continuous monitoring,1,,,,0,null,,3236,,
T,T1953,T1953 - Establish continuous monitoring reporting requirements,Establish continuous monitoring reporting requirements,1,,,,0,null,,3237,,
T,T1974,T1974 - Conduct insider threat risk assessments,Conduct insider threat risk assessments,1,,,,0,null,PD-WRL-005,3238,,
T,T1954,T1954 - Perform continuous monitoring,Perform continuous monitoring,1,,,,0,null,,3239,,
T,T1968,T1968 - Implement risk mitigation strategies,Implement risk mitigation strategies,1,,,,0,null,,3240,,
T,T1955,T1955 - Establish automated control assessment reporting requirements,Establish automated control assessment reporting requirements,1,,,,0,null,,3241,,
T,T1979,T1979 - Collect digital evidence that meets priority intelligence requirements,Collect digital evidence that meets priority intelligence requirements,1,,,,0,null,PD-WRL-005,3242,,
T,T1956,T1956 - Conduct continuous monitoring data assessments,Conduct continuous monitoring data assessments,1,,,,0,null,,3243,,
T,T1969,T1969 - Document system alerts,Document system alerts,1,,,,0,null,PD-WRL-005,3244,,
T,T1957,T1957 - Integrate continuous monitoring results in ongoing authorizations,Integrate continuous monitoring results in ongoing authorizations,1,,,,0,null,,3245,,
T,T1975,T1975 - Prepare insider threat briefings,Prepare insider threat briefings,1,,,,0,null,PD-WRL-005,3246,,
T,T1958,T1958 - Establish access control processes for continuous monitoring tools and technologies,Establish access control processes for continuous monitoring tools and technologies,1,,,,0,null,,3247,,
T,T1970,T1970 - Escalate system alerts that may indicate risks,Escalate system alerts that may indicate risks,1,,,,0,null,PD-WRL-005,3248,,
T,T1959,T1959 - Implement access control processes for continuous monitoring tools and technologies,Implement access control processes for continuous monitoring tools and technologies,1,,,,0,null,,3249,,
T,T1978,T1978 - Recommend improvements to insider threat detection processes,Recommend improvements to insider threat detection processes,1,,,,0,null,PD-WRL-005,3250,,
T,T1960,T1960 - Establish technical help processes for continuous monitoring mitigators,Establish technical help processes for continuous monitoring mitigators,1,,,,0,null,,3251,,
T,T1971,T1971 - Disseminate anomalous activity reports to the insider threat hub,Disseminate anomalous activity reports to the insider threat hub,1,,,,0,null,PD-WRL-005,3252,,
T,T1961,T1961 - Communicate continuous monitoring reporting requirements,Communicate continuous monitoring reporting requirements,1,,,,0,null,,3253,,
T,T1976,T1976 - Recommend risk mitigation courses of action (CoA),Recommend risk mitigation courses of action (CoA),1,,,,0,null,PD-WRL-005,3254,,
T,T1962,T1962 - Define responsibilities for implementing continuous monitoring tools or technologies,Define responsibilities for implementing continuous monitoring tools or technologies,1,,,,0,null,,3255,,
T,T1972,T1972 - Identify anomalous activity,Identify anomalous activity,1,,,,0,null,,3256,,
T,T1963,T1963 - Establish liaison to scoring and metrics working group,Establish liaison to scoring and metrics working group,1,,,,0,null,,3257,,
T,T1980,T1980 - Develop digital evidence reports for internal and external partners,Develop digital evidence reports for internal and external partners,1,,,,0,null,PD-WRL-005,3258,,
T,T1964,T1964 - Establish risk management processes,Establish risk management processes,1,,,,0,null,,3259,,
T,T1973,T1973 - Conduct independent comprehensive assessments of target-specific information,Conduct independent comprehensive assessments of target-specific information,1,,,,0,null,PD-WRL-005,3260,,
T,T1965,T1965 - Establish performance measurement requirements for continuous monitoring tools and ...,Establish performance measurement requirements for continuous monitoring tools and technologies,1,,,,0,null,,3261,,
T,T1981,T1981 - Develop elicitation indicators,Develop elicitation indicators,1,,,,0,null,PD-WRL-005,3262,,
T,T1966,T1966 - Assess continuous monitoring performance,Assess continuous monitoring performance,1,,,,0,null,,3263,,
T,T1982,T1982 - Identify high value assets,Identify high value assets,1,,,,0,null,PD-WRL-005,3264,,
T,T2010,T2010 - Maintain User Activity Monitoring (UAM) tools,Maintain User Activity Monitoring (UAM) tools,1,,,,0,null,PD-WRL-005,3265,,
T,T1983,T1983 - Identify potential insider threats,Identify potential insider threats,1,,,,0,null,PD-WRL-005,3266,,
T,T1999,T1999 - Refer cases on active insider threat activities to law enforcement investigators,Refer cases on active insider threat activities to law enforcement investigators,1,,,,0,null,PD-WRL-005,3267,,
T,T1984,T1984 - Notify appropriate personnel of imminent of imminent hostile intentions or activities,Notify appropriate personnel of imminent of imminent hostile intentions or activities,1,,,,0,null,,3268,,
T,T2006,T2006 - Identify potential targets for exploitation,Identify potential targets for exploitation,1,,,,0,null,PD-WRL-005,3269,,
T,T1985,T1985 - Identify imminent or hostile intentions or activities,Identify imminent or hostile intentions or activities,1,,,,0,null,PD-WRL-005,3270,,
T,T2000,T2000 - Perform cybersecurity reviews,Perform cybersecurity reviews,1,,,,0,null,,3271,,
T,T1986,T1986 - Develop a continuously updated overview of an incident throughout the incident's life cycle,Develop a continuously updated overview of an incident throughout the incident's life cycle,1,,,,0,null,PD-WRL-005,3272,,
T,T2009,T2009 - Develop insider threat targets,Develop insider threat targets,1,,,,0,null,PD-WRL-005,3273,,
T,T1987,T1987 - Develop insider threat cyber operations indicators,Develop insider threat cyber operations indicators,1,,,,0,null,PD-WRL-005,3274,,
T,T2001,T2001 - Establish an insider threat risk management assessment program,Establish an insider threat risk management assessment program,1,,,,0,null,PD-WRL-005,3275,,
T,T1988,"T1988 - Integrate information from cyber resources, internal partners, and external partners","Integrate information from cyber resources, internal partners, and external partners",1,,,,0,null,PD-WRL-005,3276,,
T,T2007,T2007 - Analyze potential targets for exploitation,Analyze potential targets for exploitation,1,,,,0,null,PD-WRL-005,3277,,
T,T1989,T1989 - Advise insider threat hub inquiries,Advise insider threat hub inquiries,1,,,,0,null,PD-WRL-005,3278,,
T,T2002,T2002 - Recommend courses of action or countermeasures to mitigate risks,Recommend courses of action or countermeasures to mitigate risks,1,,,,0,null,,3279,,
T,T1990,T1990 - Conduct cybersecurity insider threat inquiries,Conduct cybersecurity insider threat inquiries,1,,,,0,null,PD-WRL-005,3280,,
T,T2012,T2012 - Check network connections,Check network connections,1,,,,0,null,IN-WRL-002,3281,,
T,T1991,T1991 - Deliver all-source cyber operations and intelligence indications and warnings,Deliver all-source cyber operations and intelligence indications and warnings,1,,,,0,null,PD-WRL-005,3282,,
T,T2003,T2003 - Evaluate organizational insider risk response capabilities,Evaluate organizational insider risk response capabilities,1,,,,0,null,PD-WRL-005,3283,,
T,T1992,T1992 - Interpret network activity for intelligence value,Interpret network activity for intelligence value,1,,,,0,null,PD-WRL-005,3284,,
T,T2008,T2008 - Vet insider threat targeting with law enforcement and intelligence partners,Vet insider threat targeting with law enforcement and intelligence partners,1,,,,0,null,,3285,,
T,T1993,T1993 - Monitor network activity for vulnerabilities,Monitor network activity for vulnerabilities,1,,,,0,null,PD-WRL-005,3286,,
T,T2004,T2004 - Document insider threat information sources,Document insider threat information sources,1,,,,0,null,PD-WRL-005,3287,,
T,T1994,T1994 - Identify potential insider risks to networks,Identify potential insider risks to networks,1,,,,0,null,PD-WRL-005,3288,,
T,T2011,T2011 - Monitor the output from User Activity Monitoring (UAM) tools,Monitor the output from User Activity Monitoring (UAM) tools,1,,,,0,null,PD-WRL-005,3289,,
T,T1995,T1995 - Document potential insider risks to networks,Document potential insider risks to networks,1,,,,0,null,PD-WRL-005,3290,,
T,T2005,T2005 - Conduct insider threat studies,Conduct insider threat studies,1,,,,0,null,PD-WRL-005,3291,,
T,T1996,T1996 - Report network vulnerabilities,Report network vulnerabilities,1,,,,0,null,PD-WRL-005,3292,,
T,T2013,T2013 - Look for indicators of intrusions,Look for indicators of intrusions,1,,,,0,null,IN-WRL-002,3293,,
T,T1997,T1997 - Develop insider threat investigation plans,Develop insider threat investigation plans,1,,,,0,null,PD-WRL-005,3294,,
T,T2014,T2014 - Identify devices and networks on scene,Identify devices and networks on scene,1,,,,0,null,IN-WRL-002,3295,,
T,T1998,T1998 - Investigate alleged insider threat cybersecurity policy violations,Investigate alleged insider threat cybersecurity policy violations,1,,,,0,null,PD-WRL-005,3296,,
T,T2015,T2015 - Collect devices containing digital evidence,Collect devices containing digital evidence,1,,,,0,null,IN-WRL-002,3297,,
T,T2031,T2031 - Identify gaps in OT network architecture,Identify gaps in OT network architecture,1,,,,0,null,DD-WRL-009,3298,,
T,T2016,T2016 - Identify areas of compromise,Identify areas of compromise,1,,,,0,null,IN-WRL-002,3299,,
T,T2043,T2043 - Oversee implementation of system controls,Oversee implementation of system controls,1,,,,0,null,DD-WRL-009,3300,,
T,T2017,T2017 - Acquire digital evidence,Acquire digital evidence,1,,,,0,null,IN-WRL-002,3301,,
T,T2032,T2032 - Assign security level targets to network zones for control systems,Assign security level targets to network zones for control systems,1,,,,0,null,DD-WRL-009,3302,,
T,T2018,T2018 - Create a digital footprint of raw or physical data,Create a digital footprint of raw or physical data,1,,,,0,null,IN-WRL-002,3303,,
T,T2039,T2039 - Determine the impact of cybersecurity requirements on costs and budgeting,Determine the impact of cybersecurity requirements on costs and budgeting,1,,,,0,null,DD-WRL-009,3304,,
T,T2019,T2019 - Process data into readable format,Process data into readable format,1,,,,0,null,IN-WRL-002,3305,,
T,T2033,T2033 - Create a change management plan,Create a change management plan,1,,,,0,null,DD-WRL-009,3306,,
T,T2020,T2020 - Prepare data for ingestion into application systems,Prepare data for ingestion into application systems,1,,,,0,null,IN-WRL-002,3307,,
T,T2042,T2042 - Generate cyberattack scenarios of serious physical consequence,Generate cyberattack scenarios of serious physical consequence,1,,,,0,null,DD-WRL-009,3308,,
T,T2021,T2021 - Recover deleted or overwritten data files,Recover deleted or overwritten data files,1,,,,0,null,IN-WRL-002,3309,,
T,T2034,T2034 - Design cybersecurity tools for OT systems,Design cybersecurity tools for OT systems,1,,,,0,null,DD-WRL-009,3310,,
T,T2022,T2022 - Create derivative evidence from findings report,Create derivative evidence from findings report,1,,,,0,null,IN-WRL-002,3311,,
T,T2040,T2040 - Conduct cybersecurity reviews of OT system engineering plans and documentation,Conduct cybersecurity reviews of OT system engineering plans and documentation,1,,,,0,null,DD-WRL-009,3312,,
T,T2023,T2023 - Serve as subject expert in training fact witnesses for testifying,Serve as subject expert in training fact witnesses for testifying,1,,,,0,null,IN-WRL-002,3313,,
T,T2035,T2035 - Perform a process hazard analysis (PHA),Perform a process hazard analysis (PHA),1,,,,0,null,DD-WRL-009,3314,,
T,T2024,T2024 - Present factual causality to support attribution of criminal activity,Present factual causality to support attribution of criminal activity,1,,,,0,null,IN-WRL-002,3315,,
T,T2044,T2044 - Develop system upgrade specifications,Develop system upgrade specifications,1,,,,0,null,DD-WRL-009,3316,,
T,T2025,T2025 - Prepare technical materials for legal proceedings,Prepare technical materials for legal proceedings,1,,,,0,null,IN-WRL-002,3317,,
T,T2036,"T2036 - Review policies, standards, and regulations for conflicts that may create control system ...","Review policies, standards, and regulations for conflicts that may create control system vulnerabilities",1,,,,0,null,DD-WRL-009,3318,,
T,T2026,T2026 - Serve as liaison to prosecutors,Serve as liaison to prosecutors,1,,,,0,null,IN-WRL-002,3319,,
T,T2041,T2041 - Participate in safety system design processes to counteract potential cybersecurity sabotage,Participate in safety system design processes to counteract potential cybersecurity sabotage,1,,,,0,null,DD-WRL-009,3320,,
T,T2027,T2027 - Manage forensic laboratory accreditation processes,Manage forensic laboratory accreditation processes,1,,,,0,null,IN-WRL-002,3321,,
T,T2037,T2037 - Create cybersecurity inspection and test policies and procedures for OT systems,Create cybersecurity inspection and test policies and procedures for OT systems,1,,,,0,null,DD-WRL-009,3322,,
T,T2028,T2028 - Develop OT inventory model for cybersecurity ,Develop OT inventory model for cybersecurity ,1,,,,0,null,DD-WRL-009,3323,,
T,T2045,T2045 - Assign networked engineering assets to security zones,Assign networked engineering assets to security zones,1,,,,0,null,DD-WRL-009,3324,,
T,T2029,T2029 - Serve as OT engineering subject matter expert during development of change management ...,Serve as OT engineering subject matter expert during development of change management policies and procedures,1,,,,0,null,DD-WRL-009,3325,,
T,T2038,T2038 - Develop system procurement specifications,Develop system procurement specifications,1,,,,0,null,DD-WRL-009,3326,,
T,T2030,T2030 - Determine if implementation of security measures and controls meets regulatory standards ...,Determine if implementation of security measures and controls meets regulatory standards and is in compliance with legal or policy requirements,1,,,,0,null,DD-WRL-009,3327,,
T,T2046,T2046 - Communicate implication of new and upgraded technologies to cybersecurity program ...,Communicate implication of new and upgraded technologies to cybersecurity program stakeholders,1,,,,0,null,DD-WRL-009,3328,,
T,T2047,T2047 - Inventory OT assets,Inventory OT assets,1,,,,0,null,DD-WRL-009,3329,,
T,T2048,T2048 - Recommend cybersecurity requirements for integration in continuity planning,Recommend cybersecurity requirements for integration in continuity planning,1,,,,0,null,DD-WRL-009,3330,,
T,T2049,"T2049 - Serve as OT engineering subject matter expert for cybersecurity standards, policies, and ...","Serve as OT engineering subject matter expert for cybersecurity standards, policies, and procedures development",1,,,,0,null,DD-WRL-009,3331,,
T,T2050,T2050 - Serve as OT engineering subject matter expert for development of organizational ...,Serve as OT engineering subject matter expert for development of organizational cybersecurity risk management plan,1,,,,0,null,DD-WRL-009,3332,,
T,T2051,T2051 - Train cybersecurity defense technicians on OT system processes and procedures,Train cybersecurity defense technicians on OT system processes and procedures,1,,,,0,null,DD-WRL-009,3333,,
K,K1137,K1137 - Knowledge of cybersecurity requirements,Knowledge of cybersecurity requirements,1,,,,0,null,"DD-WRL-001,DD-WRL-003,DD-WRL-005,OG-WRL-010,OG-WRL-011,OG-WRL-015,OG-WRL-002,OG-WRL-003,OG-WRL-009,OG-WRL-016,OG-WRL-014",4344,,
S,S0378,S0378 - Skill in decrypting information,Skill in decrypting information,1,,,,0,null,"IN-WRL-002,PD-WRL-002,PD-WRL-005",3335,,
S,S0790,S0790 - Skill in monitoring status,Skill in monitoring status,1,,,,0,null,"DD-WRL-004,OG-WRL-012",3339,,
S,S0415,S0415 - Skill in evaluating regulations,Skill in evaluating regulations,1,,,,0,null,"OG-WRL-006,OG-WRL-012,OG-WRL-007,OG-WRL-013",3336,,
S,S0011,S0011 - Skill in conducting information searches,Skill in conducting information searches,1,,,,0,null,IO-WRL-003,3341,,
S,S0416,S0416 - Skill in evaluating policies,Skill in evaluating policies,1,,,,0,null,"OG-WRL-006,OG-WRL-012,OG-WRL-007,OG-WRL-013",3337,,
S,S0375,S0375 - Skill in developing information requirements,Skill in developing information requirements,1,,,,0,null,,3340,,
S,S0741,S0741 - Skill in administering servers,Skill in administering servers,1,,,,0,null,IO-WRL-005,3338,,
S,S0015,S0015 - Skill in conducting test events,Skill in conducting test events,1,,,,0,null,"DD-WRL-007,OG-WRL-012",3343,,
S,S0177,S0177 - Skill in performing network analysis on targets,Skill in performing network analysis on targets,1,,,,0,null,OG-WRL-012,3342,,
S,S0136,"S0136 - Skill in network systems management principles, models, methods (e.g., end-to-end systems...","Skill in network systems management principles, models, methods (e.g., end-to-end systems performance monitoring), and tools",1,,,,0,null,"OG-WRL-012,NF-COM-007",3344,,
S,S0028,S0028 - Skill in developing data dictionaries,Skill in developing data dictionaries,1,,,,0,null,IO-WRL-001,3345,,
K,K1138,K1138 - Knowledge of cybersecurity standards and best practices,Knowledge of cybersecurity standards and best practices,1,,,,0,null,"IN-WRL-001,OG-WRL-006,OG-WRL-008",4345,,
S,S0221,S0221 - Skill in extracting information from packet captures,Skill in extracting information from packet captures,1,,,,0,null,,3346,,
S,S0252,S0252 - Skill in processing collected data for follow-on analysis,Skill in processing collected data for follow-on analysis,1,,,,0,null,OG-WRL-012,3364,,
S,S0029,S0029 - Skill in developing data models,Skill in developing data models,1,,,,0,null,IO-WRL-001,3347,,
S,S0411,S0411 - Skill in developing career paths,Skill in developing career paths,1,,,,0,null,OG-WRL-003,3376,,
S,S0141,S0141 - Skill in assessing security systems designs,Skill in assessing security systems designs,1,,,,0,null,"DD-WRL-001,DD-WRL-009,DD-WRL-004,IO-WRL-006,OG-WRL-012,NF-COM-007",3348,,
S,S0111,S0111 - Skill in interfacing with customers,Skill in interfacing with customers,1,,,,0,null,"IO-WRL-005,OG-WRL-012,OG-WRL-007,PD-WRL-006",3365,,
S,S0035,S0035 - Skill in establishing a routing schema,Skill in establishing a routing schema,1,,,,0,null,IO-WRL-004,3349,,
S,S0406,S0406 - Skill in developing policy plans,Skill in developing policy plans,1,,,,0,null,"OG-WRL-002,OG-WRL-003,OG-WRL-007,OG-WRL-013,OG-WRL-008",3372,,
S,S0186,S0186 - Skill in applying crisis planning procedures,Skill in applying crisis planning procedures,1,,,,0,null,,3350,,
S,S0114,S0114 - Skill in performing sensitivity analysis,Skill in performing sensitivity analysis,1,,,,0,null,IO-WRL-001,3366,,
S,S0045,S0045 - Skill in optimizing database performance,Skill in optimizing database performance,1,,,,0,null,"IO-WRL-005,IO-WRL-002",3351,,
S,S0383,S0383 - Skill in analyzing an organization's enterprise information technology architecture,Skill in analyzing an organization's enterprise information technology architecture,1,,,,0,null,"DD-WRL-001,DD-WRL-002,DD-WRL-004,NF-COM-007",3375,,
S,S0156,S0156 - Skill in performing packet-level analysis,Skill in performing packet-level analysis,1,,,,0,null,"IN-WRL-002,OG-WRL-005,PD-WRL-001,PD-WRL-002",3352,,
S,S0118,S0118 - Skill in developing machine understandable semantic ontologies,Skill in developing machine understandable semantic ontologies,1,,,,0,null,IO-WRL-001,3367,,
S,S0048,S0048 - Skill in systems integration testing,Skill in systems integration testing,1,,,,0,null,DD-WRL-007,3353,,
S,S0382,S0382 - Skill in tailoring code analysis,Skill in tailoring code analysis,1,,,,0,null,DD-WRL-003,3373,,
S,S0248,S0248 - Skill in performing target system analysis,Skill in performing target system analysis,1,,,,0,null,OG-WRL-012,3354,,
S,S0379,S0379 - Skill in verifying participation in a security awareness program,Skill in verifying participation in a security awareness program,1,,,,0,null,OG-WRL-005,3368,,
S,S0066,S0066 - Skill in identifying gaps in technical capabilities,Skill in identifying gaps in technical capabilities,1,,,,0,null,"DD-WRL-006,OG-WRL-004",3355,,
S,S0384,S0384 - Skill in applying standards,Skill in applying standards,1,,,,0,null,"OG-WRL-010,OG-WRL-011,OG-WRL-009,NF-COM-007",3377,,
S,S0172,S0172 - Skill in applying secure coding techniques,Skill in applying secure coding techniques,1,,,,0,null,"DD-WRL-001,DD-WRL-003,DD-WRL-004,DD-WRL-008,IO-WRL-001,OG-WRL-012",3356,,
S,S0380,S0380 - Skill in facilitating cybersecurity awareness briefings,Skill in facilitating cybersecurity awareness briefings,1,,,,0,null,OG-WRL-005,3369,,
S,S0077,S0077 - Skill in securing network communications,Skill in securing network communications,1,,,,0,null,"IO-WRL-004,PD-WRL-003,PD-WRL-004",3357,,
S,S0399,S0399 - Skill in creating complex data structures,Skill in creating complex data structures,1,,,,0,null,IO-WRL-001,3374,,
S,S0194,S0194 - Skill in conducting non-attributable research,Skill in conducting non-attributable research,1,,,,0,null,PD-WRL-006,3358,,
S,S0398,S0398 - Skill in analyzing organizational objectives,Skill in analyzing organizational objectives,1,,,,0,null,"OG-WRL-003,OG-WRL-013",3370,,
S,S0080,S0080 - Skill in performing damage assessments,Skill in performing damage assessments,1,,,,0,null,PD-WRL-003,3359,,
S,S0400,S0400 - Skill in creating programming languages,Skill in creating programming languages,1,,,,0,null,IO-WRL-001,3378,,
S,S0175,S0175 - Skill in performing root cause analysis,Skill in performing root cause analysis,1,,,,0,null,"DD-WRL-003,DD-WRL-005,OG-WRL-012",3360,,
S,S0381,S0381 - Skill in developing training programs,Skill in developing training programs,1,,,,0,null,OG-WRL-005,3371,,
S,S0097,S0097 - Skill in applying security controls,Skill in applying security controls,1,,,,0,null,"OG-WRL-005,OG-WRL-012",3361,,
S,S0385,S0385 - Skill in communicating complex concepts,Skill in communicating complex concepts,1,,,,0,null,"DD-WRL-001,DD-WRL-009,DD-WRL-004,DD-WRL-008,IN-WRL-002,OG-WRL-004,OG-WRL-005,OG-WRL-012,PD-WRL-006",3379,,
S,S0208,S0208 - Skill in determining the physical location of network devices,Skill in determining the physical location of network devices,1,,,,0,null,,3362,,
S,S0109,S0109 - Skill in identifying hidden patterns or relationships,Skill in identifying hidden patterns or relationships,1,,,,0,null,IO-WRL-001,3363,,
S,S0407,S0407 - Skill in developing standard operating procedures (SOPs),Skill in developing standard operating procedures (SOPs),1,,,,0,null,"IO-WRL-005,IO-WRL-007,OG-WRL-008",3380,,
S,S0386,S0386 - Skill in communicating verbally,Skill in communicating verbally,1,,,,0,null,"DD-WRL-001,DD-WRL-009,OG-WRL-005,OG-WRL-012",3381,,
S,S0395,S0395 - Skill in developing instructional materials,Skill in developing instructional materials,1,,,,0,null,"OG-WRL-004,OG-WRL-005,OG-WRL-008",3399,,
S,S0401,S0401 - Skill in collecting data,Skill in collecting data,1,,,,0,null,"DD-WRL-007,OG-WRL-012",3382,,
S,S0425,S0425 - Skill in operating network systems,Skill in operating network systems,1,,,,0,null,IO-WRL-004,3412,,
S,S0387,S0387 - Skill in communicating in writing,Skill in communicating in writing,1,,,,0,null,"DD-WRL-001,DD-WRL-009,OG-WRL-005,OG-WRL-012",3383,,
S,S0412,S0412 - Skill in analyzing supplier trustworthiness,Skill in analyzing supplier trustworthiness,1,,,,0,null,"OG-WRL-010,OG-WRL-011,OG-WRL-009",3400,,
S,S0410,S0410 - Skill in creating career path definitions,Skill in creating career path definitions,1,,,,0,null,OG-WRL-003,3384,,
S,S0421,S0421 - Skill in operating network equipment,Skill in operating network equipment,1,,,,0,null,IO-WRL-004,3408,,
S,S0388,S0388 - Skill in facilitating small group discussions,Skill in facilitating small group discussions,1,,,,0,null,"OG-WRL-005,OG-WRL-012",3385,,
S,S0396,S0396 - Skill in forecasting requirements,Skill in forecasting requirements,1,,,,0,null,"OG-WRL-003,OG-WRL-013,NF-COM-007",3401,,
S,S0402,S0402 - Skill in verifying data,Skill in verifying data,1,,,,0,null,"DD-WRL-007,OG-WRL-012",3386,,
S,S0424,S0424 - Skill in executing command line tools,Skill in executing command line tools,1,,,,0,null,"IO-WRL-004,OG-WRL-004,OG-WRL-005",3411,,
S,S0389,S0389 - Skill in facilitating group discussions,Skill in facilitating group discussions,1,,,,0,null,"OG-WRL-005,OG-WRL-012",3387,,
S,S0414,S0414 - Skill in evaluating laws,Skill in evaluating laws,1,,,,0,null,"OG-WRL-006,OG-WRL-012,OG-WRL-007,OG-WRL-013",3402,,
S,S0408,S0408 - Skill in maintaining standard operating procedures (SOPs),Skill in maintaining standard operating procedures (SOPs),1,,,,0,null,"IO-WRL-005,IO-WRL-007,OG-WRL-008",3388,,
S,S0422,S0422 - Skill in evaluating workforce trends,Skill in evaluating workforce trends,1,,,,0,null,OG-WRL-003,3409,,
S,S0390,S0390 - Skill in assessing learner comprehension,Skill in assessing learner comprehension,1,,,,0,null,OG-WRL-005,3389,,
S,S0397,S0397 - Skill in assessing requirements,Skill in assessing requirements,1,,,,0,null,"OG-WRL-003,OG-WRL-013",3403,,
S,S0403,S0403 - Skill in validating data,Skill in validating data,1,,,,0,null,"DD-WRL-007,OG-WRL-012",3390,,
S,S0427,S0427 - Skill in building frameworks,Skill in building frameworks,1,,,,0,null,DD-WRL-002,3414,,
S,S0391,S0391 - Skill in creating technical documentation,Skill in creating technical documentation,1,,,,0,null,"DD-WRL-009,DD-WRL-004,DD-WRL-008,OG-WRL-004,OG-WRL-005,OG-WRL-012,PD-WRL-005,NF-COM-007",3391,,
S,S0417,S0417 - Skill in deploying software securely,Skill in deploying software securely,1,,,,0,null,DD-WRL-003,3404,,
S,S0413,S0413 - Skill in determining supplier trustworthiness,Skill in determining supplier trustworthiness,1,,,,0,null,"OG-WRL-010,OG-WRL-011,OG-WRL-009",3392,,
S,S0423,S0423 - Skill in analyzing processes to ensure conformance with procedural requirements,Skill in analyzing processes to ensure conformance with procedural requirements,1,,,,0,null,"DD-WRL-004,OG-WRL-010,OG-WRL-011,OG-WRL-012,OG-WRL-009,OG-WRL-016",3410,,
S,S0392,S0392 - Skill in providing training and education feedback to learners,Skill in providing training and education feedback to learners,1,,,,0,null,OG-WRL-005,3393,,
S,S0418,S0418 - Skill in applying secure network architectures,Skill in applying secure network architectures,1,,,,0,null,"DD-WRL-001,DD-WRL-004,NF-COM-007",3405,,
S,S0404,S0404 - Skill in conducting market research,Skill in conducting market research,1,,,,0,null,OG-WRL-009,3394,,
S,S0426,S0426 - Skill in building architectures,Skill in building architectures,1,,,,0,null,DD-WRL-002,3413,,
S,S0393,S0393 - Skill in developing assessments,Skill in developing assessments,1,,,,0,null,"OG-WRL-005,OG-WRL-012,OG-WRL-003",3395,,
S,S0419,S0419 - Skill in designing systems,Skill in designing systems,1,,,,0,null,"DD-WRL-001,DD-WRL-004,NF-COM-007",3406,,
S,S0409,S0409 - Skill in deriving evaluative conclusions from data,Skill in deriving evaluative conclusions from data,1,,,,0,null,"DD-WRL-004,DD-WRL-007,OG-WRL-012",3396,,
S,S0428,S0428 - Skill in designing architectures,Skill in designing architectures,1,,,,0,null,"DD-WRL-001,DD-WRL-004,NF-COM-007",3415,,
S,S0394,S0394 - Skill in developing security assessments,Skill in developing security assessments,1,,,,0,null,"OG-WRL-005,OG-WRL-012,OG-WRL-003",3397,,
S,S0420,S0420 - Skill in integrating multiple technologies,Skill in integrating multiple technologies,1,,,,0,null,DD-WRL-002,3407,,
S,S0405,S0405 - Skill in pricing products,Skill in pricing products,1,,,,0,null,OG-WRL-009,3398,,
S,S0429,S0429 - Skill in designing frameworks,Skill in designing frameworks,1,,,,0,null,"DD-WRL-001,DD-WRL-004",3416,,
S,S0430,S0430 - Skill in collaborating with others,Skill in collaborating with others,1,,,,0,null,"DD-WRL-001,DD-WRL-009,DD-WRL-004,IO-WRL-005,OG-WRL-004,OG-WRL-005,OG-WRL-012,OG-WRL-013,PD-WRL-006",3417,,
S,S0431,S0431 - Skill in applying critical thinking,Skill in applying critical thinking,1,,,,0,null,"IN-WRL-002,OG-WRL-004,OG-WRL-005,OG-WRL-012,OG-WRL-007",3418,,
S,S0457,S0457 - Skill in determining system authorization status,Skill in determining system authorization status,1,,,,0,null,,3443,,
S,S0432,S0432 - Skill in coordinating cybersecurity operations across an organization,Skill in coordinating cybersecurity operations across an organization,1,,,,0,null,"OG-WRL-013,NF-COM-007",3419,,
S,S0450,S0450 - Skill in authoring privacy disclosure statements,Skill in authoring privacy disclosure statements,1,,,,0,null,OG-WRL-008,3436,,
S,S0433,S0433 - Skill in creating analytics,Skill in creating analytics,1,,,,0,null,PD-WRL-006,3420,,
S,S0460,S0460 - Skill in verifying contractor compliance with contracts,Skill in verifying contractor compliance with contracts,1,,,,0,null,,3446,,
S,S0434,S0434 - Skill in extrapolating from incomplete data sets,Skill in extrapolating from incomplete data sets,1,,,,0,null,PD-WRL-006,3421,,
S,S0451,S0451 - Skill in deploying continuous monitoring technologies,Skill in deploying continuous monitoring technologies,1,,,,0,null,"IO-WRL-005,IO-WRL-004,NF-COM-007",3437,,
S,S0435,S0435 - Skill in analyzing large data sets,Skill in analyzing large data sets,1,,,,0,null,"OG-WRL-012,PD-WRL-006",3422,,
S,S0458,S0458 - Skill in coordinating efforts between stakeholders,Skill in coordinating efforts between stakeholders,1,,,,0,null,"DD-WRL-001,NF-COM-007",3444,,
S,S0436,S0436 - Skill in creating target intelligence products,Skill in creating target intelligence products,1,,,,0,null,"OG-WRL-012,PD-WRL-006",3423,,
S,S0452,S0452 - Skill in creating a risk management program,Skill in creating a risk management program,1,,,,0,null,,3438,,
S,S0437,S0437 - Skill in identifying targets of interest,Skill in identifying targets of interest,1,,,,0,null,OG-WRL-012,3424,,
S,S0462,S0462 - Skill in integrating information security requirements in the acquisitions process,Skill in integrating information security requirements in the acquisitions process,1,,,,0,null,"DD-WRL-004,OG-WRL-010,OG-WRL-011,OG-WRL-012,OG-WRL-009,OG-WRL-016,OG-WRL-014",3448,,
S,S0438,"S0438 - Skill in functioning effectively in a dynamic, fast-paced environment","Skill in functioning effectively in a dynamic, fast-paced environment",1,,,,0,null,"IO-WRL-005,OG-WRL-012,PD-WRL-006,NF-COM-007",3425,,
S,S0453,S0453 - Skill in creating a risk management strategy,Skill in creating a risk management strategy,1,,,,0,null,NF-COM-007,3439,,
S,S0439,S0439 - Skill in identifying external partners,Skill in identifying external partners,1,,,,0,null,"OG-WRL-012,OG-WRL-013",3426,,
S,S0459,S0459 - Skill in creating security assessment reports,Skill in creating security assessment reports,1,,,,0,null,"DD-WRL-009,NF-COM-007",3445,,
S,S0440,S0440 - Skill in identifying target vulnerabilities,Skill in identifying target vulnerabilities,1,,,,0,null,OG-WRL-012,3427,,
S,S0454,S0454 - Skill in creating an internal information sharing program,Skill in creating an internal information sharing program,1,,,,0,null,,3440,,
S,S0441,S0441 - Skill in describing target vulnerabilities,Skill in describing target vulnerabilities,1,,,,0,null,OG-WRL-012,3428,,
S,S0463,S0463 - Skill in implementing software quality control processes,Skill in implementing software quality control processes,1,,,,0,null,"DD-WRL-004,OG-WRL-010,OG-WRL-011,OG-WRL-012,OG-WRL-009,OG-WRL-016,OG-WRL-014",3449,,
S,S0442,S0442 - Skill in collecting network data,Skill in collecting network data,1,,,,0,null,PD-WRL-005,3429,,
S,S0455,S0455 - Skill in integrating authorizations with requirements,Skill in integrating authorizations with requirements,1,,,,0,null,,3441,,
S,S0443,S0443 - Skill in mitigating cognitive biases,Skill in mitigating cognitive biases,1,,,,0,null,"OG-WRL-012,PD-WRL-006",3430,,
S,S0461,S0461 - Skill in integrating security requirements and contracts,Skill in integrating security requirements and contracts,1,,,,0,null,DD-WRL-009,3447,,
S,S0444,S0444 - Skill in mitigating deception in reporting and analysis,Skill in mitigating deception in reporting and analysis,1,,,,0,null,PD-WRL-006,3431,,
S,S0456,S0456 - Skill in integrating security plans and authorizations,Skill in integrating security plans and authorizations,1,,,,0,null,,3442,,
S,S0446,S0446 - Skill in mimicking threat actors,Skill in mimicking threat actors,1,,,,0,null,PD-WRL-006,3432,,
S,S0505,S0505 - Skill in performing intrusion data analysis,Skill in performing intrusion data analysis,1,,,,0,null,PD-WRL-006,3486,,
S,S0447,S0447 - Skill in aligning privacy and cybersecurity objectives,Skill in aligning privacy and cybersecurity objectives,1,,,,0,null,"OG-WRL-012,OG-WRL-013,OG-WRL-008",3433,,
S,S0448,S0448 - Skill in creating automated security control systems,Skill in creating automated security control systems,1,,,,0,null,IO-WRL-005,3434,,
S,S0449,S0449 - Skill in maintaining automated security control systems,Skill in maintaining automated security control systems,1,,,,0,null,"IO-WRL-005,NF-COM-007",3435,,
S,S0464,S0464 - Skill in applying stakeholder management within a system development life cycle,Skill in applying stakeholder management within a system development life cycle,1,,,,0,null,NF-COM-007,3450,,
S,S0465,S0465 - Skill in identifying critical infrastructure systems,Skill in identifying critical infrastructure systems,1,,,,0,null,"DD-WRL-001,DD-WRL-002,DD-WRL-003,DD-WRL-004,DD-WRL-005,DD-WRL-006,DD-WRL-008,OG-WRL-012,OG-WRL-013,OG-WRL-014",3451,,
S,S0466,S0466 - Skill in identifying systems designed without security considerations,Skill in identifying systems designed without security considerations,1,,,,0,null,"DD-WRL-001,DD-WRL-002,DD-WRL-003,DD-WRL-004,DD-WRL-005,DD-WRL-006,DD-WRL-008,OG-WRL-012,OG-WRL-013,OG-WRL-014",3452,,
S,S0467,S0467 - Skill in conducting an education needs assessment,Skill in conducting an education needs assessment,1,,,,0,null,"OG-WRL-004,OG-WRL-005",3453,,
S,S0468,S0468 - Skill in conducting a training needs assessment,Skill in conducting a training needs assessment,1,,,,0,null,"OG-WRL-004,OG-WRL-005",3454,,
S,S0469,S0469 - Skill in navigating the dark web,Skill in navigating the dark web,1,,,,0,null,IN-WRL-001,3455,,
S,S0470,S0470 - Skill in using the TOR network,Skill in using the TOR network,1,,,,0,null,IN-WRL-001,3456,,
S,S0471,S0471 - Skill in examining digital media,Skill in examining digital media,1,,,,0,null,IN-WRL-001,3457,,
S,S0472,S0472 - Skill in developing virtual machines,Skill in developing virtual machines,1,,,,0,null,"IO-WRL-005,IN-WRL-002,OG-WRL-005,OG-WRL-012,PD-WRL-002,PD-WRL-006",3458,,
S,S0473,S0473 - Skill in maintaining virtual machines,Skill in maintaining virtual machines,1,,,,0,null,"IO-WRL-005,OG-WRL-005,OG-WRL-012,PD-WRL-002,PD-WRL-006",3459,,
S,S0474,S0474 - Skill in finding system files,Skill in finding system files,1,,,,0,null,PD-WRL-002,3460,,
S,S0475,S0475 - Skill in recognizing digital forensics data,Skill in recognizing digital forensics data,1,,,,0,null,"DD-WRL-008,PD-WRL-002",3461,,
S,S0476,S0476 - Skill in identifying filename extension abuse,Skill in identifying filename extension abuse,1,,,,0,null,"IN-WRL-002,PD-WRL-002",3462,,
S,S0477,S0477 - Skill in identifying anomalous activity,Skill in identifying anomalous activity,1,,,,0,null,"IN-WRL-001,PD-WRL-005",3463,,
S,S0478,S0478 - Skill in providing customer support,Skill in providing customer support,1,,,,0,null,IO-WRL-007,3464,,
S,S0479,S0479 - Skill in evaluating supplier trustworthiness,Skill in evaluating supplier trustworthiness,1,,,,0,null,IO-WRL-006,3465,,
S,S0480,S0480 - Skill in evaluating product trustworthiness,Skill in evaluating product trustworthiness,1,,,,0,null,IO-WRL-006,3466,,
S,S0481,S0481 - Skill in identifying forensic digital footprints,Skill in identifying forensic digital footprints,1,,,,0,null,DD-WRL-008,3467,,
S,S0482,S0482 - Skill in performing forensic data analysis,Skill in performing forensic data analysis,1,,,,0,null,DD-WRL-008,3468,,
S,S0483,S0483 - Skill in identifying software communications vulnerabilities,Skill in identifying software communications vulnerabilities,1,,,,0,null,"DD-WRL-008,IO-WRL-006,OG-WRL-005,OG-WRL-012,PD-WRL-001,PD-WRL-003,PD-WRL-007",3469,,
S,S0484,S0484 - Skill in developing user credential management systems,Skill in developing user credential management systems,1,,,,0,null,IO-WRL-006,3470,,
S,S0485,S0485 - Skill in implementing user credential management systems,Skill in implementing user credential management systems,1,,,,0,null,IO-WRL-006,3471,,
S,S0486,S0486 - Skill in implementing enterprise key escrow systems,Skill in implementing enterprise key escrow systems,1,,,,0,null,"IO-WRL-006,OG-WRL-001",3472,,
S,S0487,S0487 - Skill in operating IT systems,Skill in operating IT systems,1,,,,0,null,"IO-WRL-005,IO-WRL-007",3473,,
S,S0488,S0488 - Skill in maintaining IT systems,Skill in maintaining IT systems,1,,,,0,null,"IO-WRL-005,IO-WRL-007",3474,,
S,S0489,S0489 - Skill in implementing countermeasures,Skill in implementing countermeasures,1,,,,0,null,,3475,,
S,S0490,S0490 - Skill in recreating network topologies,Skill in recreating network topologies,1,,,,0,null,PD-WRL-001,3476,,
S,S0491,S0491 - Skill in processing digital forensic data,Skill in processing digital forensic data,1,,,,0,null,PD-WRL-002,3477,,
S,S0492,S0492 - Skill in performing threat environment analysis,Skill in performing threat environment analysis,1,,,,0,null,PD-WRL-007,3478,,
S,S0494,S0494 - Skill in performing operational environment analysis,Skill in performing operational environment analysis,1,,,,0,null,PD-WRL-006,3479,,
S,S0495,"S0495 - Skill in determining asset availability, capabilities, and limitations","Skill in determining asset availability, capabilities, and limitations",1,,,,0,null,NF-COM-007,3480,,
S,S0497,S0497 - Skill in developing client organization profiles,Skill in developing client organization profiles,1,,,,0,null,"DD-WRL-006,OG-WRL-002,OG-WRL-003,OG-WRL-013",3481,,
S,S0499,S0499 - Skill in performing intelligence collection analysis,Skill in performing intelligence collection analysis,1,,,,0,null,"IN-WRL-002,PD-WRL-002",3482,,
S,S0501,S0501 - Skill in developing crisis action plans,Skill in developing crisis action plans,1,,,,0,null,,3483,,
S,S0503,S0503 - Skill in selecting targets,Skill in selecting targets,1,,,,0,null,OG-WRL-012,3484,,
S,S0504,S0504 - Skill in identifying vulnerabilities,Skill in identifying vulnerabilities,1,,,,0,null,OG-WRL-012,3485,,
S,S0506,S0506 - Skill in identifying customer information needs,Skill in identifying customer information needs,1,,,,0,null,"OG-WRL-012,OG-WRL-007,PD-WRL-006",3487,,
S,S0507,S0507 - Skill in collecting terminal or environment data,Skill in collecting terminal or environment data,1,,,,0,null,IO-WRL-003,3488,,
S,S0535,S0535 - Skill in performing threat factor analysis,Skill in performing threat factor analysis,1,,,,0,null,PD-WRL-006,3506,,
S,S0508,S0508 - Skill in managing enterprise-wide information,Skill in managing enterprise-wide information,1,,,,0,null,NF-COM-007,3489,,
S,S0546,S0546 - Skill in implementing data storage solutions,Skill in implementing data storage solutions,1,,,,0,null,IO-WRL-002,3514,,
S,S0509,S0509 - Skill in evaluating security products,Skill in evaluating security products,1,,,,0,null,"IN-WRL-001,OG-WRL-014,PD-WRL-001,PD-WRL-003,PD-WRL-006",3490,,
S,S0537,S0537 - Skill in designing wireless communications systems,Skill in designing wireless communications systems,1,,,,0,null,"OG-WRL-008,PD-WRL-006",3507,,
S,S0511,S0511 - Skill in establishing priorities,Skill in establishing priorities,1,,,,0,null,"OG-WRL-012,OG-WRL-007,PD-WRL-006",3491,,
S,S0550,S0550 - Skill in reporting malware,Skill in reporting malware,1,,,,0,null,PD-WRL-003,3518,,
S,S0512,S0512 - Skill in extracting metadata,Skill in extracting metadata,1,,,,0,null,PD-WRL-006,3492,,
S,S0540,S0540 - Skill in identifying network threats,Skill in identifying network threats,1,,,,0,null,"OG-WRL-008,PD-WRL-005,PD-WRL-006",3508,,
S,S0514,S0514 - Skill in preparing operational environments,Skill in preparing operational environments,1,,,,0,null,PD-WRL-006,3493,,
S,S0547,S0547 - Skill in identifying malware,Skill in identifying malware,1,,,,0,null,PD-WRL-003,3515,,
S,S0515,S0515 - Skill in identifying partner capabilities,Skill in identifying partner capabilities,1,,,,0,null,"DD-WRL-006,OG-WRL-002,OG-WRL-012,OG-WRL-003,OG-WRL-013",3494,,
S,S0541,S0541 - Skill in providing software updates,Skill in providing software updates,1,,,,0,null,,3509,,
S,S0516,S0516 - Skill in performing threat emulation tactics,Skill in performing threat emulation tactics,1,,,,0,null,PD-WRL-006,3495,,
S,S0552,S0552 - Skill in applying host access controls,Skill in applying host access controls,1,,,,0,null,PD-WRL-004,3520,,
S,S0517,S0517 - Skill in anticipating threats,Skill in anticipating threats,1,,,,0,null,PD-WRL-006,3496,,
S,S0542,S0542 - Skill in developing access control lists,Skill in developing access control lists,1,,,,0,null,,3510,,
S,S0518,S0518 - Skill in assessing threat actors,Skill in assessing threat actors,1,,,,0,null,,3497,,
S,S0548,S0548 - Skill in capturing malware,Skill in capturing malware,1,,,,0,null,PD-WRL-003,3516,,
S,S0519,S0519 - Skill in detecting exploitation activities,Skill in detecting exploitation activities,1,,,,0,null,"OG-WRL-002,OG-WRL-003",3498,,
S,S0543,S0543 - Skill in scanning for vulnerabilities,Skill in scanning for vulnerabilities,1,,,,0,null,"DD-WRL-001,DD-WRL-002,DD-WRL-003,DD-WRL-004,DD-WRL-005,DD-WRL-008,IO-WRL-006,OG-WRL-004,OG-WRL-005,OG-WRL-012,PD-WRL-001,PD-WRL-007",3511,,
S,S0522,S0522 - Skill in summarizing information,Skill in summarizing information,1,,,,0,null,,3499,,
S,S0551,S0551 - Skill in applying information technologies into proposed solutions,Skill in applying information technologies into proposed solutions,1,,,,0,null,"DD-WRL-001,DD-WRL-002,DD-WRL-006,DD-WRL-008,NF-COM-007",3519,,
S,S0523,S0523 - Skill in constructing networks,Skill in constructing networks,1,,,,0,null,,3500,,
S,S0544,S0544 - Skill in recognizing vulnerabilities,Skill in recognizing vulnerabilities,1,,,,0,null,"DD-WRL-001,DD-WRL-002,DD-WRL-003,DD-WRL-004,DD-WRL-005,DD-WRL-008,IO-WRL-006,OG-WRL-004,OG-WRL-005,OG-WRL-012,PD-WRL-001,PD-WRL-003,PD-WRL-007",3512,,
S,S0527,S0527 - Skill in developing crisis action timelines,Skill in developing crisis action timelines,1,,,,0,null,,3501,,
S,S0549,S0549 - Skill in containing malware,Skill in containing malware,1,,,,0,null,PD-WRL-003,3517,,
S,S0528,S0528 - Skill in identifying priority information,Skill in identifying priority information,1,,,,0,null,,3502,,
S,S0545,S0545 - Skill in designing data storage solutions,Skill in designing data storage solutions,1,,,,0,null,"IO-WRL-002,NF-COM-007",3513,,
S,S0530,S0530 - Skill in conducting research,Skill in conducting research,1,,,,0,null,"IO-WRL-003,OG-WRL-005",3503,,
S,S0553,S0553 - Skill in applying network access controls,Skill in applying network access controls,1,,,,0,null,PD-WRL-004,3521,,
S,S0531,S0531 - Skill in assessing security hardware and software,Skill in assessing security hardware and software,1,,,,0,null,DD-WRL-009,3504,,
S,S0554,S0554 - Skill in performing systems analysis,Skill in performing systems analysis,1,,,,0,null,DD-WRL-006,3522,,
S,S0532,S0532 - Skill in analyzing software configurations,Skill in analyzing software configurations,1,,,,0,null,"DD-WRL-004,DD-WRL-008,OG-WRL-012,PD-WRL-007",3505,,
S,S0555,S0555 - Skill in performing capabilities analysis,Skill in performing capabilities analysis,1,,,,0,null,"DD-WRL-006,OG-WRL-010,OG-WRL-011,OG-WRL-009,PD-WRL-006",3523,,
S,S0556,S0556 - Skill in performing requirements analysis,Skill in performing requirements analysis,1,,,,0,null,"DD-WRL-006,OG-WRL-010,OG-WRL-011,OG-WRL-009,PD-WRL-006",3524,,
K,K1140,K1140 - Knowledge of cybersecurity workforce policies and procedures,Knowledge of cybersecurity workforce policies and procedures,1,,,,0,null,OG-WRL-003,4346,,
S,S0557,S0557 - Skill in creating knowledge maps,Skill in creating knowledge maps,1,,,,0,null,IO-WRL-003,3525,,
S,S0575,S0575 - Skill in developing network infrastructure contingency and recovery plans,Skill in developing network infrastructure contingency and recovery plans,1,,,,0,null,"IO-WRL-004,PD-WRL-002,NF-COM-007",3543,,
S,S0558,S0558 - Skill in developing algorithms,Skill in developing algorithms,1,,,,0,null,"DD-WRL-007,IO-WRL-002,IO-WRL-001,OG-WRL-012,PD-WRL-005",3526,,
S,S0583,S0583 - Skill in implementing established network security practices,Skill in implementing established network security practices,1,,,,0,null,"IO-WRL-004,NF-COM-007",3551,,
S,S0559,S0559 - Skill in performing data structure analysis,Skill in performing data structure analysis,1,,,,0,null,"DD-WRL-007,IO-WRL-002,IO-WRL-001,OG-WRL-012,PD-WRL-005",3527,,
S,S0576,S0576 - Skill in testing network infrastructure contingency and recovery plans,Skill in testing network infrastructure contingency and recovery plans,1,,,,0,null,"IO-WRL-004,PD-WRL-002,NF-COM-007",3544,,
S,S0560,S0560 - Skill in debugging software,Skill in debugging software,1,,,,0,null,DD-WRL-003,3528,,
S,S0588,S0588 - Skill in performing threat modeling,Skill in performing threat modeling,1,,,,0,null,"PD-WRL-005,PD-WRL-007",3556,,
S,S0561,S0561 - Skill in configuring software,Skill in configuring software,1,,,,0,null,IO-WRL-005,3529,,
S,S0577,S0577 - Skill in troubleshooting computer networks,Skill in troubleshooting computer networks,1,,,,0,null,IO-WRL-005,3545,,
S,S0562,S0562 - Skill in creating mathematical models,Skill in creating mathematical models,1,,,,0,null,"DD-WRL-003,DD-WRL-005,DD-WRL-008,IO-WRL-001",3530,,
S,S0584,S0584 - Skill in configuring network devices,Skill in configuring network devices,1,,,,0,null,IO-WRL-004,3552,,
S,S0563,S0563 - Skill in creating statistical models,Skill in creating statistical models,1,,,,0,null,"DD-WRL-003,DD-WRL-005,DD-WRL-008,IO-WRL-001",3531,,
S,S0578,S0578 - Skill in evaluating security designs,Skill in evaluating security designs,1,,,,0,null,"DD-WRL-001,DD-WRL-002,DD-WRL-004,IO-WRL-006,OG-WRL-001,OG-WRL-012,OG-WRL-014,PD-WRL-001,PD-WRL-007,NF-COM-007",3546,,
S,S0564,S0564 - Skill in creating system security policies,Skill in creating system security policies,1,,,,0,null,"OG-WRL-007,OG-WRL-014,NF-COM-007",3532,,
S,S0587,S0587 - Skill in maintaining directory services,Skill in maintaining directory services,1,,,,0,null,IO-WRL-005,3555,,
S,S0565,S0565 - Skill in implementing input validation,Skill in implementing input validation,1,,,,0,null,DD-WRL-003,3533,,
S,S0579,S0579 - Skill in preparing reports,Skill in preparing reports,1,,,,0,null,"DD-WRL-007,IO-WRL-002,IO-WRL-001,OG-WRL-012,PD-WRL-005,PD-WRL-006",3547,,
S,S0566,S0566 - Skill in developing signatures,Skill in developing signatures,1,,,,0,null,PD-WRL-001,3534,,
S,S0585,S0585 - Skill in installing network devices,Skill in installing network devices,1,,,,0,null,IO-WRL-004,3553,,
S,S0567,S0567 - Skill in deploying signatures,Skill in deploying signatures,1,,,,0,null,PD-WRL-001,3535,,
S,S0580,S0580 - Skill in monitoring system performance,Skill in monitoring system performance,1,,,,0,null,"OG-WRL-010,OG-WRL-011,OG-WRL-012,OG-WRL-009,OG-WRL-016,NF-COM-007",3548,,
S,S0568,S0568 - Skill in designing data analysis structures,Skill in designing data analysis structures,1,,,,0,null,DD-WRL-007,3536,,
S,S0589,S0589 - Skill in preserving digital evidence integrity,Skill in preserving digital evidence integrity,1,,,,0,null,"IN-WRL-001,IN-WRL-002,PD-WRL-003,PD-WRL-002",3557,,
S,S0569,S0569 - Skill in designing security controls,Skill in designing security controls,1,,,,0,null,"DD-WRL-001,DD-WRL-003,DD-WRL-004,DD-WRL-005",3537,,
S,S0581,S0581 - Skill in configuring systems for performance enhancement,Skill in configuring systems for performance enhancement,1,,,,0,null,"OG-WRL-010,OG-WRL-011,OG-WRL-012,OG-WRL-009,OG-WRL-016",3549,,
S,S0570,S0570 - Skill in designing the integration of hardware solutions,Skill in designing the integration of hardware solutions,1,,,,0,null,"DD-WRL-001,DD-WRL-002,DD-WRL-004,IO-WRL-006",3538,,
S,S0586,S0586 - Skill in administering databases,Skill in administering databases,1,,,,0,null,"IO-WRL-002,IO-WRL-003,IO-WRL-001",3554,,
S,S0571,S0571 - Skill in designing the integration of software solutions,Skill in designing the integration of software solutions,1,,,,0,null,"DD-WRL-001,DD-WRL-002,DD-WRL-004,IO-WRL-006",3539,,
S,S0582,S0582 - Skill in troubleshooting system performance,Skill in troubleshooting system performance,1,,,,0,null,"IO-WRL-005,IO-WRL-007,IO-WRL-004",3550,,
S,S0572,S0572 - Skill in detecting host- and network-based intrusions,Skill in detecting host- and network-based intrusions,1,,,,0,null,"OG-WRL-005,OG-WRL-014,PD-WRL-001,PD-WRL-003,PD-WRL-007",3540,,
S,S0590,S0590 - Skill in building use cases,Skill in building use cases,1,,,,0,null,"DD-WRL-001,DD-WRL-002,DD-WRL-006",3558,,
S,S0573,S0573 - Skill in developing testing scenarios,Skill in developing testing scenarios,1,,,,0,null,DD-WRL-007,3541,,
S,S0591,S0591 - Skill in performing social engineering,Skill in performing social engineering,1,,,,0,null,"OG-WRL-005,PD-WRL-007",3559,,
S,S0574,S0574 - Skill in developing security system controls,Skill in developing security system controls,1,,,,0,null,"DD-WRL-001,DD-WRL-002,DD-WRL-003,DD-WRL-004,DD-WRL-005,IO-WRL-006,OG-WRL-001,OG-WRL-012,OG-WRL-014,PD-WRL-001,PD-WRL-007,NF-COM-007",3542,,
S,S0595,S0595 - Skill in repairing system peripherals,Skill in repairing system peripherals,1,,,,0,null,IO-WRL-007,3563,,
S,S0596,S0596 - Skill in encrypting network communications,Skill in encrypting network communications,1,,,,0,null,"DD-WRL-001,OG-WRL-001,PD-WRL-004",3564,,
S,S0597,S0597 - Skill in writing code in a currently supported programming language,Skill in writing code in a currently supported programming language,1,,,,0,null,"DD-WRL-002,DD-WRL-003,DD-WRL-007,IO-WRL-006,IO-WRL-001,OG-WRL-005,PD-WRL-007",3565,,
S,S0598,S0598 - Skill in creating test plans,Skill in creating test plans,1,,,,0,null,"DD-WRL-001,DD-WRL-007",3566,,
S,S0599,S0599 - Skill in performing memory dump analysis,Skill in performing memory dump analysis,1,,,,0,null,"IN-WRL-002,PD-WRL-002",3567,,
S,S0600,S0600 - Skill in collecting relevant data from a variety of sources,Skill in collecting relevant data from a variety of sources,1,,,,0,null,"IO-WRL-001,OG-WRL-005,PD-WRL-001,PD-WRL-006",3568,,
S,S0601,S0601 - Skill in developing curricula,Skill in developing curricula,1,,,,0,null,"OG-WRL-004,OG-WRL-005,OG-WRL-012,OG-WRL-008",3569,,
S,S0602,S0602 - Skill in teaching training programs,Skill in teaching training programs,1,,,,0,null,"OG-WRL-004,OG-WRL-005,OG-WRL-012,OG-WRL-008",3570,,
S,S0603,S0603 - Skill in identifying forensics data in diverse media,Skill in identifying forensics data in diverse media,1,,,,0,null,PD-WRL-002,3571,,
S,S0604,S0604 - Skill in extracting forensics data in diverse media,Skill in extracting forensics data in diverse media,1,,,,0,null,PD-WRL-002,3572,,
S,S0605,S0605 - Skill in storing digital evidence,Skill in storing digital evidence,1,,,,0,null,"IN-WRL-002,PD-WRL-002",3573,,
S,S0606,S0606 - Skill in manipulating operating system components,Skill in manipulating operating system components,1,,,,0,null,"IO-WRL-005,IN-WRL-002,PD-WRL-002",3574,,
S,S0607,S0607 - Skill in collecting digital evidence,Skill in collecting digital evidence,1,,,,0,null,"IN-WRL-001,IN-WRL-002,PD-WRL-003,PD-WRL-002",3575,,
S,S0608,S0608 - Skill in processing digital evidence,Skill in processing digital evidence,1,,,,0,null,"IN-WRL-001,IN-WRL-002,PD-WRL-003,PD-WRL-002",3576,,
S,S0609,S0609 - Skill in transporting digital evidence,Skill in transporting digital evidence,1,,,,0,null,"IN-WRL-001,PD-WRL-003,PD-WRL-002",3577,,
S,S0610,S0610 - Skill in communicating effectively,Skill in communicating effectively,1,,,,0,null,"IO-WRL-001,OG-WRL-004,OG-WRL-005,OG-WRL-006,OG-WRL-007,OG-WRL-008,PD-WRL-005",3578,,
S,S0611,S0611 - Skill in disassembling Personal Computers (PCs),Skill in disassembling Personal Computers (PCs),1,,,,0,null,PD-WRL-002,3579,,
S,S0612,S0612 - Skill in performing digital forensics analysis,Skill in performing digital forensics analysis,1,,,,0,null,"IN-WRL-002,OG-WRL-005,PD-WRL-002",3580,,
S,S0613,S0613 - Skill in configuring software-based computer protection tools,Skill in configuring software-based computer protection tools,1,,,,0,null,"DD-WRL-001,IO-WRL-005,OG-WRL-005",3581,,
S,S0614,S0614 - Skill in categorizing types of vulnerabilities,Skill in categorizing types of vulnerabilities,1,,,,0,null,"OG-WRL-012,PD-WRL-001,PD-WRL-003",3582,,
S,S0615,S0615 - Skill in protecting a network against malware,Skill in protecting a network against malware,1,,,,0,null,"IO-WRL-004,PD-WRL-003,PD-WRL-004",3583,,
S,S0616,S0616 - Skill in applying black-box software testing,Skill in applying black-box software testing,1,,,,0,null,"DD-WRL-005,OG-WRL-014",3584,,
S,S0617,S0617 - Skill in interpreting signatures,Skill in interpreting signatures,1,,,,0,null,"DD-WRL-005,OG-WRL-014",3585,,
S,S0618,S0618 - Skill in configuring network protection components,Skill in configuring network protection components,1,,,,0,null,"IO-WRL-004,OG-WRL-005",3586,,
S,S0619,S0619 - Skill in auditing technical systems,Skill in auditing technical systems,1,,,,0,null,"DD-WRL-004,OG-WRL-001,OG-WRL-016,NF-COM-007",3587,,
S,S0620,S0620 - Skill in evaluating the trustworthiness of a supply chain,Skill in evaluating the trustworthiness of a supply chain,1,,,,0,null,"IN-WRL-001,OG-WRL-014,NF-COM-007",3588,,
S,S0621,S0621 - Skill in performing binary analysis,Skill in performing binary analysis,1,,,,0,null,"IO-WRL-001,PD-WRL-002",3589,,
S,S0622,S0622 - Skill in implementing one-way hash functions,Skill in implementing one-way hash functions,1,,,,0,null,"IO-WRL-001,IN-WRL-002,PD-WRL-002",3590,,
S,S0623,S0623 - Skill in performing source code analysis,Skill in performing source code analysis,1,,,,0,null,"IN-WRL-002,PD-WRL-002",3591,,
S,S0624,S0624 - Skill in performing volatile data analysis,Skill in performing volatile data analysis,1,,,,0,null,"IN-WRL-002,PD-WRL-002",3592,,
S,S0625,S0625 - Skill in interpreting debugger results,Skill in interpreting debugger results,1,,,,0,null,"IN-WRL-002,PD-WRL-002",3593,,
S,S0626,S0626 - Skill in identifying common encoding techniques,Skill in identifying common encoding techniques,1,,,,0,null,IO-WRL-001,3594,,
S,S0627,S0627 - Skill in reading signatures,Skill in reading signatures,1,,,,0,null,PD-WRL-001,3595,,
S,S0628,S0628 - Skill in developing learning activities,Skill in developing learning activities,1,,,,0,null,"OG-WRL-004,OG-WRL-005,OG-WRL-012",3596,,
S,S0629,S0629 - Skill in applying technologies for instructional purposes,Skill in applying technologies for instructional purposes,1,,,,0,null,OG-WRL-005,3597,,
S,S0630,S0630 - Skill in conducting Test Readiness Reviews (TRR),Skill in conducting Test Readiness Reviews (TRR),1,,,,0,null,DD-WRL-007,3598,,
S,S0631,S0631 - Skill in performing data preprocessing,Skill in performing data preprocessing,1,,,,0,null,IO-WRL-001,3599,,
S,S0632,S0632 - Skill in designing Test and Evaluation Strategies (TES),Skill in designing Test and Evaluation Strategies (TES),1,,,,0,null,"DD-WRL-001,DD-WRL-007,OG-WRL-012",3600,,
S,S0633,S0633 - Skill in developing position qualification requirements,Skill in developing position qualification requirements,1,,,,0,null,"OG-WRL-003,PD-WRL-006",3601,,
S,S0634,S0634 - Skill in identifying Test and Evaluation Strategies (TES) infrastructure requirements,Skill in identifying Test and Evaluation Strategies (TES) infrastructure requirements,1,,,,0,null,"DD-WRL-007,OG-WRL-012",3602,,
S,S0635,S0635 - Skill in managing test assets,Skill in managing test assets,1,,,,0,null,"DD-WRL-007,OG-WRL-012",3603,,
S,S0636,S0636 - Skill in performing format conversions,Skill in performing format conversions,1,,,,0,null,IO-WRL-001,3604,,
S,S0658,S0658 - Skill in implementing digital signatures,Skill in implementing digital signatures,1,,,,0,null,"DD-WRL-001,DD-WRL-003,DD-WRL-005,OG-WRL-001,OG-WRL-012",3626,,
S,S0637,S0637 - Skill in designing multi-level security solutions,Skill in designing multi-level security solutions,1,,,,0,null,"DD-WRL-001,NF-COM-007",3605,,
S,S0652,S0652 - Skill in performing bit-level analysis,Skill in performing bit-level analysis,1,,,,0,null,PD-WRL-002,3620,,
S,S0638,S0638 - Skill in designing cross-domain solutions,Skill in designing cross-domain solutions,1,,,,0,null,DD-WRL-001,3606,,
S,S0663,S0663 - Skill in managing workstations,Skill in managing workstations,1,,,,0,null,IO-WRL-005,3631,,
S,S0639,S0639 - Skill in providing test and evaluation resource estimates,Skill in providing test and evaluation resource estimates,1,,,,0,null,DD-WRL-007,3607,,
S,S0653,S0653 - Skill in creating digital evidence copies,Skill in creating digital evidence copies,1,,,,0,null,PD-WRL-002,3621,,
S,S0640,S0640 - Skill in performing regression analysis,Skill in performing regression analysis,1,,,,0,null,IO-WRL-001,3608,,
S,S0659,S0659 - Skill in applying security models,Skill in applying security models,1,,,,0,null,DD-WRL-001,3627,,
S,S0641,S0641 - Skill in reviewing logs,Skill in reviewing logs,1,,,,0,null,"OG-WRL-012,PD-WRL-007",3609,,
S,S0654,S0654 - Skill in conducting system reviews,Skill in conducting system reviews,1,,,,0,null,"DD-WRL-006,OG-WRL-012,NF-COM-007",3622,,
S,S0642,S0642 - Skill in identifying evidence of past intrusions,Skill in identifying evidence of past intrusions,1,,,,0,null,"OG-WRL-012,PD-WRL-007",3610,,
S,S0662,S0662 - Skill in managing servers,Skill in managing servers,1,,,,0,null,IO-WRL-005,3630,,
S,S0643,S0643 - Skill in applying hardening techniques,Skill in applying hardening techniques,1,,,,0,null,"OG-WRL-005,PD-WRL-004",3611,,
S,S0655,S0655 - Skill in designing secure test plans,Skill in designing secure test plans,1,,,,0,null,"DD-WRL-001,DD-WRL-003,DD-WRL-004,DD-WRL-005,OG-WRL-012",3623,,
S,S0644,S0644 - Skill in performing transformation analytics,Skill in performing transformation analytics,1,,,,0,null,IO-WRL-001,3612,,
S,S0660,S0660 - Skill in performing systems engineering,Skill in performing systems engineering,1,,,,0,null,DD-WRL-008,3628,,
S,S0645,S0645 - Skill in troubleshooting cyber defense infrastructure anomalies,Skill in troubleshooting cyber defense infrastructure anomalies,1,,,,0,null,"OG-WRL-012,PD-WRL-004",3613,,
S,S0656,S0656 - Skill in assessing application vulnerabilities,Skill in assessing application vulnerabilities,1,,,,0,null,"OG-WRL-012,PD-WRL-007",3624,,
S,S0646,S0646 - Skill in applying descriptive statistics,Skill in applying descriptive statistics,1,,,,0,null,IO-WRL-001,3614,,
S,S0664,S0664 - Skill in applying policies that meet system security objectives,Skill in applying policies that meet system security objectives,1,,,,0,null,"DD-WRL-004,OG-WRL-012,NF-COM-007",3632,,
S,S0647,S0647 - Skill in managing a workforce,Skill in managing a workforce,1,,,,0,null,"OG-WRL-012,OG-WRL-003",3615,,
S,S0657,S0657 - Skill in implementing Public Key Infrastructure (PKI) encryption,Skill in implementing Public Key Infrastructure (PKI) encryption,1,,,,0,null,"DD-WRL-001,DD-WRL-003,DD-WRL-005,OG-WRL-001,OG-WRL-012",3625,,
S,S0648,S0648 - Skill in detecting anomalies,Skill in detecting anomalies,1,,,,0,null,IO-WRL-001,3616,,
S,S0665,S0665 - Skill in creating policies,Skill in creating policies,1,,,,0,null,,3633,,
S,S0649,S0649 - Skill in removing outliers,Skill in removing outliers,1,,,,0,null,IO-WRL-001,3617,,
S,S0661,S0661 - Skill in troubleshooting client-level problems,Skill in troubleshooting client-level problems,1,,,,0,null,IO-WRL-007,3629,,
S,S0650,S0650 - Skill in writing scripts,Skill in writing scripts,1,,,,0,null,IO-WRL-001,3618,,
S,S0666,S0666 - Skill in defining performance objectives,Skill in defining performance objectives,1,,,,0,null,NF-COM-007,3634,,
S,S0651,S0651 - Skill in performing malware analysis,Skill in performing malware analysis,1,,,,0,null,"IN-WRL-001,IN-WRL-002,OG-WRL-005,PD-WRL-001,PD-WRL-003,PD-WRL-002",3619,,
S,S0667,S0667 - Skill in assessing security controls,Skill in assessing security controls,1,,,,0,null,"IO-WRL-006,OG-WRL-012,PD-WRL-001",3635,,
S,S0687,S0687 - Skill in performing administrative planning activities,Skill in performing administrative planning activities,1,,,,0,null,"IO-WRL-005,IO-WRL-007,OG-WRL-010,OG-WRL-011,OG-WRL-015,OG-WRL-002,OG-WRL-012,OG-WRL-008,OG-WRL-009",3653,,
S,S0668,S0668 - Skill in designing technology processes and solutions,Skill in designing technology processes and solutions,1,,,,0,null,DD-WRL-008,3636,,
S,S0704,S0704 - Skill in performing target analysis,Skill in performing target analysis,1,,,,0,null,"OG-WRL-012,PD-WRL-006",3664,,
S,S0669,S0669 - Skill in integrating technology processes and solutions,Skill in integrating technology processes and solutions,1,,,,0,null,DD-WRL-008,3637,,
S,S0688,S0688 - Skill in performing network data analysis,Skill in performing network data analysis,1,,,,0,null,"IO-WRL-006,OG-WRL-005,OG-WRL-012,PD-WRL-001,PD-WRL-003,PD-WRL-005,PD-WRL-007",3654,,
S,S0670,S0670 - Skill in implementing error handling in applications,Skill in implementing error handling in applications,1,,,,0,null,DD-WRL-003,3638,,
S,S0701,S0701 - Skill in performing data mining analysis,Skill in performing data mining analysis,1,,,,0,null,"IO-WRL-001,OG-WRL-012",3661,,
S,S0671,S0671 - Skill in implementing network infrastructure contingency and recovery plans,Skill in implementing network infrastructure contingency and recovery plans,1,,,,0,null,"IO-WRL-004,PD-WRL-002,NF-COM-007",3639,,
S,S0690,S0690 - Skill in performing midpoint collection data analysis,Skill in performing midpoint collection data analysis,1,,,,0,null,PD-WRL-005,3655,,
S,S0672,S0672 - Skill in troubleshooting failed system components,Skill in troubleshooting failed system components,1,,,,0,null,IO-WRL-005,3640,,
S,S0706,S0706 - Skill in identifying patch signatures,Skill in identifying patch signatures,1,,,,0,null,,3666,,
S,S0673,S0673 - Skill in translating operational requirements into security controls,Skill in translating operational requirements into security controls,1,,,,0,null,"DD-WRL-001,DD-WRL-009,DD-WRL-006,OG-WRL-010,OG-WRL-011,OG-WRL-012,OG-WRL-009,PD-WRL-006,NF-COM-007",3641,,
S,S0694,S0694 - Skill in auditing network devices,Skill in auditing network devices,1,,,,0,null,,3656,,
S,S0674,S0674 - Skill in installing system and component upgrades,Skill in installing system and component upgrades,1,,,,0,null,"DD-WRL-001,DD-WRL-002,DD-WRL-004,DD-WRL-006,IO-WRL-005,IO-WRL-006",3642,,
S,S0702,S0702 - Skill in defining an operational environment,Skill in defining an operational environment,1,,,,0,null,PD-WRL-006,3662,,
S,S0675,S0675 - Skill in optimizing system performance,Skill in optimizing system performance,1,,,,0,null,"DD-WRL-001,DD-WRL-002,DD-WRL-004,DD-WRL-006,DD-WRL-008,IO-WRL-005,IO-WRL-006,IO-WRL-004,OG-WRL-012,PD-WRL-007",3643,,
S,S0739,S0739 - Skill in analyzing intelligence products,Skill in analyzing intelligence products,1,,,,0,null,"OG-WRL-005,OG-WRL-012",3657,,
S,S0677,S0677 - Skill in recovering failed systems,Skill in recovering failed systems,1,,,,0,null,IO-WRL-005,3644,,
S,S0705,S0705 - Skill in installing patches,Skill in installing patches,1,,,,0,null,,3665,,
S,S0678,S0678 - Skill in administering operating systems,Skill in administering operating systems,1,,,,0,null,"IO-WRL-005,PD-WRL-002",3645,,
S,S0695,S0695 - Skill in performing Open Source Intelligence (OSINT) research,Skill in performing Open Source Intelligence (OSINT) research,1,,,,0,null,,3658,,
S,S0679,S0679 - Skill in configuring network workstations and peripherals,Skill in configuring network workstations and peripherals,1,,,,0,null,IO-WRL-007,3646,,
S,S0703,S0703 - Skill in depicting data on a network map,Skill in depicting data on a network map,1,,,,0,null,,3663,,
S,S0680,S0680 - Skill in validating network workstations and peripherals,Skill in validating network workstations and peripherals,1,,,,0,null,IO-WRL-007,3647,,
S,S0696,S0696 - Skill in conducting deep web research,Skill in conducting deep web research,1,,,,0,null,PD-WRL-006,3659,,
S,S0681,S0681 - Skill in performing design modeling,Skill in performing design modeling,1,,,,0,null,"DD-WRL-004,IO-WRL-001,NF-COM-007",3648,,
S,S0707,S0707 - Skill in developing comprehensive cyber operations assessment programs,Skill in developing comprehensive cyber operations assessment programs,1,,,,0,null,OG-WRL-007,3667,,
S,S0682,S0682 - Skill in applying subnet techniques,Skill in applying subnet techniques,1,,,,0,null,IO-WRL-004,3649,,
S,S0700,S0700 - Skill in mining data,Skill in mining data,1,,,,0,null,"IO-WRL-001,OG-WRL-012",3660,,
S,S0683,S0683 - Skill in implementing network segregation,Skill in implementing network segregation,1,,,,0,null,"DD-WRL-001,DD-WRL-002",3650,,
S,S0708,S0708 - Skill in executing comprehensive cyber operations assessment programs,Skill in executing comprehensive cyber operations assessment programs,1,,,,0,null,OG-WRL-007,3668,,
S,S0685,S0685 - Skill in configuring computer protection components,Skill in configuring computer protection components,1,,,,0,null,"DD-WRL-001,IO-WRL-004",3651,,
S,S0686,S0686 - Skill in performing risk assessments,Skill in performing risk assessments,1,,,,0,null,"DD-WRL-001,DD-WRL-002,DD-WRL-009,DD-WRL-004,OG-WRL-004,OG-WRL-005,OG-WRL-006,OG-WRL-012,OG-WRL-003,OG-WRL-007,OG-WRL-013,PD-WRL-007",3652,,
,S,Skills,The capacity to perform an observable action.,1,,,,0,null,,3334,,
S,S0709,S0709 - Skill in developing analytics,Skill in developing analytics,1,,,,0,null,"IO-WRL-001,OG-WRL-012,PD-WRL-006",3669,,
S,S0710,S0710 - Skill in evaluating metadata,Skill in evaluating metadata,1,,,,0,null,"IO-WRL-001,OG-WRL-012",3670,,
S,S0711,S0711 - Skill in interpreting metadata,Skill in interpreting metadata,1,,,,0,null,"IO-WRL-001,OG-WRL-012",3671,,
S,S0712,S0712 - Skill in evaluating data source quality,Skill in evaluating data source quality,1,,,,0,null,"IO-WRL-001,OG-WRL-004,OG-WRL-005,OG-WRL-002,OG-WRL-012,PD-WRL-001,PD-WRL-006",3672,,
S,S0713,S0713 - Skill in evaluating information quality,Skill in evaluating information quality,1,,,,0,null,"OG-WRL-004,OG-WRL-005,OG-WRL-002,OG-WRL-012,PD-WRL-006",3673,,
S,S0715,S0715 - Skill in generating operation plans,Skill in generating operation plans,1,,,,0,null,OG-WRL-012,3674,,
S,S0718,S0718 - Skill in identifying cybersecurity threats,Skill in identifying cybersecurity threats,1,,,,0,null,PD-WRL-006,3675,,
S,S0719,S0719 - Skill in identifying intelligence gaps,Skill in identifying intelligence gaps,1,,,,0,null,"OG-WRL-012,PD-WRL-006",3676,,
S,S0720,S0720 - Skill in identifying regional languages and dialects,Skill in identifying regional languages and dialects,1,,,,0,null,OG-WRL-012,3677,,
S,S0721,S0721 - Skill in prioritizing information,Skill in prioritizing information,1,,,,0,null,OG-WRL-012,3678,,
S,S0722,S0722 - Skill in interpreting traceroute results,Skill in interpreting traceroute results,1,,,,0,null,"IO-WRL-004,OG-WRL-012,PD-WRL-001",3679,,
S,S0723,S0723 - Skill in interpreting vulnerability scanner results,Skill in interpreting vulnerability scanner results,1,,,,0,null,"OG-WRL-012,NF-COM-007",3680,,
S,S0724,S0724 - Skill in managing client relationships,Skill in managing client relationships,1,,,,0,null,"DD-WRL-006,OG-WRL-012,PD-WRL-006",3681,,
S,S0725,S0725 - Skill in performing network visualization,Skill in performing network visualization,1,,,,0,null,,3682,,
S,S0726,S0726 - Skill in performing data normalization,Skill in performing data normalization,1,,,,0,null,,3683,,
S,S0727,S0727 - Skill in performing data fusion,Skill in performing data fusion,1,,,,0,null,,3684,,
S,S0728,S0728 - Skill in preparing briefings,Skill in preparing briefings,1,,,,0,null,"DD-WRL-001,IO-WRL-002,IO-WRL-001,OG-WRL-012,PD-WRL-005,PD-WRL-006",3685,,
S,S0729,S0729 - Skill in preparing plans,Skill in preparing plans,1,,,,0,null,"IO-WRL-005,OG-WRL-002,OG-WRL-012",3686,,
S,S0731,S0731 - Skill in producing after-action reports,Skill in producing after-action reports,1,,,,0,null,OG-WRL-012,3687,,
S,S0732,S0732 - Skill in recognizing malicious network activity in traffic,Skill in recognizing malicious network activity in traffic,1,,,,0,null,,3688,,
S,S0733,S0733 - Skill in interpreting malicious network activity in traffic,Skill in interpreting malicious network activity in traffic,1,,,,0,null,,3689,,
S,S0734,S0734 - Skill in identifying technical information,Skill in identifying technical information,1,,,,0,null,,3690,,
S,S0735,S0735 - Skill in programming,Skill in programming,1,,,,0,null,IO-WRL-001,3691,,
S,S0736,S0736 - Skill in researching software vulnerabilities,Skill in researching software vulnerabilities,1,,,,0,null,,3692,,
S,S0737,S0737 - Skill in researching software exploits,Skill in researching software exploits,1,,,,0,null,,3693,,
S,S0738,S0738 - Skill in performing reverse engineering of software,Skill in performing reverse engineering of software,1,,,,0,null,OG-WRL-005,3694,,
S,S0743,S0743 - Skill in identifying network anomalies,Skill in identifying network anomalies,1,,,,0,null,OG-WRL-012,3695,,
S,S0744,S0744 - Skill in performing technical writing,Skill in performing technical writing,1,,,,0,null,"DD-WRL-004,DD-WRL-008,IO-WRL-003,OG-WRL-004,OG-WRL-005,OG-WRL-012,NF-COM-007",3696,,
S,S0745,S0745 - Skill in testing tools for implementation,Skill in testing tools for implementation,1,,,,0,null,,3697,,
S,S0746,S0746 - Skill in evaluating tools for implementation,Skill in evaluating tools for implementation,1,,,,0,null,,3698,,
S,S0748,S0748 - Skill in querying data,Skill in querying data,1,,,,0,null,"PD-WRL-005,PD-WRL-006",3699,,
S,S0749,S0749 - Skill in determining relevant information,Skill in determining relevant information,1,,,,0,null,,3700,,
S,S0751,S0751 - Skill in conducting open-source searches,Skill in conducting open-source searches,1,,,,0,null,PD-WRL-006,3701,,
S,S0752,S0752 - Skill in evading network detection,Skill in evading network detection,1,,,,0,null,,3702,,
S,S0754,S0754 - Skill in establishing persistence,Skill in establishing persistence,1,,,,0,null,OG-WRL-005,3703,,
S,S0755,S0755 - Skill in reconstructing a network,Skill in reconstructing a network,1,,,,0,null,"IO-WRL-004,OG-WRL-012,PD-WRL-001",3704,,
S,S0756,S0756 - Skill in incorporating feedback,Skill in incorporating feedback,1,,,,0,null,"OG-WRL-004,OG-WRL-005,OG-WRL-012,PD-WRL-006",3705,,
S,S0757,S0757 - Skill in verifying the integrity of files,Skill in verifying the integrity of files,1,,,,0,null,,3706,,
S,S0758,S0758 - Skill in performing wireless network analysis,Skill in performing wireless network analysis,1,,,,0,null,OG-WRL-012,3707,,
S,S0759,S0759 - Skill in identifying requirements,Skill in identifying requirements,1,,,,0,null,"DD-WRL-006,OG-WRL-010,OG-WRL-011,OG-WRL-009",3708,,
S,S0760,S0760 - Skill in navigating databases,Skill in navigating databases,1,,,,0,null,OG-WRL-012,3709,,
S,S0761,S0761 - Skill in performing strategic guidance analysis,Skill in performing strategic guidance analysis,1,,,,0,null,OG-WRL-012,3710,,
S,S0762,S0762 - Skill in integrating organization objectives,Skill in integrating organization objectives,1,,,,0,null,"DD-WRL-001,DD-WRL-002,IO-WRL-005",3711,,
S,S0764,S0764 - Skill in comparing indicators with requirements,Skill in comparing indicators with requirements,1,,,,0,null,,3712,,
S,S0765,S0765 - Skill in converting intelligence requirements into intelligence production tasks,Skill in converting intelligence requirements into intelligence production tasks,1,,,,0,null,PD-WRL-006,3713,,
S,S0766,S0766 - Skill in coordinating product development,Skill in coordinating product development,1,,,,0,null,,3714,,
S,S0768,S0768 - Skill in allocating resources,Skill in allocating resources,1,,,,0,null,,3715,,
S,S0769,S0769 - Skill in defining progress indicators,Skill in defining progress indicators,1,,,,0,null,,3716,,
S,S0770,S0770 - Skill in defining success indicators,Skill in defining success indicators,1,,,,0,null,,3717,,
S,S0771,S0771 - Skill in creating planning documents,Skill in creating planning documents,1,,,,0,null,NF-COM-007,3718,,
S,S0772,S0772 - Skill in maintaining planning documents,Skill in maintaining planning documents,1,,,,0,null,NF-COM-007,3719,,
S,S0773,S0773 - Skill in tracking services,Skill in tracking services,1,,,,0,null,,3720,,
S,S0775,S0775 - Skill in developing intelligence collection plans,Skill in developing intelligence collection plans,1,,,,0,null,OG-WRL-012,3721,,
S,S0777,S0777 - Skill in developing collection strategies,Skill in developing collection strategies,1,,,,0,null,"OG-WRL-012,PD-WRL-006",3722,,
S,S0779,S0779 - Skill in determining information requirements,Skill in determining information requirements,1,,,,0,null,PD-WRL-006,3723,,
S,S0780,S0780 - Skill in fulfilling information requests,Skill in fulfilling information requests,1,,,,0,null,OG-WRL-012,3724,,
S,S0782,S0782 - Skill in determining capability estimates,Skill in determining capability estimates,1,,,,0,null,,3725,,
S,S0783,S0783 - Skill in creating decision support materials,Skill in creating decision support materials,1,,,,0,null,,3726,,
S,S0784,S0784 - Skill in implementing established procedures,Skill in implementing established procedures,1,,,,0,null,,3727,,
S,S0785,S0785 - Skill in interpreting planning guidance,Skill in interpreting planning guidance,1,,,,0,null,,3728,,
S,S0786,S0786 - Skill in interpreting readiness reporting,Skill in interpreting readiness reporting,1,,,,0,null,,3729,,
S,S0788,S0788 - Skill in orchestrating planning teams,Skill in orchestrating planning teams,1,,,,0,null,"DD-WRL-004,OG-WRL-012",3730,,
S,S0789,S0789 - Skill in coordinating collection support,Skill in coordinating collection support,1,,,,0,null,"DD-WRL-004,OG-WRL-012",3731,,
S,S0791,S0791 - Skill in presenting to an audience,Skill in presenting to an audience,1,,,,0,null,"DD-WRL-001,DD-WRL-007,IO-WRL-002,IO-WRL-001,OG-WRL-005,OG-WRL-012,OG-WRL-008,PD-WRL-005,PD-WRL-006",3732,,
S,S0793,S0793 - Skill in analyzing performance specifications,Skill in analyzing performance specifications,1,,,,0,null,,3733,,
S,S0794,S0794 - Skill in establishing timelines,Skill in establishing timelines,1,,,,0,null,,3734,,
S,S0796,S0796 - Skill in creating privacy policies,Skill in creating privacy policies,1,,,,0,null,OG-WRL-008,3735,,
S,S0797,S0797 - Skill in negotiating vendor agreements,Skill in negotiating vendor agreements,1,,,,0,null,OG-WRL-008,3736,,
S,S0798,S0798 - Skill in evaluating vendor privacy practices,Skill in evaluating vendor privacy practices,1,,,,0,null,OG-WRL-008,3737,,
S,S0799,S0799 - Skill in anticipating new security threats,Skill in anticipating new security threats,1,,,,0,null,OG-WRL-007,3738,,
S,S0800,S0800 - Skill in analyzing organizational patterns and relationships,Skill in analyzing organizational patterns and relationships,1,,,,0,null,"OG-WRL-004,OG-WRL-005,OG-WRL-012,OG-WRL-007",3739,,
S,S0801,S0801 - Skill in assessing partner operations capabilities,Skill in assessing partner operations capabilities,1,,,,0,null,"DD-WRL-006,OG-WRL-012,OG-WRL-013",3740,,
S,S0804,S0804 - Skill in assessing an organization's threat environment,Skill in assessing an organization's threat environment,1,,,,0,null,"PD-WRL-007,NF-COM-007",3741,,
S,S0805,S0805 - Skill in designing incident responses,Skill in designing incident responses,1,,,,0,null,"IO-WRL-007,PD-WRL-003",3742,,
S,S0806,S0806 - Skill in performing incident responses,Skill in performing incident responses,1,,,,0,null,"DD-WRL-009,IO-WRL-007,PD-WRL-003",3743,,
S,S0807,S0807 - Skill in solving problems,Skill in solving problems,1,,,,0,null,"DD-WRL-008,IO-WRL-007,IO-WRL-001,IN-WRL-001,OG-WRL-004,OG-WRL-005,OG-WRL-012,OG-WRL-007,OG-WRL-013",3744,,
S,S0808,S0808 - Skill in assessing an organization’s data assets,Skill in assessing an organization’s data assets,1,,,,0,null,"IO-WRL-001,NF-COM-007",3745,,
S,S0809,S0809 - Skill in utilizing cyber defense service provider information,Skill in utilizing cyber defense service provider information,1,,,,0,null,"OG-WRL-012,PD-WRL-001",3746,,
S,S0810,S0810 - Skill in responding to threat reports,Skill in responding to threat reports,1,,,,0,null,,3747,,
S,S0811,S0811 - Skill in managing intelligence collection requirements,Skill in managing intelligence collection requirements,1,,,,0,null,"OG-WRL-010,OG-WRL-011,OG-WRL-015,OG-WRL-009,OG-WRL-016",3748,,
S,S0812,S0812 - Skill in performing supply chain analysis,Skill in performing supply chain analysis,1,,,,0,null,,3749,,
S,S0813,S0813 - Skill in identifying cybersecurity issues in external connections,Skill in identifying cybersecurity issues in external connections,1,,,,0,null,"DD-WRL-001,DD-WRL-002,OG-WRL-012",3750,,
S,S0814,S0814 - Skill in identifying privacy issues in partner interconnections,Skill in identifying privacy issues in partner interconnections,1,,,,0,null,"DD-WRL-001,DD-WRL-002,OG-WRL-012",3751,,
S,S0815,S0815 - Skill in troubleshooting network equipment,Skill in troubleshooting network equipment,1,,,,0,null,IO-WRL-004,3752,,
S,S0816,S0816 - Skill in developing curriculum standards,Skill in developing curriculum standards,1,,,,0,null,,3753,,
S,S0817,S0817 - Skill in building internal and external relationships,Skill in building internal and external relationships,1,,,,0,null,PD-WRL-005,3754,,
S,S0818,S0818 - Skill in building internal and external stakeholder relationships,Skill in building internal and external stakeholder relationships,1,,,,0,null,"OG-WRL-008,NF-COM-007",3755,,
S,S0819,S0819 - Skill in caching data,Skill in caching data,1,,,,0,null,"IO-WRL-002,IO-WRL-001",3756,,
S,S0820,S0820 - Skill in cataloging data,Skill in cataloging data,1,,,,0,null,"IO-WRL-002,IO-WRL-001",3757,,
S,S0821,S0821 - Skill in collaborating with internal and external stakeholders,Skill in collaborating with internal and external stakeholders,1,,,,0,null,"OG-WRL-011,OG-WRL-002,OG-WRL-003,OG-WRL-007,OG-WRL-008,OG-WRL-009,PD-WRL-003,PD-WRL-002,PD-WRL-005,NF-COM-007",3758,,
S,S0822,S0822 - Skill in collaborating with stakeholders,Skill in collaborating with stakeholders,1,,,,0,null,"DD-WRL-001,DD-WRL-002,DD-WRL-006",3759,,
S,S0824,S0824 - Skill in communicating with customers,Skill in communicating with customers,1,,,,0,null,"DD-WRL-004,DD-WRL-006",3760,,
S,S0825,S0825 - Skill in communicating with engineering staff,Skill in communicating with engineering staff,1,,,,0,null,"DD-WRL-003,DD-WRL-005",3761,,
S,S0826,S0826 - Skill in communicating with external organizations,Skill in communicating with external organizations,1,,,,0,null,"OG-WRL-007,OG-WRL-014",3762,,
S,S0827,S0827 - Skill in communicating with internal and external stakeholders,Skill in communicating with internal and external stakeholders,1,,,,0,null,DD-WRL-008,3763,,
S,S0828,S0828 - Skill in compiling data,Skill in compiling data,1,,,,0,null,"IO-WRL-002,IO-WRL-001",3764,,
S,S0829,S0829 - Skill in conducting customer interviews,Skill in conducting customer interviews,1,,,,0,null,DD-WRL-005,3765,,
S,S0830,S0830 - Skill in conducting feasibility studies,Skill in conducting feasibility studies,1,,,,0,null,DD-WRL-006,3766,,
S,S0831,S0831 - Skill in configuring hardware,Skill in configuring hardware,1,,,,0,null,PD-WRL-004,3767,,
S,S0832,S0832 - Skill in cooperating with internal and external stakeholders,Skill in cooperating with internal and external stakeholders,1,,,,0,null,,3768,,
S,S0833,S0833 - Skill in correlating incident data,Skill in correlating incident data,1,,,,0,null,,3769,,
S,S0834,S0834 - Skill in developing technical reports,Skill in developing technical reports,1,,,,0,null,"IN-WRL-002,PD-WRL-002,NF-COM-007",3770,,
S,S0835,S0835 - Skill in distributing data,Skill in distributing data,1,,,,0,null,"IO-WRL-002,IO-WRL-001",3771,,
S,S0836,S0836 - Skill in encrypting data,Skill in encrypting data,1,,,,0,null,DD-WRL-003,3772,,
S,S0837,S0837 - Skill in executing computer scripts to automate tasks,Skill in executing computer scripts to automate tasks,1,,,,0,null,,3773,,
S,S0838,S0838 - Skill in identifying anomalous activities,Skill in identifying anomalous activities,1,,,,0,null,PD-WRL-001,3774,,
S,S0839,S0839 - Skill in identifying exploited system weaknesses,Skill in identifying exploited system weaknesses,1,,,,0,null,"PD-WRL-001,NF-COM-007",3775,,
S,S0840,S0840 - Skill in identifying misuse activities,Skill in identifying misuse activities,1,,,,0,null,PD-WRL-001,3776,,
S,S0841,S0841 - Skill in identifying possible security violations,Skill in identifying possible security violations,1,,,,0,null,"OG-WRL-001,OG-WRL-014",3777,,
S,S0842,S0842 - Skill in interpreting test results,Skill in interpreting test results,1,,,,0,null,DD-WRL-007,3778,,
S,S0843,S0843 - Skill in maintaining data,Skill in maintaining data,1,,,,0,null,,3779,,
S,S0844,S0844 - Skill in managing account access rights,Skill in managing account access rights,1,,,,0,null,"IO-WRL-005,IO-WRL-007",3780,,
S,S0845,S0845 - Skill in mapping networks,Skill in mapping networks,1,,,,0,null,,3781,,
S,S0846,S0846 - Skill in monitoring system activity,Skill in monitoring system activity,1,,,,0,null,PD-WRL-001,3782,,
S,S0848,S0848 - Skill in performing behavioral analysis,Skill in performing behavioral analysis,1,,,,0,null,"IN-WRL-001,PD-WRL-005",3783,,
S,S0850,S0850 - Skill in performing cost/benefit analysis,Skill in performing cost/benefit analysis,1,,,,0,null,"OG-WRL-001,OG-WRL-003,OG-WRL-008,OG-WRL-014",3784,,
S,S0852,S0852 - Skill in performing cyber defense trend analysis,Skill in performing cyber defense trend analysis,1,,,,0,null,IO-WRL-007,3785,,
S,S0853,S0853 - Skill in performing cybersecurity architecture analysis,Skill in performing cybersecurity architecture analysis,1,,,,0,null,"DD-WRL-001,DD-WRL-002,NF-COM-007",3786,,
S,S0854,S0854 - Skill in performing data analysis,Skill in performing data analysis,1,,,,0,null,"IO-WRL-007,IO-WRL-001,IN-WRL-001,IN-WRL-002,PD-WRL-001,PD-WRL-003,PD-WRL-002,PD-WRL-005",3787,,
S,S0855,S0855 - Skill in performing data requirement analysis,Skill in performing data requirement analysis,1,,,,0,null,,3788,,
S,S0856,S0856 - Skill in performing digital evidence analysis,Skill in performing digital evidence analysis,1,,,,0,null,"IN-WRL-001,IN-WRL-002,PD-WRL-002",3789,,
S,S0857,S0857 - Skill in performing dynamic analysis,Skill in performing dynamic analysis,1,,,,0,null,"IN-WRL-002,PD-WRL-001,PD-WRL-002",3790,,
S,S0858,S0858 - Skill in performing economic analysis,Skill in performing economic analysis,1,,,,0,null,"OG-WRL-001,OG-WRL-003,OG-WRL-008,OG-WRL-014",3791,,
S,S0866,S0866 - Skill in performing log file analysis,Skill in performing log file analysis,1,,,,0,null,"IN-WRL-001,IN-WRL-002,PD-WRL-001,PD-WRL-003,PD-WRL-002,PD-WRL-005",3792,,
S,S0859,S0859 - Skill in performing event correlation,Skill in performing event correlation,1,,,,0,null,PD-WRL-001,3793,,
S,S0870,S0870 - Skill in performing needs analysis,Skill in performing needs analysis,1,,,,0,null,"DD-WRL-006,OG-WRL-010,OG-WRL-011,OG-WRL-009",3794,,
S,S0860,S0860 - Skill in performing file system forensic analysis,Skill in performing file system forensic analysis,1,,,,0,null,"IN-WRL-002,PD-WRL-002",3795,,
S,S0867,S0867 - Skill in performing malicious activity analysis,Skill in performing malicious activity analysis,1,,,,0,null,PD-WRL-001,3796,,
S,S0861,S0861 - Skill in performing gap analysis,Skill in performing gap analysis,1,,,,0,null,DD-WRL-004,3797,,
S,S0871,S0871 - Skill in performing network analysis,Skill in performing network analysis,1,,,,0,null,,3798,,
S,S0862,S0862 - Skill in performing geospatial analysis,Skill in performing geospatial analysis,1,,,,0,null,,3799,,
S,S0868,S0868 - Skill in performing market analysis,Skill in performing market analysis,1,,,,0,null,,3800,,
S,S0863,S0863 - Skill in performing incident analysis,Skill in performing incident analysis,1,,,,0,null,"IN-WRL-001,PD-WRL-001",3801,,
S,S0869,S0869 - Skill in performing metadata analysis,Skill in performing metadata analysis,1,,,,0,null,"PD-WRL-001,PD-WRL-006",3802,,
S,S0872,S0872 - Skill in performing network data flow analysis,Skill in performing network data flow analysis,1,,,,0,null,PD-WRL-001,3803,,
S,S0874,S0874 - Skill in performing network traffic analysis,Skill in performing network traffic analysis,1,,,,0,null,"OG-WRL-005,OG-WRL-012,PD-WRL-001,PD-WRL-005",3804,,
S,S0875,S0875 - Skill in performing network traffic packet analysis,Skill in performing network traffic packet analysis,1,,,,0,null,"PD-WRL-001,PD-WRL-002",3805,,
S,S0876,S0876 - Skill in performing nodal analysis,Skill in performing nodal analysis,1,,,,0,null,PD-WRL-006,3806,,
S,S0877,S0877 - Skill in performing quantitative analysis,Skill in performing quantitative analysis,1,,,,0,null,IO-WRL-001,3807,,
S,S0878,S0878 - Skill in performing risk analysis,Skill in performing risk analysis,1,,,,0,null,"DD-WRL-003,DD-WRL-004,DD-WRL-005,DD-WRL-006,OG-WRL-001,OG-WRL-012,OG-WRL-003,OG-WRL-008,OG-WRL-014",3808,,
S,S0879,S0879 - Skill in performing scientific analysis,Skill in performing scientific analysis,1,,,,0,null,DD-WRL-003,3809,,
S,S0880,S0880 - Skill in performing security architecture analysis,Skill in performing security architecture analysis,1,,,,0,null,"DD-WRL-001,DD-WRL-002,NF-COM-007",3810,,
S,S0882,S0882 - Skill in performing static analysis,Skill in performing static analysis,1,,,,0,null,PD-WRL-002,3811,,
S,S0883,S0883 - Skill in performing static code analysis,Skill in performing static code analysis,1,,,,0,null,"DD-WRL-003,DD-WRL-005",3812,,
S,S0884,S0884 - Skill in performing static malware analysis,Skill in performing static malware analysis,1,,,,0,null,"IN-WRL-002,PD-WRL-002",3813,,
S,S0885,S0885 - Skill in performing system activity analysis,Skill in performing system activity analysis,1,,,,0,null,PD-WRL-001,3814,,
S,S0886,S0886 - Skill in performing system analysis,Skill in performing system analysis,1,,,,0,null,DD-WRL-006,3815,,
S,S0889,S0889 - Skill in performing test result analysis,Skill in performing test result analysis,1,,,,0,null,DD-WRL-007,3816,,
S,S0890,S0890 - Skill in performing threat analysis,Skill in performing threat analysis,1,,,,0,null,"IN-WRL-001,PD-WRL-005",3817,,
S,S0891,S0891 - Skill in performing trade-off analysis,Skill in performing trade-off analysis,1,,,,0,null,DD-WRL-006,3818,,
S,S0892,S0892 - Skill in performing trend analysis,Skill in performing trend analysis,1,,,,0,null,"IO-WRL-007,OG-WRL-003,PD-WRL-001",3819,,
S,S0893,S0893 - Skill in performing user needs analysis,Skill in performing user needs analysis,1,,,,0,null,"DD-WRL-001,DD-WRL-002,DD-WRL-004",3820,,
S,S0896,S0896 - Skill in recognizing behavioral patterns,Skill in recognizing behavioral patterns,1,,,,0,null,"IN-WRL-001,PD-WRL-005",3821,,
S,S0897,S0897 - Skill in retrieving data,Skill in retrieving data,1,,,,0,null,"IO-WRL-002,IO-WRL-001",3822,,
S,S0898,S0898 - Skill in testing hardware,Skill in testing hardware,1,,,,0,null,PD-WRL-004,3823,,
S,S0899,S0899 - Skill in testing interfaces,Skill in testing interfaces,1,,,,0,null,DD-WRL-004,3824,,
S,S0900,S0900 - Skill in analyzing information from multiple sources,Skill in analyzing information from multiple sources,1,,,,0,null,PD-WRL-005,3825,,
S,S0902,S0902 - Skill in building relationships remotely and in person,Skill in building relationships remotely and in person,1,,,,0,null,PD-WRL-005,3826,,
S,S0904,S0904 - Skill in correlating data from multiple tools,Skill in correlating data from multiple tools,1,,,,0,null,PD-WRL-005,3827,,
S,S0905,S0905 - Skill in determining what information may helpful to a specific audience,Skill in determining what information may helpful to a specific audience,1,,,,0,null,PD-WRL-005,3828,,
S,S0906,S0906 - Skill in identifying insider risk security gaps,Skill in identifying insider risk security gaps,1,,,,0,null,PD-WRL-005,3829,,
S,S0907,S0907 - Skill in identifying insider threats,Skill in identifying insider threats,1,,,,0,null,PD-WRL-005,3830,,
S,S0908,S0908 - Skill in determining the importance of assets,Skill in determining the importance of assets,1,,,,0,null,PD-WRL-005,3831,,
S,S0909,S0909 - Skill in integrating information from multiple sources,Skill in integrating information from multiple sources,1,,,,0,null,PD-WRL-005,3832,,
S,S0910,S0910 - Skill in performing cyberintelligence data analysis,Skill in performing cyberintelligence data analysis,1,,,,0,null,PD-WRL-005,3833,,
S,S0911,S0911 - Skill in performing data queries,Skill in performing data queries,1,,,,0,null,PD-WRL-005,3834,,
S,S0912,S0912 - Skill in performing human behavioral analysis,Skill in performing human behavioral analysis,1,,,,0,null,PD-WRL-005,3835,,
S,S0913,S0913 - Skill in performing link analysis,Skill in performing link analysis,1,,,,0,null,PD-WRL-005,3836,,
S,S0916,S0916 - Skill in recognizing recurring threat incidents,Skill in recognizing recurring threat incidents,1,,,,0,null,PD-WRL-005,3837,,
S,S0917,S0917 - Skill in forecasting likely impacts on mission or business functions resulting from ...,Skill in forecasting likely impacts on mission or business functions resulting from adversity,1,,,,0,null,NF-COM-007,3838,,
S,S0918,S0918 - Skill in conducting ongoing monitoring of system properties and behaviors,Skill in conducting ongoing monitoring of system properties and behaviors,1,,,,0,null,NF-COM-007,3839,,
S,S0919,"S0919 - Skill in evaluating threats, events, and courses of action in the context of mission or ...","Skill in evaluating threats, events, and courses of action in the context of mission or business functions",1,,,,0,null,NF-COM-007,3840,,
S,S0920,S0920 - Skill in establishing segmentation of system assets based on criticality and trustworthiness,Skill in establishing segmentation of system assets based on criticality and trustworthiness,1,,,,0,null,NF-COM-007,3841,,
S,S0921,S0921 - Skill in performing telemetry analysis,Skill in performing telemetry analysis,1,,,,0,null,NF-COM-007,3842,,
S,S0922,S0922 - Skill in making decisions under conditions of uncertainty,Skill in making decisions under conditions of uncertainty,1,,,,0,null,NF-COM-007,3843,,
S,S0923,S0923 - Skill in communicating at varying levels of technical detail with stakeholders of various...,Skill in communicating at varying levels of technical detail with stakeholders of various backgrounds,1,,,,0,null,NF-COM-007,3844,,
S,S0924,S0924 - Skill in crisis management,Skill in crisis management,1,,,,0,null,NF-COM-007,3845,,
S,S0925,S0925 - Skill in developing and analyzing attack paths,Skill in developing and analyzing attack paths,1,,,,0,null,NF-COM-007,3846,,
S,S0926,S0926 - Skill in designing and maintaining threat catalogs,Skill in designing and maintaining threat catalogs,1,,,,0,null,NF-COM-007,3847,,
S,S0927,S0927 - Skill in defining contingency plans,Skill in defining contingency plans,1,,,,0,null,NF-COM-007,3848,,
S,S0928,S0928 - Skill in defining loss scenarios,Skill in defining loss scenarios,1,,,,0,null,NF-COM-007,3849,,
S,S0929,S0929 - Skill in designing air-gapped data vault solutions,Skill in designing air-gapped data vault solutions,1,,,,0,null,NF-COM-007,3850,,
S,S0930,S0930 - Skill in defining impact tolerance statements ,Skill in defining impact tolerance statements,1,,,,0,null,NF-COM-007,3851,,
S,S0931,S0931 - Skill in conducting technical business impact analysis,Skill in conducting technical business impact analysis,1,,,,0,null,NF-COM-007,3852,,
S,S0932,S0932 - Skill in protecting critical assets,Skill in protecting critical assets,1,,,,0,null,NF-COM-007,3853,,
S,S0933,S0933 - Skill in designing enhanced controls for critical assets,Skill in designing enhanced controls for critical assets,1,,,,0,null,NF-COM-007,3854,,
S,S0934,S0934 - Skill in performing Fault Tree Analysis (FTA),Skill in performing Fault Tree Analysis (FTA),1,,,,0,null,NF-COM-007,3855,,
S,S0935,S0935 - Skill in live acquisition,Skill in live acquisition,1,,,,0,null,IN-WRL-002,3856,,
S,S0936,S0936 - Skill in deadbox acquisition,Skill in deadbox acquisition,1,,,,0,null,IN-WRL-002,3857,,
S,S0937,S0937 - Skill in inspecting data for ingestion,Skill in inspecting data for ingestion,1,,,,0,null,IN-WRL-002,3858,,
S,S0938,S0938 - Skill in interacting with live systems to identify active and historical networks,Skill in interacting with live systems to identify active and historical networks,1,,,,0,null,IN-WRL-002,3859,,
S,S0939,S0939 - Skill in performing event analysis,Skill in performing event analysis,1,,,,0,null,DD-WRL-009,3860,,
S,S0940,S0940 - Skill in performing risk-based gap analysis,Skill in performing risk-based gap analysis,1,,,,0,null,DD-WRL-009,3861,,
S,S0941,S0941 - Skill in identifying gaps in control system network and connectivity architecture,Skill in identifying gaps in control system network and connectivity architecture,1,,,,0,null,DD-WRL-009,3862,,
S,S0942,S0942 - Skill in performing system recovery for control system environments,Skill in performing system recovery for control system environments,1,,,,0,null,DD-WRL-009,3863,,
S,S0943,S0943 - Skill in connecting to OT assets,Skill in connecting to OT assets,1,,,,0,null,DD-WRL-009,3864,,
S,S0944,S0944 - Skill in designing and specifying OT systems,Skill in designing and specifying OT systems,1,,,,0,null,DD-WRL-009,3865,,
S,S0945,S0945 - Skill in evaluating OT vendor products,Skill in evaluating OT vendor products,1,,,,0,null,DD-WRL-009,3866,,
S,S0946,S0946 - Skill in interpreting OT network drawings,Skill in interpreting OT network drawings,1,,,,0,null,DD-WRL-009,3867,,
S,S0947,S0947 - Skill in interpreting risk assessments,Skill in interpreting risk assessments,1,,,,0,null,DD-WRL-009,3868,,
S,S0948,S0948 - Skill in performing zone conduit requirement analysis,Skill in performing zone conduit requirement analysis,1,,,,0,null,DD-WRL-009,3869,,
S,S0949,S0949 - Skill in recognizing and acknowledging unique contributions from varying skillsets,Skill in recognizing and acknowledging unique contributions from varying skillsets,1,,,,0,null,DD-WRL-009,3870,,
S,S0950,S0950 - Skill in reviewing access control lists and firewall rules,Skill in reviewing access control lists and firewall rules,1,,,,0,null,DD-WRL-009,3871,,
S,S0951,S0951 - Skill in securing control system communication protocols and media,Skill in securing control system communication protocols and media,1,,,,0,null,DD-WRL-009,3872,,
K,K0658,K0658 - Knowledge of cognitive biases,Knowledge of cognitive biases,1,,,,0,null,"OG-WRL-012,PD-WRL-006",3874,,
K,K0092,K0092 - Knowledge of technology integration processes,Knowledge of technology integration processes,1,,,,0,null,"DD-WRL-001,OG-WRL-014,NF-COM-007",3883,,
K,K0793,K0793 - Knowledge of file extensions,Knowledge of file extensions,1,,,,0,null,"IO-WRL-007,IN-WRL-002,PD-WRL-001,PD-WRL-002",3875,,
K,K0653,K0653 - Knowledge of cybersecurity practices in the acquisition process,Knowledge of cybersecurity practices in the acquisition process,1,,,,0,null,"DD-WRL-004,OG-WRL-010,OG-WRL-011,OG-WRL-012,OG-WRL-009,OG-WRL-016,NF-COM-007",3880,,
K,K0018,K0018 - Knowledge of encryption algorithms,Knowledge of encryption algorithms,1,,,,0,null,"DD-WRL-001,DD-WRL-004,DD-WRL-006,IO-WRL-006,OG-WRL-001,OG-WRL-012,OG-WRL-014,PD-WRL-001,PD-WRL-002,PD-WRL-006",3876,,
K,K0650,K0650 - Knowledge of supplier assessment criteria,Knowledge of supplier assessment criteria,1,,,,0,null,"OG-WRL-010,OG-WRL-011,OG-WRL-009",3884,,
K,K0055,K0055 - Knowledge of microprocessors,Knowledge of microprocessors,1,,,,0,null,"DD-WRL-001,DD-WRL-004,DD-WRL-006",3877,,
K,K0068,K0068 - Knowledge of programming language structures and logic,Knowledge of programming language structures and logic,1,,,,0,null,"DD-WRL-003,DD-WRL-004,DD-WRL-005,DD-WRL-007,IO-WRL-001,PD-WRL-001,PD-WRL-007",3881,,
K,K0642,K0642 - Knowledge of pricing structures,Knowledge of pricing structures,1,,,,0,null,OG-WRL-009,3878,,
K,K0643,K0643 - Knowledge of virtual learning environments,Knowledge of virtual learning environments,1,,,,0,null,"OG-WRL-004,OG-WRL-005",3882,,
K,K0064,K0064 - Knowledge of performance tuning tools and techniques,Knowledge of performance tuning tools and techniques,1,,,,0,null,IO-WRL-005,3879,,
K,K0159,K0159 - Knowledge of Voice over IP (VoIP),Knowledge of Voice over IP (VoIP),1,,,,0,null,IO-WRL-004,3885,,
K,K1262,K1262 - Knowledge of network endpoints,Knowledge of network endpoints,1,,,,0,null,PD-WRL-005,4457,,
K,K0644,K0644 - Knowledge of cybersecurity operation policies and procedures,Knowledge of cybersecurity operation policies and procedures,1,,,,0,null,"OG-WRL-002,OG-WRL-003,OG-WRL-007,OG-WRL-013,OG-WRL-008,NF-COM-007",3886,,
K,K0176,K0176 - Knowledge of Extensible Markup Language (XML) schemas,Knowledge of Extensible Markup Language (XML) schemas,1,,,,0,null,DD-WRL-008,3887,,
K,K0655,K0655 - Knowledge of intelligence fusion,Knowledge of intelligence fusion,1,,,,0,null,"OG-WRL-012,PD-WRL-006",3888,,
K,K0375,K0375 - Knowledge of wireless applications vulnerabilities,Knowledge of wireless applications vulnerabilities,1,,,,0,null,,3889,,
K,K0645,K0645 - Knowledge of standard operating procedures (SOPs),Knowledge of standard operating procedures (SOPs),1,,,,0,null,"IO-WRL-005,IO-WRL-007,OG-WRL-008",3890,,
K,K0470,K0470 - Knowledge of Internet and routing protocols,Knowledge of Internet and routing protocols,1,,,,0,null,,3891,,
K,K0651,K0651 - Knowledge of trustworthiness principles,Knowledge of trustworthiness principles,1,,,,0,null,"OG-WRL-010,OG-WRL-011,OG-WRL-009,NF-COM-007",3892,,
K,K0476,K0476 - Knowledge of language processing tools and techniques,Knowledge of language processing tools and techniques,1,,,,0,null,OG-WRL-012,3893,,
K,K0646,K0646 - Knowledge of system optimization techniques,Knowledge of system optimization techniques,1,,,,0,null,"DD-WRL-001,DD-WRL-002",3894,,
K,K0480,K0480 - Knowledge of malware,Knowledge of malware,1,,,,0,null,PD-WRL-006,3895,,
K,K0654,K0654 - Knowledge of target audience requirements,Knowledge of target audience requirements,1,,,,0,null,"OG-WRL-004,OG-WRL-005",3896,,
K,K0498,K0498 - Knowledge of operational planning processes,Knowledge of operational planning processes,1,,,,0,null,"OG-WRL-010,OG-WRL-011,OG-WRL-015,OG-WRL-007,OG-WRL-008,OG-WRL-009",3897,,
K,K0647,K0647 - Knowledge of data visualization tools and techniques,Knowledge of data visualization tools and techniques,1,,,,0,null,IO-WRL-001,3898,,
K,K0635,K0635 - Knowledge of decryption,Knowledge of decryption,1,,,,0,null,"PD-WRL-002,PD-WRL-005",3899,,
K,K0652,K0652 - Knowledge of workforce trends,Knowledge of workforce trends,1,,,,0,null,OG-WRL-003,3900,,
K,K0636,K0636 - Knowledge of decryption tools and techniques,Knowledge of decryption tools and techniques,1,,,,0,null,"IN-WRL-002,PD-WRL-002,PD-WRL-005",3901,,
K,K0648,K0648 - Knowledge of career paths,Knowledge of career paths,1,,,,0,null,OG-WRL-003,3902,,
K,K0637,K0637 - Knowledge of data repositories,Knowledge of data repositories,1,,,,0,null,"PD-WRL-002,PD-WRL-005",3903,,
K,K0656,K0656 - Knowledge of network collection tools and techniques,Knowledge of network collection tools and techniques,1,,,,0,null,PD-WRL-005,3904,,
K,K0638,K0638 - Knowledge of security awareness programs,Knowledge of security awareness programs,1,,,,0,null,OG-WRL-005,3905,,
K,K0649,K0649 - Knowledge of organizational career progressions,Knowledge of organizational career progressions,1,,,,0,null,OG-WRL-003,3906,,
K,K0639,K0639 - Knowledge of code tailoring tools and techniques,Knowledge of code tailoring tools and techniques,1,,,,0,null,DD-WRL-003,3907,,
K,K0657,K0657 - Knowledge of network collection policies and procedures,Knowledge of network collection policies and procedures,1,,,,0,null,PD-WRL-005,3908,,
K,K0640,K0640 - Knowledge of the organizational cybersecurity workforce,Knowledge of the organizational cybersecurity workforce,1,,,,0,null,"OG-WRL-003,OG-WRL-013",3909,,
K,K0641,K0641 - Knowledge of market research tools and techniques,Knowledge of market research tools and techniques,1,,,,0,null,OG-WRL-009,3910,,
K,K0659,K0659 - Knowledge of information privacy technologies,Knowledge of information privacy technologies,1,,,,0,null,"OG-WRL-004,OG-WRL-005,OG-WRL-012,OG-WRL-008",3911,,
K,K0660,K0660 - Knowledge of appropriate use policies and procedures,Knowledge of appropriate use policies and procedures,1,,,,0,null,,3912,,
K,K0661,K0661 - Knowledge of reauthorization processes,Knowledge of reauthorization processes,1,,,,0,null,,3913,,
K,K0662,K0662 - Knowledge of systems security engineering,Knowledge of systems security engineering,1,,,,0,null,,3914,,
K,K0663,K0663 - Knowledge of industry standards and best practices,Knowledge of industry standards and best practices,1,,,,0,null,DD-WRL-009,3915,,
K,K0664,K0664 - Knowledge of stakeholder management,Knowledge of stakeholder management,1,,,,0,null,,3916,,
K,K0666,K0666 - Knowledge of system security plans,Knowledge of system security plans,1,,,,0,null,,3917,,
K,K0667,K0667 - Knowledge of contracts,Knowledge of contracts,1,,,,0,null,,3918,,
K,K0668,K0668 - Knowledge of contract management,Knowledge of contract management,1,,,,0,null,,3919,,
K,K0669,K0669 - Knowledge of contractor management,Knowledge of contractor management,1,,,,0,null,,3920,,
K,K0670,K0670 - Knowledge of life cycle development milestones,Knowledge of life cycle development milestones,1,,,,0,null,,3921,,
K,K0671,K0671 - Knowledge of Communications Security (COMSEC) policies and procedures,Knowledge of Communications Security (COMSEC) policies and procedures,1,,,,0,null,OG-WRL-001,3922,,
K,K0672,K0672 - Knowledge of the Communications Security (COMSEC) Material Control System (CMCS),Knowledge of the Communications Security (COMSEC) Material Control System (CMCS),1,,,,0,null,OG-WRL-001,3923,,
K,K0673,K0673 - Knowledge of types of Communications Security (COMSEC) incidents,Knowledge of types of Communications Security (COMSEC) incidents,1,,,,0,null,OG-WRL-001,3924,,
K,K0674,K0674 - Knowledge of computer networking protocols,Knowledge of computer networking protocols,1,,,,0,null,"DD-WRL-001,DD-WRL-002,DD-WRL-003,DD-WRL-004,DD-WRL-005,DD-WRL-006,DD-WRL-007,DD-WRL-008,IO-WRL-005,IO-WRL-002,IO-WRL-007,IO-WRL-003,IO-WRL-006,IO-WRL-004,IO-WRL-001,IN-WRL-001,IN-WRL-002,OG-WRL-001,OG-WRL-010,OG-WRL-004,OG-WRL-005,OG-WRL-011,OG-WRL-006,OG-WRL-015,OG-WRL-002,OG-WRL-012,OG-WRL-003,OG-WRL-007,OG-WRL-013,OG-WRL-008,OG-WRL-009,OG-WRL-016,OG-WRL-014,PD-WRL-001,PD-WRL-003,PD-WRL-002,PD-WRL-004,PD-WRL-005,PD-WRL-006,PD-WRL-007",3925,,
K,K0675,K0675 - Knowledge of risk management processes,Knowledge of risk management processes,1,,,,0,null,"DD-WRL-001,DD-WRL-002,DD-WRL-009,DD-WRL-003,DD-WRL-004,DD-WRL-005,DD-WRL-006,DD-WRL-007,DD-WRL-008,IO-WRL-005,IO-WRL-002,IO-WRL-007,IO-WRL-003,IO-WRL-006,IO-WRL-004,IO-WRL-001,IN-WRL-001,IN-WRL-002,OG-WRL-001,OG-WRL-010,OG-WRL-004,OG-WRL-005,OG-WRL-011,OG-WRL-006,OG-WRL-015,OG-WRL-002,OG-WRL-012,OG-WRL-003,OG-WRL-007,OG-WRL-013,OG-WRL-008,OG-WRL-009,OG-WRL-016,OG-WRL-014,PD-WRL-001,PD-WRL-003,PD-WRL-002,PD-WRL-004,PD-WRL-005,PD-WRL-006,PD-WRL-007",3926,,
K,K0676,K0676 - Knowledge of cybersecurity laws and regulations,Knowledge of cybersecurity laws and regulations,1,,,,0,null,"DD-WRL-001,DD-WRL-002,DD-WRL-009,DD-WRL-003,DD-WRL-004,DD-WRL-005,DD-WRL-006,DD-WRL-007,DD-WRL-008,IO-WRL-005,IO-WRL-002,IO-WRL-007,IO-WRL-003,IO-WRL-006,IO-WRL-004,IO-WRL-001,IN-WRL-001,IN-WRL-002,OG-WRL-001,OG-WRL-010,OG-WRL-004,OG-WRL-005,OG-WRL-011,OG-WRL-006,OG-WRL-015,OG-WRL-002,OG-WRL-012,OG-WRL-003,OG-WRL-007,OG-WRL-013,OG-WRL-008,OG-WRL-009,OG-WRL-016,OG-WRL-014,PD-WRL-001,PD-WRL-003,PD-WRL-002,PD-WRL-004,PD-WRL-005,PD-WRL-006,PD-WRL-007",3927,,
K,K0677,K0677 - Knowledge of cybersecurity policies and procedures,Knowledge of cybersecurity policies and procedures,1,,,,0,null,"DD-WRL-001,DD-WRL-002,DD-WRL-009,DD-WRL-003,DD-WRL-004,DD-WRL-005,DD-WRL-006,DD-WRL-007,DD-WRL-008,IO-WRL-005,IO-WRL-002,IO-WRL-007,IO-WRL-003,IO-WRL-006,IO-WRL-004,IO-WRL-001,IN-WRL-001,IN-WRL-002,OG-WRL-001,OG-WRL-010,OG-WRL-004,OG-WRL-005,OG-WRL-011,OG-WRL-006,OG-WRL-015,OG-WRL-002,OG-WRL-012,OG-WRL-003,OG-WRL-007,OG-WRL-013,OG-WRL-008,OG-WRL-009,OG-WRL-016,OG-WRL-014,PD-WRL-001,PD-WRL-003,PD-WRL-002,PD-WRL-004,PD-WRL-005,PD-WRL-006,PD-WRL-007,NF-COM-007",3928,,
K,K0678,K0678 - Knowledge of privacy laws and regulations,Knowledge of privacy laws and regulations,1,,,,0,null,"DD-WRL-001,DD-WRL-002,DD-WRL-009,DD-WRL-003,DD-WRL-004,DD-WRL-005,DD-WRL-006,DD-WRL-007,DD-WRL-008,IO-WRL-005,IO-WRL-002,IO-WRL-007,IO-WRL-003,IO-WRL-006,IO-WRL-004,IO-WRL-001,IN-WRL-001,IN-WRL-002,OG-WRL-001,OG-WRL-010,OG-WRL-004,OG-WRL-005,OG-WRL-011,OG-WRL-006,OG-WRL-015,OG-WRL-002,OG-WRL-012,OG-WRL-003,OG-WRL-007,OG-WRL-013,OG-WRL-008,OG-WRL-009,OG-WRL-016,OG-WRL-014,PD-WRL-001,PD-WRL-003,PD-WRL-002,PD-WRL-004,PD-WRL-005,PD-WRL-006,PD-WRL-007",3929,,
K,K0679,K0679 - Knowledge of privacy policies and procedures,Knowledge of privacy policies and procedures,1,,,,0,null,"DD-WRL-001,DD-WRL-002,DD-WRL-009,DD-WRL-003,DD-WRL-004,DD-WRL-005,DD-WRL-006,DD-WRL-007,DD-WRL-008,IO-WRL-005,IO-WRL-002,IO-WRL-007,IO-WRL-003,IO-WRL-006,IO-WRL-004,IO-WRL-001,IN-WRL-001,IN-WRL-002,OG-WRL-001,OG-WRL-010,OG-WRL-004,OG-WRL-005,OG-WRL-011,OG-WRL-006,OG-WRL-015,OG-WRL-002,OG-WRL-012,OG-WRL-003,OG-WRL-007,OG-WRL-013,OG-WRL-008,OG-WRL-009,OG-WRL-016,OG-WRL-014,PD-WRL-001,PD-WRL-003,PD-WRL-002,PD-WRL-004,PD-WRL-005,PD-WRL-006,PD-WRL-007",3930,,
K,K0680,K0680 - Knowledge of cybersecurity principles and practices,Knowledge of cybersecurity principles and practices,1,,,,0,null,"DD-WRL-001,DD-WRL-002,DD-WRL-009,DD-WRL-003,DD-WRL-004,DD-WRL-005,DD-WRL-006,DD-WRL-007,DD-WRL-008,IO-WRL-005,IO-WRL-002,IO-WRL-007,IO-WRL-003,IO-WRL-006,IO-WRL-004,IO-WRL-001,IN-WRL-001,IN-WRL-002,OG-WRL-001,OG-WRL-010,OG-WRL-004,OG-WRL-005,OG-WRL-011,OG-WRL-006,OG-WRL-015,OG-WRL-002,OG-WRL-012,OG-WRL-003,OG-WRL-007,OG-WRL-013,OG-WRL-008,OG-WRL-009,OG-WRL-016,OG-WRL-014,PD-WRL-001,PD-WRL-003,PD-WRL-002,PD-WRL-004,PD-WRL-006,PD-WRL-007,NF-COM-007",3931,,
K,K0681,K0681 - Knowledge of privacy principles and practices,Knowledge of privacy principles and practices,1,,,,0,null,"DD-WRL-001,DD-WRL-002,DD-WRL-009,DD-WRL-003,DD-WRL-004,DD-WRL-005,DD-WRL-006,DD-WRL-007,DD-WRL-008,IO-WRL-005,IO-WRL-002,IO-WRL-007,IO-WRL-003,IO-WRL-006,IO-WRL-004,IO-WRL-001,IN-WRL-001,IN-WRL-002,OG-WRL-001,OG-WRL-010,OG-WRL-004,OG-WRL-005,OG-WRL-011,OG-WRL-006,OG-WRL-015,OG-WRL-002,OG-WRL-012,OG-WRL-003,OG-WRL-007,OG-WRL-013,OG-WRL-008,OG-WRL-009,OG-WRL-016,OG-WRL-014,PD-WRL-001,PD-WRL-003,PD-WRL-002,PD-WRL-004,PD-WRL-006,PD-WRL-007",3932,,
K,K0682,K0682 - Knowledge of cybersecurity threats,Knowledge of cybersecurity threats,1,,,,0,null,"DD-WRL-001,DD-WRL-002,DD-WRL-003,DD-WRL-004,DD-WRL-005,DD-WRL-006,DD-WRL-007,DD-WRL-008,IO-WRL-005,IO-WRL-002,IO-WRL-007,IO-WRL-003,IO-WRL-006,IO-WRL-004,IO-WRL-001,IN-WRL-001,IN-WRL-002,OG-WRL-001,OG-WRL-010,OG-WRL-004,OG-WRL-005,OG-WRL-011,OG-WRL-006,OG-WRL-015,OG-WRL-002,OG-WRL-012,OG-WRL-003,OG-WRL-007,OG-WRL-013,OG-WRL-008,OG-WRL-009,OG-WRL-016,OG-WRL-014,PD-WRL-001,PD-WRL-003,PD-WRL-002,PD-WRL-004,PD-WRL-005,PD-WRL-006,PD-WRL-007",3933,,
K,K0683,K0683 - Knowledge of cybersecurity vulnerabilities,Knowledge of cybersecurity vulnerabilities,1,,,,0,null,"DD-WRL-001,DD-WRL-002,DD-WRL-003,DD-WRL-004,DD-WRL-005,DD-WRL-006,DD-WRL-007,DD-WRL-008,IO-WRL-005,IO-WRL-002,IO-WRL-007,IO-WRL-003,IO-WRL-006,IO-WRL-004,IO-WRL-001,IN-WRL-001,IN-WRL-002,OG-WRL-001,OG-WRL-010,OG-WRL-004,OG-WRL-005,OG-WRL-011,OG-WRL-006,OG-WRL-015,OG-WRL-002,OG-WRL-012,OG-WRL-003,OG-WRL-007,OG-WRL-013,OG-WRL-008,OG-WRL-009,OG-WRL-016,OG-WRL-014,PD-WRL-001,PD-WRL-003,PD-WRL-002,PD-WRL-004,PD-WRL-005,PD-WRL-006,PD-WRL-007",3934,,
K,K0684,K0684 - Knowledge of cybersecurity threat characteristics,Knowledge of cybersecurity threat characteristics,1,,,,0,null,"DD-WRL-001,DD-WRL-002,DD-WRL-003,DD-WRL-004,DD-WRL-005,DD-WRL-006,DD-WRL-007,DD-WRL-008,IO-WRL-005,IO-WRL-002,IO-WRL-007,IO-WRL-003,IO-WRL-006,IO-WRL-004,IO-WRL-001,IN-WRL-001,IN-WRL-002,OG-WRL-001,OG-WRL-010,OG-WRL-004,OG-WRL-005,OG-WRL-011,OG-WRL-006,OG-WRL-015,OG-WRL-002,OG-WRL-012,OG-WRL-003,OG-WRL-007,OG-WRL-013,OG-WRL-008,OG-WRL-009,OG-WRL-016,OG-WRL-014,PD-WRL-001,PD-WRL-003,PD-WRL-002,PD-WRL-004,PD-WRL-005,PD-WRL-006,PD-WRL-007",3935,,
K,K0685,K0685 - Knowledge of access control principles and practices,Knowledge of access control principles and practices,1,,,,0,null,"DD-WRL-001,DD-WRL-002,DD-WRL-004,DD-WRL-006,DD-WRL-007,IO-WRL-005,IO-WRL-002,IO-WRL-007,IO-WRL-006,IO-WRL-004,IO-WRL-001,IN-WRL-001,OG-WRL-005,OG-WRL-006,OG-WRL-012,OG-WRL-013,OG-WRL-014,PD-WRL-001,PD-WRL-003,PD-WRL-004,PD-WRL-007",3936,,
K,K0686,K0686 - Knowledge of authentication and authorization tools and techniques,Knowledge of authentication and authorization tools and techniques,1,,,,0,null,"DD-WRL-001,DD-WRL-002,DD-WRL-004,DD-WRL-006,DD-WRL-007,IO-WRL-005,IO-WRL-002,IO-WRL-007,IO-WRL-006,IO-WRL-004,IO-WRL-001,IN-WRL-001,OG-WRL-005,OG-WRL-006,OG-WRL-012,OG-WRL-013,OG-WRL-014,PD-WRL-001,PD-WRL-003,PD-WRL-004,PD-WRL-007",3937,,
K,K0687,K0687 - Knowledge of business operations standards and best practices,Knowledge of business operations standards and best practices,1,,,,0,null,"DD-WRL-001,DD-WRL-006,OG-WRL-012,OG-WRL-008,OG-WRL-014",3938,,
K,K0688,K0688 - Knowledge of common application vulnerabilities,Knowledge of common application vulnerabilities,1,,,,0,null,"DD-WRL-001,DD-WRL-008,OG-WRL-012,OG-WRL-007,PD-WRL-007",3939,,
K,K0689,K0689 - Knowledge of network infrastructure principles and practices,Knowledge of network infrastructure principles and practices,1,,,,0,null,"DD-WRL-001,IO-WRL-004,OG-WRL-005,OG-WRL-012,OG-WRL-007,PD-WRL-001,PD-WRL-003,PD-WRL-005,PD-WRL-006,NF-COM-007",3940,,
K,K0690,K0690 - Knowledge of requirements analysis principles and practices,Knowledge of requirements analysis principles and practices,1,,,,0,null,"DD-WRL-001,DD-WRL-006,OG-WRL-010,OG-WRL-011,OG-WRL-009,PD-WRL-006",3941,,
K,K0691,K0691 - Knowledge of cyber defense tools and techniques,Knowledge of cyber defense tools and techniques,1,,,,0,null,"DD-WRL-001,IO-WRL-003,OG-WRL-002,OG-WRL-012,OG-WRL-003,OG-WRL-013,PD-WRL-001",3942,,
K,K0692,K0692 - Knowledge of vulnerability assessment tools and techniques,Knowledge of vulnerability assessment tools and techniques,1,,,,0,null,"DD-WRL-001,IO-WRL-003,OG-WRL-002,OG-WRL-012,OG-WRL-003,OG-WRL-013,PD-WRL-001",3943,,
K,K0693,K0693 - Knowledge of complex data structure capabilities and applications,Knowledge of complex data structure capabilities and applications,1,,,,0,null,"DD-WRL-003,DD-WRL-005,IO-WRL-001",3944,,
K,K0759,K0759 - Knowledge of client and server architecture,Knowledge of client and server architecture,1,,,,0,null,"DD-WRL-001,DD-WRL-002,DD-WRL-003,DD-WRL-004,DD-WRL-005,DD-WRL-006,IO-WRL-005,IO-WRL-002,IO-WRL-006,IO-WRL-001,IN-WRL-001,IN-WRL-002,OG-WRL-005,OG-WRL-014,PD-WRL-001,PD-WRL-002",3945,,
K,K0694,K0694 - Knowledge of computer algorithm capabilities and applications,Knowledge of computer algorithm capabilities and applications,1,,,,0,null,"DD-WRL-001,DD-WRL-004,IO-WRL-006,IO-WRL-001,PD-WRL-001",3946,,
K,K0695,K0695 - Knowledge of programming principles and practices,Knowledge of programming principles and practices,1,,,,0,null,"DD-WRL-003,DD-WRL-005,IO-WRL-001",3947,,
K,K0696,K0696 - Knowledge of digital forensic data principles and practices,Knowledge of digital forensic data principles and practices,1,,,,0,null,"DD-WRL-008,IN-WRL-002,OG-WRL-006,PD-WRL-002",3948,,
K,K0697,K0697 - Knowledge of encryption algorithm capabilities and applications,Knowledge of encryption algorithm capabilities and applications,1,,,,0,null,"IN-WRL-002,PD-WRL-002,PD-WRL-006",3949,,
K,K0698,K0698 - Knowledge of cryptographic key management principles and practices,Knowledge of cryptographic key management principles and practices,1,,,,0,null,"DD-WRL-001,DD-WRL-004,DD-WRL-006,DD-WRL-008,IO-WRL-002,IO-WRL-006,OG-WRL-012,OG-WRL-013,PD-WRL-001,PD-WRL-007",3950,,
K,K0699,K0699 - Knowledge of data administration policies and procedures,Knowledge of data administration policies and procedures,1,,,,0,null,"IO-WRL-002,IO-WRL-001",3951,,
K,K0700,K0700 - Knowledge of data standardization policies and procedures,Knowledge of data standardization policies and procedures,1,,,,0,null,"IO-WRL-002,IO-WRL-001",3952,,
K,K0701,K0701 - Knowledge of data backup and recovery policies and procedures,Knowledge of data backup and recovery policies and procedures,1,,,,0,null,"IO-WRL-002,IN-WRL-002,OG-WRL-012,OG-WRL-014,PD-WRL-003,PD-WRL-002,PD-WRL-004,PD-WRL-007,NF-COM-007",3953,,
K,K0702,K0702 - Knowledge of data warehousing principles and practices,Knowledge of data warehousing principles and practices,1,,,,0,null,"IO-WRL-002,IO-WRL-001,OG-WRL-012,NF-COM-007",3954,,
K,K0703,K0703 - Knowledge of data mining principles and practices,Knowledge of data mining principles and practices,1,,,,0,null,"IO-WRL-002,IO-WRL-003,IO-WRL-001,OG-WRL-012",3955,,
K,K0704,K0704 - Knowledge of database management system (DBMS) principles and practices,Knowledge of database management system (DBMS) principles and practices,1,,,,0,null,"IO-WRL-002,IO-WRL-001",3956,,
K,K0705,K0705 - Knowledge of database query language capabilities and applications,Knowledge of database query language capabilities and applications,1,,,,0,null,"IO-WRL-002,IO-WRL-001",3957,,
K,K0706,K0706 - Knowledge of database schema capabilities and applications,Knowledge of database schema capabilities and applications,1,,,,0,null,"IO-WRL-002,IO-WRL-001",3958,,
K,K0707,K0707 - Knowledge of database systems and software,Knowledge of database systems and software,1,,,,0,null,"DD-WRL-001,DD-WRL-002,DD-WRL-004,IO-WRL-002,IO-WRL-006,IO-WRL-001,OG-WRL-012,PD-WRL-001,PD-WRL-005",3959,,
K,K0708,K0708 - Knowledge of digital rights management (DRM) tools and techniques,Knowledge of digital rights management (DRM) tools and techniques,1,,,,0,null,"IO-WRL-002,IO-WRL-001",3960,,
K,K0709,K0709 - Knowledge of business continuity and disaster recovery (BCDR) policies and procedures,Knowledge of business continuity and disaster recovery (BCDR) policies and procedures,1,,,,0,null,"DD-WRL-001,OG-WRL-001,OG-WRL-012,OG-WRL-014,PD-WRL-003,NF-COM-007",3961,,
K,K0710,K0710 - Knowledge of enterprise cybersecurity architecture principles and practices,Knowledge of enterprise cybersecurity architecture principles and practices,1,,,,0,null,"DD-WRL-001,DD-WRL-002,DD-WRL-003,DD-WRL-004,DD-WRL-005,DD-WRL-007,DD-WRL-008,IO-WRL-005,IO-WRL-006,IO-WRL-004,IN-WRL-002,OG-WRL-012,OG-WRL-013,OG-WRL-014,PD-WRL-001,PD-WRL-003,PD-WRL-002,PD-WRL-004,PD-WRL-005,PD-WRL-007,NF-COM-007",3962,,
K,K0711,K0711 - Knowledge of evaluation and validation principles and practices,Knowledge of evaluation and validation principles and practices,1,,,,0,null,"DD-WRL-002,DD-WRL-003,DD-WRL-004,DD-WRL-005,DD-WRL-007,OG-WRL-012,OG-WRL-013",3963,,
K,K0712,K0712 - Knowledge of Local Area Networks (LAN),Knowledge of Local Area Networks (LAN),1,,,,0,null,"DD-WRL-003,DD-WRL-004,DD-WRL-005,IO-WRL-005,IO-WRL-004,OG-WRL-012",3964,,
K,K0713,K0713 - Knowledge of Wide Area Networks (WAN),Knowledge of Wide Area Networks (WAN),1,,,,0,null,"DD-WRL-003,DD-WRL-004,DD-WRL-005,IO-WRL-005,IO-WRL-004,OG-WRL-012",3965,,
K,K0714,K0714 - Knowledge of electrical engineering principles and practices,Knowledge of electrical engineering principles and practices,1,,,,0,null,"DD-WRL-001,DD-WRL-002,DD-WRL-004",3966,,
K,K0715,K0715 - Knowledge of resiliency and redundancy principles and practices,Knowledge of resiliency and redundancy principles and practices,1,,,,0,null,"DD-WRL-004,DD-WRL-006,NF-COM-007",3967,,
K,K0716,K0716 - Knowledge of host access control (HAC) systems and software,Knowledge of host access control (HAC) systems and software,1,,,,0,null,"DD-WRL-004,IO-WRL-005,IO-WRL-002,IO-WRL-001,IN-WRL-001,OG-WRL-014,PD-WRL-001,PD-WRL-003,PD-WRL-004,PD-WRL-007",3968,,
K,K0717,K0717 - Knowledge of network access control (NAC) systems and software,Knowledge of network access control (NAC) systems and software,1,,,,0,null,"DD-WRL-004,IO-WRL-005,IO-WRL-002,IO-WRL-001,IN-WRL-001,OG-WRL-014,PD-WRL-001,PD-WRL-003,PD-WRL-004,PD-WRL-007",3969,,
K,K0718,K0718 - Knowledge of network communications principles and practices,Knowledge of network communications principles and practices,1,,,,0,null,"DD-WRL-001,DD-WRL-008,IO-WRL-004,OG-WRL-004,OG-WRL-005,OG-WRL-012,OG-WRL-008,PD-WRL-001,PD-WRL-003,PD-WRL-006",3970,,
K,K0719,K0719 - Knowledge of human-computer interaction (HCI) principles and practices,Knowledge of human-computer interaction (HCI) principles and practices,1,,,,0,null,"DD-WRL-001,DD-WRL-004,IO-WRL-006,PD-WRL-006",3971,,
K,K0720,K0720 - Knowledge of Security Assessment and Authorization (SA&A) processes,Knowledge of Security Assessment and Authorization (SA&amp;A) processes,1,,,,0,null,"DD-WRL-001,DD-WRL-002,DD-WRL-007,OG-WRL-012,OG-WRL-013",3972,,
K,K0721,K0721 - Knowledge of risk management principles and practices,Knowledge of risk management principles and practices,1,,,,0,null,"DD-WRL-009,DD-WRL-003,DD-WRL-004,DD-WRL-005,DD-WRL-006,DD-WRL-007,DD-WRL-008,IO-WRL-006,IO-WRL-004,OG-WRL-001,OG-WRL-010,OG-WRL-011,OG-WRL-015,OG-WRL-012,OG-WRL-013,OG-WRL-009,OG-WRL-016,OG-WRL-014,PD-WRL-005,NF-COM-007",3973,,
K,K0722,K0722 - Knowledge of software development principles and practices,Knowledge of software development principles and practices,1,,,,0,null,"DD-WRL-003,DD-WRL-004,DD-WRL-005",3974,,
K,K0723,K0723 - Knowledge of vulnerability data sources,Knowledge of vulnerability data sources,1,,,,0,null,"IO-WRL-006,OG-WRL-012,OG-WRL-013,OG-WRL-014,PD-WRL-001",3975,,
K,K0724,K0724 - Knowledge of incident response principles and practices,Knowledge of incident response principles and practices,1,,,,0,null,"IN-WRL-002,OG-WRL-001,OG-WRL-009,OG-WRL-014,PD-WRL-001,PD-WRL-003,PD-WRL-002,PD-WRL-004,NF-COM-007",3976,,
K,K0725,K0725 - Knowledge of incident response tools and techniques,Knowledge of incident response tools and techniques,1,,,,0,null,"IO-WRL-007,IN-WRL-002,OG-WRL-001,OG-WRL-014,PD-WRL-001,PD-WRL-003,PD-WRL-002,PD-WRL-004",3977,,
K,K0726,K0726 - Knowledge of incident handling tools and techniques,Knowledge of incident handling tools and techniques,1,,,,0,null,"IO-WRL-007,IN-WRL-002,OG-WRL-001,OG-WRL-014,PD-WRL-001,PD-WRL-003,PD-WRL-002,PD-WRL-004",3978,,
K,K0727,K0727 - Knowledge of analysis standards and best practices,Knowledge of analysis standards and best practices,1,,,,0,null,"DD-WRL-001,DD-WRL-002,DD-WRL-006,OG-WRL-011,OG-WRL-009,OG-WRL-016,OG-WRL-014",3979,,
K,K0728,"K0728 - Knowledge of Confidentiality, Integrity and Availability (CIA) principles and practices","Knowledge of Confidentiality, Integrity and Availability (CIA) principles and practices",1,,,,0,null,"DD-WRL-001,DD-WRL-002,DD-WRL-009,DD-WRL-003,DD-WRL-004,DD-WRL-005,DD-WRL-006,DD-WRL-007,IO-WRL-005,IO-WRL-006,OG-WRL-010,OG-WRL-005,OG-WRL-011,OG-WRL-012,OG-WRL-007,OG-WRL-013,OG-WRL-009,PD-WRL-001,PD-WRL-004,PD-WRL-007",3980,,
K,K0729,K0729 - Knowledge of non-repudiation principles and practices,Knowledge of non-repudiation principles and practices,1,,,,0,null,"DD-WRL-001,DD-WRL-002,DD-WRL-009,DD-WRL-003,DD-WRL-004,DD-WRL-005,DD-WRL-006,DD-WRL-007,IO-WRL-005,IO-WRL-006,OG-WRL-010,OG-WRL-005,OG-WRL-011,OG-WRL-012,OG-WRL-007,OG-WRL-013,OG-WRL-009,PD-WRL-001,PD-WRL-004,PD-WRL-007",3981,,
K,K0730,K0730 - Knowledge of cyber safety principles and practices,Knowledge of cyber safety principles and practices,1,,,,0,null,"DD-WRL-001,DD-WRL-002,DD-WRL-009,DD-WRL-003,DD-WRL-004,DD-WRL-005,DD-WRL-006,DD-WRL-007,IO-WRL-005,IO-WRL-006,OG-WRL-010,OG-WRL-005,OG-WRL-011,OG-WRL-012,OG-WRL-007,OG-WRL-013,OG-WRL-009,PD-WRL-001,PD-WRL-004,PD-WRL-007",3982,,
K,K0731,K0731 - Knowledge of systems security engineering (SSE) principles and practices,Knowledge of systems security engineering (SSE) principles and practices,1,,,,0,null,"DD-WRL-001,DD-WRL-002,DD-WRL-004,DD-WRL-006,DD-WRL-007,DD-WRL-008,IO-WRL-005,IO-WRL-006,IO-WRL-004,OG-WRL-001,OG-WRL-012,OG-WRL-014,PD-WRL-001,NF-COM-007",3983,,
K,K0732,K0732 - Knowledge of intrusion detection tools and techniques,Knowledge of intrusion detection tools and techniques,1,,,,0,null,"IN-WRL-001,OG-WRL-014,PD-WRL-001,PD-WRL-003",3984,,
K,K0733,K0733 - Knowledge of information technology (IT) architecture models and frameworks,Knowledge of information technology (IT) architecture models and frameworks,1,,,,0,null,"DD-WRL-006,OG-WRL-010,OG-WRL-011,OG-WRL-016,NF-COM-007",3985,,
K,K0734,K0734 - Knowledge of Risk Management Framework (RMF) requirements,Knowledge of Risk Management Framework (RMF) requirements,1,,,,0,null,"DD-WRL-009,DD-WRL-003,DD-WRL-005,IO-WRL-006,OG-WRL-010,OG-WRL-011,OG-WRL-015,OG-WRL-012,OG-WRL-013,OG-WRL-009,OG-WRL-016,OG-WRL-014,PD-WRL-004,PD-WRL-005",3986,,
K,K0735,K0735 - Knowledge of risk management models and frameworks,Knowledge of risk management models and frameworks,1,,,,0,null,"DD-WRL-009,DD-WRL-003,DD-WRL-005,IO-WRL-006,OG-WRL-010,OG-WRL-011,OG-WRL-015,OG-WRL-012,OG-WRL-013,OG-WRL-009,OG-WRL-016,OG-WRL-014,PD-WRL-005",3987,,
K,K0736,K0736 - Knowledge of information technology (IT) security principles and practices,Knowledge of information technology (IT) security principles and practices,1,,,,0,null,"DD-WRL-001,DD-WRL-004,DD-WRL-006,DD-WRL-008,IO-WRL-005,IO-WRL-003,IO-WRL-006,IO-WRL-004,IO-WRL-001,OG-WRL-004,OG-WRL-005,OG-WRL-011,OG-WRL-006,OG-WRL-012,OG-WRL-013,OG-WRL-009,OG-WRL-014,PD-WRL-001",3988,,
K,K0737,K0737 - Knowledge of bandwidth management tools and techniques,Knowledge of bandwidth management tools and techniques,1,,,,0,null,"DD-WRL-003,DD-WRL-004,DD-WRL-005,IO-WRL-005,IO-WRL-004",3989,,
K,K0738,K0738 - Knowledge of low-level programming languages,Knowledge of low-level programming languages,1,,,,0,null,"DD-WRL-003,DD-WRL-005,IO-WRL-001",3990,,
K,K0739,K0739 - Knowledge of mathematics principles and practices,Knowledge of mathematics principles and practices,1,,,,0,null,"DD-WRL-001,DD-WRL-002,DD-WRL-003,DD-WRL-004,DD-WRL-005,IO-WRL-006,IO-WRL-001",3991,,
K,K0740,K0740 - Knowledge of system performance indicators,Knowledge of system performance indicators,1,,,,0,null,"IO-WRL-005,IO-WRL-007,IO-WRL-004,OG-WRL-014",3992,,
K,K0741,K0741 - Knowledge of system availability measures,Knowledge of system availability measures,1,,,,0,null,"IO-WRL-005,IO-WRL-007,IO-WRL-004,OG-WRL-014",3993,,
K,K0742,K0742 - Knowledge of identity and access management (IAM) principles and practices,Knowledge of identity and access management (IAM) principles and practices,1,,,,0,null,"DD-WRL-001,DD-WRL-002,DD-WRL-004,DD-WRL-006,IO-WRL-002,IO-WRL-006,IO-WRL-001,OG-WRL-012,PD-WRL-001,PD-WRL-007",3994,,
K,K0743,K0743 - Knowledge of new and emerging technologies,Knowledge of new and emerging technologies,1,,,,0,null,"DD-WRL-001,DD-WRL-006,DD-WRL-008,OG-WRL-004,OG-WRL-005,OG-WRL-011,OG-WRL-006,OG-WRL-002,OG-WRL-012,OG-WRL-003,OG-WRL-007,OG-WRL-013,OG-WRL-009,OG-WRL-014,PD-WRL-001",3995,,
K,K0744,K0744 - Knowledge of operating system (OS) systems and software,Knowledge of operating system (OS) systems and software,1,,,,0,null,"DD-WRL-001,DD-WRL-002,DD-WRL-003,DD-WRL-004,DD-WRL-005,DD-WRL-006,IO-WRL-005,IO-WRL-002,IO-WRL-006,IO-WRL-001,IN-WRL-001,IN-WRL-002,OG-WRL-005,OG-WRL-014,PD-WRL-001,PD-WRL-002",3996,,
K,K0745,K0745 - Knowledge of parallel and distributed computing principles and practices,Knowledge of parallel and distributed computing principles and practices,1,,,,0,null,"DD-WRL-001,DD-WRL-002,DD-WRL-004,DD-WRL-006,IO-WRL-006,NF-COM-007",3997,,
K,K0746,K0746 - Knowledge of policy-based access controls,Knowledge of policy-based access controls,1,,,,0,null,"DD-WRL-004,DD-WRL-006,IO-WRL-005,IO-WRL-002,IO-WRL-007,IO-WRL-004,IO-WRL-001,OG-WRL-001,OG-WRL-006,OG-WRL-012,OG-WRL-013,OG-WRL-014,PD-WRL-001,PD-WRL-003,PD-WRL-004",3998,,
K,K0747,K0747 - Knowledge of Risk Adaptive (Adaptable) Access Controls (RAdAC),Knowledge of Risk Adaptive (Adaptable) Access Controls (RAdAC),1,,,,0,null,"DD-WRL-004,DD-WRL-006,IO-WRL-005,IO-WRL-002,IO-WRL-007,IO-WRL-004,IO-WRL-001,OG-WRL-001,OG-WRL-006,OG-WRL-012,OG-WRL-013,OG-WRL-014,PD-WRL-001,PD-WRL-003,PD-WRL-004",3999,,
K,K0748,K0748 - Knowledge of Privacy Impact Assessment (PIA) principles and practices,Knowledge of Privacy Impact Assessment (PIA) principles and practices,1,,,,0,null,"DD-WRL-003,DD-WRL-004,DD-WRL-005,DD-WRL-006,OG-WRL-008",4000,,
K,K0749,K0749 - Knowledge of process engineering principles and practices,Knowledge of process engineering principles and practices,1,,,,0,null,"DD-WRL-001,DD-WRL-002,DD-WRL-004,DD-WRL-006,DD-WRL-007,DD-WRL-008,IO-WRL-005,IO-WRL-006,IO-WRL-004,OG-WRL-001,OG-WRL-012,OG-WRL-014,PD-WRL-001,NF-COM-007",4001,,
K,K0750,K0750 - Knowledge of query languages,Knowledge of query languages,1,,,,0,null,"IO-WRL-002,IO-WRL-001",4002,,
K,K0751,K0751 - Knowledge of system threats,Knowledge of system threats,1,,,,0,null,"DD-WRL-001,DD-WRL-002,DD-WRL-003,DD-WRL-004,DD-WRL-005,DD-WRL-006,DD-WRL-007,DD-WRL-008,IO-WRL-005,IO-WRL-002,IO-WRL-007,IO-WRL-003,IO-WRL-006,IO-WRL-004,IO-WRL-001,IN-WRL-001,IN-WRL-002,OG-WRL-001,OG-WRL-010,OG-WRL-004,OG-WRL-005,OG-WRL-011,OG-WRL-006,OG-WRL-015,OG-WRL-002,OG-WRL-012,OG-WRL-003,OG-WRL-007,OG-WRL-013,OG-WRL-008,OG-WRL-009,OG-WRL-016,OG-WRL-014,PD-WRL-001,PD-WRL-003,PD-WRL-002,PD-WRL-004,PD-WRL-005,PD-WRL-006,PD-WRL-007,NF-COM-007",4003,,
K,K0752,K0752 - Knowledge of system vulnerabilities,Knowledge of system vulnerabilities,1,,,,0,null,"DD-WRL-001,DD-WRL-002,DD-WRL-003,DD-WRL-004,DD-WRL-005,DD-WRL-006,DD-WRL-007,DD-WRL-008,IO-WRL-005,IO-WRL-002,IO-WRL-007,IO-WRL-003,IO-WRL-006,IO-WRL-004,IO-WRL-001,IN-WRL-001,IN-WRL-002,OG-WRL-001,OG-WRL-010,OG-WRL-004,OG-WRL-005,OG-WRL-011,OG-WRL-006,OG-WRL-015,OG-WRL-002,OG-WRL-012,OG-WRL-003,OG-WRL-007,OG-WRL-013,OG-WRL-008,OG-WRL-009,OG-WRL-016,OG-WRL-014,PD-WRL-001,PD-WRL-003,PD-WRL-002,PD-WRL-004,PD-WRL-005,PD-WRL-006,PD-WRL-007",4004,,
K,K0753,K0753 - Knowledge of remote access principles and practices,Knowledge of remote access principles and practices,1,,,,0,null,"DD-WRL-001,IO-WRL-004",4005,,
K,K0754,K0754 - Knowledge of resource management principles and practices,Knowledge of resource management principles and practices,1,,,,0,null,"OG-WRL-010,OG-WRL-011,OG-WRL-015,OG-WRL-003,OG-WRL-009,OG-WRL-016,OG-WRL-014",4006,,
K,K0755,K0755 - Knowledge of configuration management (CM) tools and techniques,Knowledge of configuration management (CM) tools and techniques,1,,,,0,null,"DD-WRL-003,DD-WRL-004,DD-WRL-005,DD-WRL-006",4007,,
K,K0756,K0756 - Knowledge of security management principles and practices,Knowledge of security management principles and practices,1,,,,0,null,"DD-WRL-001,DD-WRL-002,DD-WRL-004,DD-WRL-006,IO-WRL-006,PD-WRL-001,NF-COM-007",4008,,
K,K0757,K0757 - Knowledge of system design tools and techniques,Knowledge of system design tools and techniques,1,,,,0,null,"DD-WRL-001,DD-WRL-002,DD-WRL-003,DD-WRL-004,DD-WRL-005,DD-WRL-006,IO-WRL-006,PD-WRL-001",4009,,
K,K0758,K0758 - Knowledge of server administration principles and practices,Knowledge of server administration principles and practices,1,,,,0,null,"DD-WRL-001,DD-WRL-002,DD-WRL-004,DD-WRL-006,DD-WRL-007,DD-WRL-008,IO-WRL-005,IO-WRL-006,IO-WRL-004,OG-WRL-001,OG-WRL-012,OG-WRL-014,PD-WRL-001",4010,,
K,K0760,K0760 - Knowledge of server diagnostic tools and techniques,Knowledge of server diagnostic tools and techniques,1,,,,0,null,"IO-WRL-005,IN-WRL-002,OG-WRL-012,OG-WRL-013,PD-WRL-002,PD-WRL-007",4011,,
K,K0761,K0761 - Knowledge of Fault Detection and Diagnostics (FDD) tools and techniques,Knowledge of Fault Detection and Diagnostics (FDD) tools and techniques,1,,,,0,null,"IO-WRL-005,OG-WRL-012,OG-WRL-013,PD-WRL-002,PD-WRL-007",4012,,
K,K0762,K0762 - Knowledge of software debugging principles and practices,Knowledge of software debugging principles and practices,1,,,,0,null,"DD-WRL-003,DD-WRL-005,IO-WRL-007",4013,,
K,K0763,K0763 - Knowledge of software design tools and techniques,Knowledge of software design tools and techniques,1,,,,0,null,"DD-WRL-003,DD-WRL-005",4014,,
K,K0764,K0764 - Knowledge of software development models and frameworks,Knowledge of software development models and frameworks,1,,,,0,null,"DD-WRL-003,DD-WRL-004,DD-WRL-005",4015,,
K,K0765,K0765 - Knowledge of software engineering principles and practices,Knowledge of software engineering principles and practices,1,,,,0,null,"DD-WRL-001,DD-WRL-002,DD-WRL-003,DD-WRL-004,DD-WRL-005,DD-WRL-006,DD-WRL-007,DD-WRL-008,IO-WRL-005,IO-WRL-006,IO-WRL-004,OG-WRL-001,OG-WRL-012,OG-WRL-014,PD-WRL-001",4016,,
K,K0766,K0766 - Knowledge of data asset management principles and practices,Knowledge of data asset management principles and practices,1,,,,0,null,"IO-WRL-002,IO-WRL-001,OG-WRL-005,PD-WRL-001,PD-WRL-006",4017,,
K,K0767,K0767 - Knowledge of structured analysis principles and practices,Knowledge of structured analysis principles and practices,1,,,,0,null,"DD-WRL-003,DD-WRL-004,DD-WRL-005,OG-WRL-012,OG-WRL-013",4018,,
K,K0768,K0768 - Knowledge of automated systems analysis tools and techniques,Knowledge of automated systems analysis tools and techniques,1,,,,0,null,"DD-WRL-001,DD-WRL-003,DD-WRL-004,DD-WRL-005,DD-WRL-006",4019,,
K,K0769,K0769 - Knowledge of system design standards and best practices,Knowledge of system design standards and best practices,1,,,,0,null,"DD-WRL-004,DD-WRL-006,IO-WRL-007,OG-WRL-014",4020,,
K,K0770,K0770 - Knowledge of system administration principles and practices,Knowledge of system administration principles and practices,1,,,,0,null,"DD-WRL-007,IO-WRL-005,IO-WRL-007,IO-WRL-004,IN-WRL-001,IN-WRL-002,OG-WRL-004,OG-WRL-005,OG-WRL-014,PD-WRL-001,PD-WRL-003,PD-WRL-002,PD-WRL-004,PD-WRL-007",4021,,
K,K0771,K0771 - Knowledge of system life cycle management principles and practices,Knowledge of system life cycle management principles and practices,1,,,,0,null,"DD-WRL-004,DD-WRL-006,DD-WRL-008,OG-WRL-001,OG-WRL-010,OG-WRL-011,OG-WRL-009,OG-WRL-016,OG-WRL-014,NF-COM-007",4022,,
K,K0772,K0772 - Knowledge of systems testing and evaluation tools and techniques,Knowledge of systems testing and evaluation tools and techniques,1,,,,0,null,"DD-WRL-001,DD-WRL-002,DD-WRL-004,DD-WRL-006,DD-WRL-007,IO-WRL-006,PD-WRL-001",4023,,
K,K0773,K0773 - Knowledge of telecommunications principles and practices,Knowledge of telecommunications principles and practices,1,,,,0,null,"DD-WRL-001,DD-WRL-002,DD-WRL-004,DD-WRL-006,DD-WRL-008,IO-WRL-006,IO-WRL-004,OG-WRL-004,OG-WRL-005,OG-WRL-002,OG-WRL-003,OG-WRL-008,PD-WRL-001,PD-WRL-006",4024,,
K,K0774,K0774 - Knowledge of content creation tools and techniques,Knowledge of content creation tools and techniques,1,,,,0,null,IO-WRL-003,4025,,
K,K0775,K0775 - Knowledge of information management tools and techniques,Knowledge of information management tools and techniques,1,,,,0,null,"IO-WRL-003,IO-WRL-001",4026,,
K,K0776,K0776 - Knowledge of collaboration tools and techniques,Knowledge of collaboration tools and techniques,1,,,,0,null,"IO-WRL-003,OG-WRL-012",4027,,
K,K0777,K0777 - Knowledge of data storage media characteristics,Knowledge of data storage media characteristics,1,,,,0,null,IO-WRL-002,4028,,
K,K0778,K0778 - Knowledge of enterprise information technology (IT) architecture principles and practices,Knowledge of enterprise information technology (IT) architecture principles and practices,1,,,,0,null,"DD-WRL-001,DD-WRL-002,DD-WRL-003,DD-WRL-004,DD-WRL-005,DD-WRL-007,DD-WRL-008,IO-WRL-005,IO-WRL-006,IO-WRL-004,IN-WRL-002,OG-WRL-012,OG-WRL-013,OG-WRL-014,PD-WRL-001,PD-WRL-003,PD-WRL-002,PD-WRL-004,PD-WRL-005,PD-WRL-007,NF-COM-007",4029,,
K,K0779,K0779 - Knowledge of systems engineering processes,Knowledge of systems engineering processes,1,,,,0,null,"DD-WRL-001,DD-WRL-002,DD-WRL-004,DD-WRL-006,DD-WRL-007,DD-WRL-008,IO-WRL-005,IO-WRL-006,IO-WRL-004,OG-WRL-001,OG-WRL-012,OG-WRL-014,PD-WRL-001,PD-WRL-007",4030,,
K,K0780,K0780 - Knowledge of hardware maintenance policies and procedures,Knowledge of hardware maintenance policies and procedures,1,,,,0,null,"DD-WRL-008,IO-WRL-005,NF-COM-007",4031,,
K,K0781,K0781 - Knowledge of virtual private network (VPN) systems and software,Knowledge of virtual private network (VPN) systems and software,1,,,,0,null,"IO-WRL-005,IO-WRL-004,PD-WRL-001,PD-WRL-004",4032,,
K,K0782,K0782 - Knowledge of web service protocols,Knowledge of web service protocols,1,,,,0,null,"DD-WRL-003,DD-WRL-005",4033,,
K,K0783,K0783 - Knowledge of network attack characteristics,Knowledge of network attack characteristics,1,,,,0,null,"IO-WRL-004,OG-WRL-007,OG-WRL-014,PD-WRL-001,PD-WRL-003,PD-WRL-004,PD-WRL-007",4034,,
K,K0784,K0784 - Knowledge of insider threat laws and regulations,Knowledge of insider threat laws and regulations,1,,,,0,null,"IN-WRL-001,OG-WRL-006,OG-WRL-012,OG-WRL-007,OG-WRL-013,PD-WRL-001,PD-WRL-005",4035,,
K,K0785,K0785 - Knowledge of insider threat tools and techniques,Knowledge of insider threat tools and techniques,1,,,,0,null,"IN-WRL-001,OG-WRL-006,OG-WRL-012,OG-WRL-007,OG-WRL-013,PD-WRL-001,PD-WRL-005",4036,,
K,K0786,K0786 - Knowledge of physical computer components,Knowledge of physical computer components,1,,,,0,null,"IO-WRL-007,IN-WRL-002,PD-WRL-002,PD-WRL-006",4037,,
K,K0787,K0787 - Knowledge of computer peripherals,Knowledge of computer peripherals,1,,,,0,null,"IO-WRL-007,IN-WRL-002,PD-WRL-002,PD-WRL-006",4038,,
K,K0788,K0788 - Knowledge of adversarial tactics principles and practices,Knowledge of adversarial tactics principles and practices,1,,,,0,null,"IN-WRL-001,PD-WRL-001,PD-WRL-006",4039,,
K,K0789,K0789 - Knowledge of adversarial tactics tools and techniques,Knowledge of adversarial tactics tools and techniques,1,,,,0,null,"IN-WRL-001,PD-WRL-001,PD-WRL-006,NF-COM-007",4040,,
K,K0790,K0790 - Knowledge of adversarial tactics policies and procedures,Knowledge of adversarial tactics policies and procedures,1,,,,0,null,"IN-WRL-001,PD-WRL-001,PD-WRL-006",4041,,
K,K0791,K0791 - Knowledge of defense-in-depth principles and practices,Knowledge of defense-in-depth principles and practices,1,,,,0,null,"DD-WRL-001,DD-WRL-002,DD-WRL-003,DD-WRL-004,DD-WRL-005,DD-WRL-007,DD-WRL-008,IO-WRL-005,IO-WRL-006,IO-WRL-004,IN-WRL-002,OG-WRL-012,OG-WRL-013,OG-WRL-014,PD-WRL-001,PD-WRL-003,PD-WRL-002,PD-WRL-004,PD-WRL-007,NF-COM-007",4042,,
K,K0792,K0792 - Knowledge of network configurations,Knowledge of network configurations,1,,,,0,null,"DD-WRL-008,IO-WRL-005,IO-WRL-004,OG-WRL-004,OG-WRL-005,OG-WRL-008,PD-WRL-001,PD-WRL-004,PD-WRL-006",4043,,
K,K0794,K0794 - Knowledge of file system implementation principles and practices,Knowledge of file system implementation principles and practices,1,,,,0,null,"IO-WRL-005,IN-WRL-002,PD-WRL-002",4044,,
K,K0795,K0795 - Knowledge of digital evidence seizure policies and procedures,Knowledge of digital evidence seizure policies and procedures,1,,,,0,null,"IN-WRL-001,IN-WRL-002,PD-WRL-002",4045,,
K,K0796,K0796 - Knowledge of digital evidence preservation policies and procedures,Knowledge of digital evidence preservation policies and procedures,1,,,,0,null,"IN-WRL-001,IN-WRL-002,PD-WRL-002",4046,,
K,K0797,K0797 - Knowledge of ethical hacking tools and techniques,Knowledge of ethical hacking tools and techniques,1,,,,0,null,"DD-WRL-008,IN-WRL-002,PD-WRL-002,PD-WRL-007",4047,,
K,K0798,K0798 - Knowledge of program management principles and practices,Knowledge of program management principles and practices,1,,,,0,null,"OG-WRL-001,OG-WRL-014,NF-COM-007",4048,,
K,K0799,K0799 - Knowledge of project management principles and practices,Knowledge of project management principles and practices,1,,,,0,null,"OG-WRL-001,OG-WRL-014",4049,,
K,K0800,K0800 - Knowledge of evidence admissibility laws and regulations,Knowledge of evidence admissibility laws and regulations,1,,,,0,null,"IN-WRL-001,IN-WRL-002,OG-WRL-006,OG-WRL-012,OG-WRL-007,OG-WRL-013,PD-WRL-002",4050,,
K,K0801,K0801 - Knowledge of cognitive domain models and frameworks,Knowledge of cognitive domain models and frameworks,1,,,,0,null,"OG-WRL-004,OG-WRL-005",4051,,
K,K0802,K0802 - Knowledge of chain of custody policies and procedures,Knowledge of chain of custody policies and procedures,1,,,,0,null,"IN-WRL-001,IN-WRL-002,PD-WRL-002,PD-WRL-005",4052,,
K,K0803,K0803 - Knowledge of supply chain risk management principles and practices,Knowledge of supply chain risk management principles and practices,1,,,,0,null,"DD-WRL-003,DD-WRL-004,DD-WRL-005,DD-WRL-006,DD-WRL-007,DD-WRL-008,IO-WRL-006,OG-WRL-001,OG-WRL-010,OG-WRL-011,OG-WRL-015,OG-WRL-012,OG-WRL-003,OG-WRL-013,OG-WRL-009,OG-WRL-016,OG-WRL-014",4053,,
K,K0804,K0804 - Knowledge of persistent data principles and practices,Knowledge of persistent data principles and practices,1,,,,0,null,"IN-WRL-001,IN-WRL-002,PD-WRL-002",4054,,
K,K0805,K0805 - Knowledge of command-line tools and techniques,Knowledge of command-line tools and techniques,1,,,,0,null,"IO-WRL-005,IO-WRL-004,IO-WRL-001,OG-WRL-004,OG-WRL-005,PD-WRL-001",4055,,
K,K0806,K0806 - Knowledge of machine virtualization tools and techniques,Knowledge of machine virtualization tools and techniques,1,,,,0,null,"IO-WRL-005,IN-WRL-002,OG-WRL-005,OG-WRL-012,PD-WRL-002,PD-WRL-006,NF-COM-007",4056,,
K,K0807,K0807 - Knowledge of web mail tools and techniques,Knowledge of web mail tools and techniques,1,,,,0,null,PD-WRL-002,4057,,
K,K0808,K0808 - Knowledge of system file characteristics,Knowledge of system file characteristics,1,,,,0,null,"IN-WRL-002,PD-WRL-002",4058,,
K,K0809,K0809 - Knowledge of digital forensics data characteristics,Knowledge of digital forensics data characteristics,1,,,,0,null,"DD-WRL-008,IN-WRL-002,PD-WRL-002",4059,,
K,K0810,K0810 - Knowledge of deployable forensics principles and practices,Knowledge of deployable forensics principles and practices,1,,,,0,null,"IN-WRL-002,OG-WRL-005,PD-WRL-002",4060,,
K,K0811,K0811 - Knowledge of web filtering systems and software,Knowledge of web filtering systems and software,1,,,,0,null,"IO-WRL-004,PD-WRL-004",4061,,
K,K0812,K0812 - Knowledge of digital communication systems and software,Knowledge of digital communication systems and software,1,,,,0,null,"DD-WRL-008,IO-WRL-004,IN-WRL-002,OG-WRL-004,OG-WRL-005,OG-WRL-002,PD-WRL-001,PD-WRL-002,PD-WRL-006",4062,,
K,K0813,K0813 - Knowledge of interpreted and compiled programming language characteristics,Knowledge of interpreted and compiled programming language characteristics,1,,,,0,null,"DD-WRL-003,DD-WRL-004,DD-WRL-005,DD-WRL-007,IO-WRL-001,PD-WRL-001,PD-WRL-007",4063,,
K,K0814,K0814 - Knowledge of secure coding tools and techniques,Knowledge of secure coding tools and techniques,1,,,,0,null,"DD-WRL-001,DD-WRL-003,DD-WRL-004,DD-WRL-005,IO-WRL-001,OG-WRL-012",4064,,
K,K0815,K0815 - Knowledge of intelligence collection management processes,Knowledge of intelligence collection management processes,1,,,,0,null,PD-WRL-001,4065,,
K,K0816,K0816 - Knowledge of front-end intelligence collection systems and software,Knowledge of front-end intelligence collection systems and software,1,,,,0,null,PD-WRL-001,4066,,
K,K0817,K0817 - Knowledge of event correlation tools and techniques,Knowledge of event correlation tools and techniques,1,,,,0,null,PD-WRL-002,4067,,
K,K0818,K0818 - Knowledge of new and emerging cybersecurity risks,Knowledge of new and emerging cybersecurity risks,1,,,,0,null,"OG-WRL-004,OG-WRL-005,OG-WRL-003,OG-WRL-007,OG-WRL-014,PD-WRL-006",4068,,
K,K0819,K0819 - Knowledge of import and export control laws and regulations,Knowledge of import and export control laws and regulations,1,,,,0,null,"OG-WRL-010,OG-WRL-011,OG-WRL-006,OG-WRL-012,OG-WRL-007,OG-WRL-013,OG-WRL-009,OG-WRL-016",4069,,
K,K0820,K0820 - Knowledge of supply chain risks,Knowledge of supply chain risks,1,,,,0,null,"DD-WRL-003,DD-WRL-004,DD-WRL-005,DD-WRL-006,DD-WRL-007,DD-WRL-008,IO-WRL-006,OG-WRL-010,OG-WRL-011,OG-WRL-006,OG-WRL-015,OG-WRL-012,OG-WRL-003,OG-WRL-007,OG-WRL-013,OG-WRL-009,OG-WRL-016,OG-WRL-014,NF-COM-007",4070,,
K,K0821,K0821 - Knowledge of federal agency roles and responsibilities,Knowledge of federal agency roles and responsibilities,1,,,,0,null,"OG-WRL-010,OG-WRL-011,OG-WRL-006,OG-WRL-012,OG-WRL-007,OG-WRL-013,OG-WRL-009,OG-WRL-016",4071,,
K,K0822,K0822 - Knowledge of risk tolerance principles and practices,Knowledge of risk tolerance principles and practices,1,,,,0,null,"DD-WRL-009,OG-WRL-014,NF-COM-007",4072,,
K,K0823,K0823 - Knowledge of incident response policies and procedures,Knowledge of incident response policies and procedures,1,,,,0,null,"OG-WRL-009,OG-WRL-014",4073,,
K,K0824,K0824 - Knowledge of incident response roles and responsibilities,Knowledge of incident response roles and responsibilities,1,,,,0,null,"OG-WRL-009,OG-WRL-014",4074,,
K,K0825,K0825 - Knowledge of threat vector characteristics,Knowledge of threat vector characteristics,1,,,,0,null,"OG-WRL-004,OG-WRL-005,OG-WRL-003,OG-WRL-007,OG-WRL-014,PD-WRL-006",4075,,
K,K0826,K0826 - Knowledge of software security principles and practices,Knowledge of software security principles and practices,1,,,,0,null,"DD-WRL-003,DD-WRL-005",4076,,
K,K0827,K0827 - Knowledge of software quality assurance (SQA) principles and practices,Knowledge of software quality assurance (SQA) principles and practices,1,,,,0,null,"DD-WRL-003,DD-WRL-005,OG-WRL-014",4077,,
K,K0828,K0828 - Knowledge of supply chain risk management standards and best practices,Knowledge of supply chain risk management standards and best practices,1,,,,0,null,"DD-WRL-003,DD-WRL-004,DD-WRL-005,DD-WRL-006,DD-WRL-007,DD-WRL-008,IO-WRL-006,OG-WRL-010,OG-WRL-011,OG-WRL-015,OG-WRL-012,OG-WRL-003,OG-WRL-013,OG-WRL-009,OG-WRL-016,OG-WRL-014",4078,,
K,K0829,K0829 - Knowledge of account creation policies and procedures,Knowledge of account creation policies and procedures,1,,,,0,null,"IO-WRL-005,IO-WRL-007,OG-WRL-006,PD-WRL-001,PD-WRL-003,PD-WRL-004",4079,,
K,K0830,K0830 - Knowledge of password policies and procedures,Knowledge of password policies and procedures,1,,,,0,null,"IO-WRL-005,IO-WRL-007,OG-WRL-006,PD-WRL-001,PD-WRL-003,PD-WRL-004",4080,,
K,K0831,K0831 - Knowledge of network attack vectors,Knowledge of network attack vectors,1,,,,0,null,"IO-WRL-004,OG-WRL-004,OG-WRL-005,OG-WRL-003,OG-WRL-007,OG-WRL-014,PD-WRL-001,PD-WRL-006",4081,,
K,K0832,K0832 - Knowledge of cyberattack characteristics,Knowledge of cyberattack characteristics,1,,,,0,null,"PD-WRL-001,PD-WRL-003,PD-WRL-007",4082,,
K,K0833,K0833 - Knowledge of cyberattack actor characteristics,Knowledge of cyberattack actor characteristics,1,,,,0,null,"IN-WRL-001,PD-WRL-001,PD-WRL-003,PD-WRL-007",4083,,
K,K0834,K0834 - Knowledge of technology procurement principles and practices,Knowledge of technology procurement principles and practices,1,,,,0,null,"DD-WRL-006,DD-WRL-008,IO-WRL-006,OG-WRL-001,OG-WRL-010,OG-WRL-011,OG-WRL-006,OG-WRL-012,OG-WRL-013,OG-WRL-009,OG-WRL-014,NF-COM-007",4084,,
K,K0835,K0835 - Knowledge of risk assessment principles and practices,Knowledge of risk assessment principles and practices,1,,,,0,null,"DD-WRL-001,DD-WRL-002,DD-WRL-009,OG-WRL-010,OG-WRL-011,OG-WRL-015,OG-WRL-009,OG-WRL-016,NF-COM-007",4085,,
K,K0836,K0836 - Knowledge of threat assessment principles and practices,Knowledge of threat assessment principles and practices,1,,,,0,null,"DD-WRL-001,DD-WRL-002,OG-WRL-010,OG-WRL-011,OG-WRL-015,OG-WRL-009,OG-WRL-016,NF-COM-007",4086,,
K,K0837,K0837 - Knowledge of hardening tools and techniques,Knowledge of hardening tools and techniques,1,,,,0,null,"DD-WRL-007,IO-WRL-005,IO-WRL-007,IO-WRL-004,IN-WRL-001,IN-WRL-002,OG-WRL-004,OG-WRL-005,OG-WRL-014,PD-WRL-001,PD-WRL-003,PD-WRL-002,PD-WRL-004,PD-WRL-007",4087,,
K,K0838,K0838 - Knowledge of supply chain risk management policies and procedures,Knowledge of supply chain risk management policies and procedures,1,,,,0,null,"DD-WRL-004,DD-WRL-006,DD-WRL-007,DD-WRL-008,OG-WRL-010,OG-WRL-011,OG-WRL-015,OG-WRL-012,OG-WRL-003,OG-WRL-013,OG-WRL-009,OG-WRL-016,OG-WRL-014",4088,,
K,K0839,K0839 - Knowledge of critical infrastructure systems and software,Knowledge of critical infrastructure systems and software,1,,,,0,null,"DD-WRL-001,DD-WRL-002,DD-WRL-003,DD-WRL-004,DD-WRL-005,DD-WRL-006,DD-WRL-007,DD-WRL-008,OG-WRL-005,OG-WRL-012,OG-WRL-007,OG-WRL-013,OG-WRL-014",4089,,
K,K0840,K0840 - Knowledge of hardware reverse engineering tools and techniques,Knowledge of hardware reverse engineering tools and techniques,1,,,,0,null,"DD-WRL-001,DD-WRL-002,DD-WRL-004,DD-WRL-006,DD-WRL-007,DD-WRL-008,IO-WRL-005,IO-WRL-006,IO-WRL-004,IN-WRL-002,OG-WRL-001,OG-WRL-012,OG-WRL-014,PD-WRL-001,PD-WRL-002",4090,,
K,K0841,K0841 - Knowledge of middleware software capabilities and applications,Knowledge of middleware software capabilities and applications,1,,,,0,null,DD-WRL-008,4091,,
K,K0842,K0842 - Knowledge of software reverse engineering tools and techniques,Knowledge of software reverse engineering tools and techniques,1,,,,0,null,"DD-WRL-001,DD-WRL-002,DD-WRL-004,DD-WRL-006,DD-WRL-007,DD-WRL-008,IO-WRL-005,IO-WRL-006,IO-WRL-004,IN-WRL-002,OG-WRL-001,OG-WRL-012,OG-WRL-014,PD-WRL-001,PD-WRL-002",4092,,
K,K0844,K0844 - Knowledge of cyber attack stages,Knowledge of cyber attack stages,1,,,,0,null,"PD-WRL-001,PD-WRL-003,PD-WRL-006,PD-WRL-007",4093,,
K,K0845,K0845 - Knowledge of cyber intrusion activity phases,Knowledge of cyber intrusion activity phases,1,,,,0,null,"PD-WRL-001,PD-WRL-003,PD-WRL-006,PD-WRL-007",4094,,
K,K0846,K0846 - Knowledge of secure software deployment principles and practices,Knowledge of secure software deployment principles and practices,1,,,,0,null,"DD-WRL-001,DD-WRL-004,DD-WRL-005",4095,,
K,K0847,K0847 - Knowledge of secure software deployment tools and techniques,Knowledge of secure software deployment tools and techniques,1,,,,0,null,"DD-WRL-001,DD-WRL-004,DD-WRL-005",4096,,
K,K0848,K0848 - Knowledge of network systems management principles and practices,Knowledge of network systems management principles and practices,1,,,,0,null,"DD-WRL-001,DD-WRL-002,DD-WRL-004,DD-WRL-006,IO-WRL-006,IO-WRL-004,OG-WRL-014,PD-WRL-001,NF-COM-007",4097,,
K,K0849,K0849 - Knowledge of network systems management tools and techniques,Knowledge of network systems management tools and techniques,1,,,,0,null,"DD-WRL-001,DD-WRL-002,DD-WRL-004,DD-WRL-006,IO-WRL-006,IO-WRL-004,OG-WRL-014,PD-WRL-001",4098,,
K,K0850,K0850 - Knowledge of data carving tools and techniques,Knowledge of data carving tools and techniques,1,,,,0,null,"IN-WRL-002,PD-WRL-002",4099,,
K,K0851,K0851 - Knowledge of reverse engineering principles and practices,Knowledge of reverse engineering principles and practices,1,,,,0,null,"DD-WRL-001,DD-WRL-002,DD-WRL-004,DD-WRL-006,DD-WRL-007,DD-WRL-008,IO-WRL-005,IO-WRL-006,IO-WRL-004,IN-WRL-002,OG-WRL-001,OG-WRL-012,OG-WRL-014,PD-WRL-001,PD-WRL-002",4100,,
K,K0852,K0852 - Knowledge of anti-forensics tools and techniques,Knowledge of anti-forensics tools and techniques,1,,,,0,null,"IN-WRL-002,PD-WRL-002",4101,,
K,K0853,K0853 - Knowledge of forensics lab design principles and practices,Knowledge of forensics lab design principles and practices,1,,,,0,null,"IN-WRL-002,PD-WRL-002",4102,,
K,K0854,K0854 - Knowledge of forensics lab design systems and software,Knowledge of forensics lab design systems and software,1,,,,0,null,"IN-WRL-002,PD-WRL-002",4103,,
K,K0855,K0855 - Knowledge of debugging tools and techniques,Knowledge of debugging tools and techniques,1,,,,0,null,"IN-WRL-002,PD-WRL-002",4104,,
K,K0856,K0856 - Knowledge of filename extension abuse,Knowledge of filename extension abuse,1,,,,0,null,"IN-WRL-002,PD-WRL-002",4105,,
K,K0857,K0857 - Knowledge of malware analysis tools and techniques,Knowledge of malware analysis tools and techniques,1,,,,0,null,"IN-WRL-002,PD-WRL-003,PD-WRL-002,PD-WRL-006",4106,,
K,K0858,K0858 - Knowledge of virtual machine detection tools and techniques,Knowledge of virtual machine detection tools and techniques,1,,,,0,null,"IO-WRL-005,IN-WRL-002,OG-WRL-005,OG-WRL-012,PD-WRL-002,PD-WRL-006",4107,,
K,K0859,K0859 - Knowledge of encryption tools and techniques,Knowledge of encryption tools and techniques,1,,,,0,null,"DD-WRL-001,DD-WRL-004,IO-WRL-005,IO-WRL-002,IO-WRL-006,IO-WRL-004,IN-WRL-002,OG-WRL-012,OG-WRL-013,OG-WRL-014,PD-WRL-001,PD-WRL-002",4108,,
K,K0860,K0860 - Knowledge of malware signature principles and practices,Knowledge of malware signature principles and practices,1,,,,0,null,PD-WRL-001,4109,,
K,K0861,K0861 - Knowledge of network port capabilities and applications,Knowledge of network port capabilities and applications,1,,,,0,null,PD-WRL-001,4110,,
K,K0862,K0862 - Knowledge of data remediation tools and techniques,Knowledge of data remediation tools and techniques,1,,,,0,null,"IO-WRL-002,IO-WRL-001,PD-WRL-005",4111,,
K,K0863,K0863 - Knowledge of cloud computing principles and practices,Knowledge of cloud computing principles and practices,1,,,,0,null,"IO-WRL-007,IO-WRL-003,OG-WRL-010,OG-WRL-005,OG-WRL-011,OG-WRL-009",4112,,
K,K0864,K0864 - Knowledge of knowledge management principles and practices,Knowledge of knowledge management principles and practices,1,,,,0,null,"IO-WRL-007,IO-WRL-003,OG-WRL-010,OG-WRL-005,OG-WRL-011,OG-WRL-009",4113,,
K,K0865,K0865 - Knowledge of data classification standards and best practices,Knowledge of data classification standards and best practices,1,,,,0,null,"DD-WRL-001,DD-WRL-002,DD-WRL-004,DD-WRL-006,DD-WRL-007,IO-WRL-002,IO-WRL-007,IO-WRL-003,IO-WRL-006,IO-WRL-004,OG-WRL-001,OG-WRL-004,OG-WRL-005,OG-WRL-012,OG-WRL-014,PD-WRL-003,PD-WRL-006,PD-WRL-007",4114,,
K,K0866,K0866 - Knowledge of data classification tools and techniques,Knowledge of data classification tools and techniques,1,,,,0,null,"DD-WRL-001,DD-WRL-002,DD-WRL-004,DD-WRL-006,DD-WRL-007,IO-WRL-002,IO-WRL-007,IO-WRL-003,IO-WRL-006,IO-WRL-004,OG-WRL-001,OG-WRL-004,OG-WRL-005,OG-WRL-012,OG-WRL-014,PD-WRL-003,PD-WRL-006,PD-WRL-007",4115,,
K,K0867,K0867 - Knowledge of database application programming interfaces (APIs),Knowledge of database application programming interfaces (APIs),1,,,,0,null,"IO-WRL-002,IO-WRL-001",4116,,
K,K0868,K0868 - Knowledge of process improvement principles and practices,Knowledge of process improvement principles and practices,1,,,,0,null,"DD-WRL-001,DD-WRL-002,OG-WRL-010,OG-WRL-011,OG-WRL-009,OG-WRL-016",4117,,
K,K0869,K0869 - Knowledge of process maturity models and frameworks,Knowledge of process maturity models and frameworks,1,,,,0,null,"DD-WRL-001,DD-WRL-002,OG-WRL-010,OG-WRL-011,OG-WRL-009,OG-WRL-016",4118,,
K,K0870,K0870 - Knowledge of enterprise architecture (EA) reference models and frameworks,Knowledge of enterprise architecture (EA) reference models and frameworks,1,,,,0,null,"DD-WRL-001,DD-WRL-002,DD-WRL-003,DD-WRL-004,DD-WRL-005,DD-WRL-007,DD-WRL-008,IO-WRL-005,IO-WRL-006,IO-WRL-004,IN-WRL-002,OG-WRL-012,OG-WRL-013,OG-WRL-014,PD-WRL-001,PD-WRL-003,PD-WRL-002,PD-WRL-004,PD-WRL-005,PD-WRL-007,NF-COM-007",4119,,
K,K0871,K0871 - Knowledge of enterprise architecture (EA) principles and practices,Knowledge of enterprise architecture (EA) principles and practices,1,,,,0,null,"DD-WRL-001,DD-WRL-002,DD-WRL-003,DD-WRL-004,DD-WRL-005,DD-WRL-007,DD-WRL-008,IO-WRL-005,IO-WRL-006,IO-WRL-004,IN-WRL-002,OG-WRL-012,OG-WRL-013,OG-WRL-014,PD-WRL-001,PD-WRL-003,PD-WRL-002,PD-WRL-004,PD-WRL-005,PD-WRL-007,NF-COM-007",4120,,
K,K0872,K0872 - Knowledge of service management principles and practices,Knowledge of service management principles and practices,1,,,,0,null,"DD-WRL-001,DD-WRL-002,DD-WRL-004,DD-WRL-006,IO-WRL-007,IO-WRL-006,IO-WRL-004,OG-WRL-010,OG-WRL-011,OG-WRL-009,OG-WRL-016",4121,,
K,K0873,K0873 - Knowledge of service management standards and best practices,Knowledge of service management standards and best practices,1,,,,0,null,"DD-WRL-001,DD-WRL-002,DD-WRL-004,DD-WRL-006,IO-WRL-007,IO-WRL-006,IO-WRL-004,OG-WRL-010,OG-WRL-011,OG-WRL-009,OG-WRL-016",4122,,
K,K0874,K0874 - Knowledge of key management service (KMS) principles and practices,Knowledge of key management service (KMS) principles and practices,1,,,,0,null,"DD-WRL-001,IO-WRL-002,IO-WRL-004",4123,,
K,K0875,K0875 - Knowledge of symmetric encryption principles and practices,Knowledge of symmetric encryption principles and practices,1,,,,0,null,"DD-WRL-001,IO-WRL-002,IO-WRL-004",4124,,
K,K0876,K0876 - Knowledge of key management service (KMS) key rotation policies and procedures,Knowledge of key management service (KMS) key rotation policies and procedures,1,,,,0,null,"DD-WRL-001,IO-WRL-002,IO-WRL-004",4125,,
K,K0877,K0877 - Knowledge of application firewall principles and practices,Knowledge of application firewall principles and practices,1,,,,0,null,"DD-WRL-001,DD-WRL-003,DD-WRL-004,DD-WRL-005,DD-WRL-008,IO-WRL-005,IO-WRL-006,IO-WRL-004,OG-WRL-012,OG-WRL-013,OG-WRL-014,PD-WRL-001",4126,,
K,K0878,K0878 - Knowledge of network firewall principles and practices,Knowledge of network firewall principles and practices,1,,,,0,null,"DD-WRL-001,DD-WRL-003,DD-WRL-004,DD-WRL-005,DD-WRL-008,IO-WRL-005,IO-WRL-006,IO-WRL-004,OG-WRL-012,OG-WRL-013,OG-WRL-014,PD-WRL-001",4127,,
K,K0879,K0879 - Knowledge of industry cybersecurity models and frameworks,Knowledge of industry cybersecurity models and frameworks,1,,,,0,null,"DD-WRL-002,DD-WRL-004,DD-WRL-007,IO-WRL-006,IO-WRL-004,OG-WRL-012,OG-WRL-013,PD-WRL-001,PD-WRL-007",4128,,
K,K0880,K0880 - Knowledge of access control models and frameworks,Knowledge of access control models and frameworks,1,,,,0,null,"DD-WRL-002,DD-WRL-004,DD-WRL-007,IO-WRL-006,IO-WRL-004,OG-WRL-012,OG-WRL-013,PD-WRL-001,PD-WRL-007",4129,,
K,K0881,K0881 - Knowledge of learning assessment tools and techniques,Knowledge of learning assessment tools and techniques,1,,,,0,null,"DD-WRL-007,OG-WRL-004,OG-WRL-005,OG-WRL-012,OG-WRL-003,OG-WRL-008,PD-WRL-004",4130,,
K,K0882,K0882 - Knowledge of ethical hacking principles and practices,Knowledge of ethical hacking principles and practices,1,,,,0,null,"DD-WRL-008,PD-WRL-007",4131,,
K,K0883,K0883 - Knowledge of circuit analysis tools and techniques,Knowledge of circuit analysis tools and techniques,1,,,,0,null,DD-WRL-002,4132,,
K,K0884,K0884 - Knowledge of covert communication tools and techniques,Knowledge of covert communication tools and techniques,1,,,,0,null,"DD-WRL-008,IN-WRL-001",4133,,
K,K0885,K0885 - Knowledge of instructional design principles and practices,Knowledge of instructional design principles and practices,1,,,,0,null,"OG-WRL-004,OG-WRL-005,OG-WRL-012,OG-WRL-008",4134,,
K,K0886,K0886 - Knowledge of instructional design models and frameworks,Knowledge of instructional design models and frameworks,1,,,,0,null,"OG-WRL-004,OG-WRL-005,OG-WRL-012,OG-WRL-008",4135,,
K,K0887,K0887 - Knowledge of training policies and procedures,Knowledge of training policies and procedures,1,,,,0,null,"OG-WRL-004,OG-WRL-005,OG-WRL-003",4136,,
K,K0888,K0888 - Knowledge of Bloom's Taxonomy learning levels,Knowledge of Bloom's Taxonomy learning levels,1,,,,0,null,"OG-WRL-004,OG-WRL-005",4137,,
K,K0889,K0889 - Knowledge of learning management system (LMS) systems and software,Knowledge of learning management system (LMS) systems and software,1,,,,0,null,"OG-WRL-004,OG-WRL-005",4138,,
K,K0890,K0890 - Knowledge of learning modes,Knowledge of learning modes,1,,,,0,null,"OG-WRL-004,OG-WRL-005",4139,,
K,K0891,K0891 - Knowledge of the Open Systems Interconnect (OSI) reference model,Knowledge of the Open Systems Interconnect (OSI) reference model,1,,,,0,null,"DD-WRL-001,DD-WRL-002,DD-WRL-003,DD-WRL-004,DD-WRL-006,DD-WRL-007,IO-WRL-005,IO-WRL-004,OG-WRL-014,PD-WRL-001,PD-WRL-003,PD-WRL-004,PD-WRL-007",4140,,
K,K0892,K0892 - Knowledge of cyber defense laws and regulations,Knowledge of cyber defense laws and regulations,1,,,,0,null,"DD-WRL-006,IN-WRL-001,IN-WRL-002,OG-WRL-006,OG-WRL-002,OG-WRL-012,OG-WRL-003,OG-WRL-007,OG-WRL-013,OG-WRL-008,OG-WRL-014,PD-WRL-001,PD-WRL-002",4141,,
K,K0893,K0893 - Knowledge of training systems and software,Knowledge of training systems and software,1,,,,0,null,"OG-WRL-004,OG-WRL-005,OG-WRL-003",4142,,
K,K0894,K0894 - Knowledge of computer architecture principles and practices,Knowledge of computer architecture principles and practices,1,,,,0,null,"DD-WRL-001,DD-WRL-002,DD-WRL-008,IO-WRL-006",4143,,
K,K0895,K0895 - Knowledge of taxonomy models and frameworks,Knowledge of taxonomy models and frameworks,1,,,,0,null,IO-WRL-003,4144,,
K,K0896,K0896 - Knowledge of semantic ontology models and frameworks,Knowledge of semantic ontology models and frameworks,1,,,,0,null,IO-WRL-003,4145,,
K,K0897,K0897 - Knowledge of logging tools and technologies,Knowledge of logging tools and technologies,1,,,,0,null,IO-WRL-001,4146,,
K,K0898,K0898 - Knowledge of cloud service models and frameworks,Knowledge of cloud service models and frameworks,1,,,,0,null,"IO-WRL-007,PD-WRL-003,NF-COM-007",4147,,
K,K0899,K0899 - Knowledge of crisis management protocols,Knowledge of crisis management protocols,1,,,,0,null,IN-WRL-001,4148,,
K,K0900,K0900 - Knowledge of crisis management processes,Knowledge of crisis management processes,1,,,,0,null,IN-WRL-001,4149,,
K,K0901,K0901 - Knowledge of crisis management tools and techniques,Knowledge of crisis management tools and techniques,1,,,,0,null,IN-WRL-001,4150,,
K,K0902,K0902 - Knowledge of the NIST Workforce Framework for Cybersecurity (NICE Framework),Knowledge of the NIST Workforce Framework for Cybersecurity (NICE Framework),1,,,,0,null,OG-WRL-003,4151,,
K,K0903,K0903 - Knowledge of service desk principles and practices,Knowledge of service desk principles and practices,1,,,,0,null,IO-WRL-007,4152,,
K,K0904,K0904 - Knowledge of machine learning principles and practices,Knowledge of machine learning principles and practices,1,,,,0,null,IO-WRL-001,4153,,
K,K0905,K0905 - Knowledge of media production tool and techniques,Knowledge of media production tool and techniques,1,,,,0,null,"OG-WRL-004,OG-WRL-005",4154,,
K,K0906,K0906 - Knowledge of multi-level security (MLS) systems and software,Knowledge of multi-level security (MLS) systems and software,1,,,,0,null,"DD-WRL-001,DD-WRL-002",4155,,
K,K0907,K0907 - Knowledge of cross-domain solutions,Knowledge of cross-domain solutions,1,,,,0,null,"DD-WRL-001,DD-WRL-002",4156,,
K,K0908,K0908 - Knowledge of human resources policies and procedures,Knowledge of human resources policies and procedures,1,,,,0,null,OG-WRL-003,4157,,
K,K0909,K0909 - Knowledge of abnormal physical and physiological behaviors,Knowledge of abnormal physical and physiological behaviors,1,,,,0,null,"IN-WRL-001,PD-WRL-005",4158,,
K,K0910,K0910 - Knowledge of needs assessment principles and practices,Knowledge of needs assessment principles and practices,1,,,,0,null,"OG-WRL-004,OG-WRL-005",4159,,
K,K0911,K0911 - Knowledge of remote access tools and techniques,Knowledge of remote access tools and techniques,1,,,,0,null,"IO-WRL-007,IN-WRL-002",4160,,
K,K0912,K0912 - Knowledge of sustainment principles and practices,Knowledge of sustainment principles and practices,1,,,,0,null,"OG-WRL-009,NF-COM-007",4161,,
K,K0913,K0913 - Knowledge of sustainment processes,Knowledge of sustainment processes,1,,,,0,null,OG-WRL-009,4162,,
K,K0914,K0914 - Knowledge of binary analysis tools and techniques,Knowledge of binary analysis tools and techniques,1,,,,0,null,"IO-WRL-001,IN-WRL-002,PD-WRL-002",4163,,
K,K0915,K0915 - Knowledge of network architecture principles and practices,Knowledge of network architecture principles and practices,1,,,,0,null,"DD-WRL-001,DD-WRL-002,DD-WRL-003,DD-WRL-004,DD-WRL-005,DD-WRL-007,DD-WRL-008,IO-WRL-005,IO-WRL-006,IO-WRL-004,IN-WRL-002,OG-WRL-012,OG-WRL-013,OG-WRL-008,OG-WRL-014,PD-WRL-001,PD-WRL-003,PD-WRL-002,PD-WRL-004,PD-WRL-006,PD-WRL-007",4164,,
K,K0916,K0916 - Knowledge of malware analysis principles and practices,Knowledge of malware analysis principles and practices,1,,,,0,null,"IN-WRL-002,PD-WRL-003,PD-WRL-002,PD-WRL-006",4165,,
K,K0917,K0917 - Knowledge of Personally Identifiable Information (PII) data security standards and best ...,Knowledge of Personally Identifiable Information (PII) data security standards and best practices,1,,,,0,null,"DD-WRL-001,DD-WRL-003,DD-WRL-004,DD-WRL-005,DD-WRL-007,IO-WRL-005,IO-WRL-002,IO-WRL-007,IO-WRL-003,IO-WRL-006,IO-WRL-004,OG-WRL-012,OG-WRL-013,OG-WRL-014,PD-WRL-001",4166,,
K,K0918,K0918 - Knowledge of Payment Card Industry (PCI) data security standards and best practices,Knowledge of Payment Card Industry (PCI) data security standards and best practices,1,,,,0,null,"DD-WRL-001,DD-WRL-003,DD-WRL-004,DD-WRL-005,DD-WRL-007,IO-WRL-005,IO-WRL-002,IO-WRL-007,IO-WRL-003,IO-WRL-006,IO-WRL-004,OG-WRL-006,OG-WRL-012,OG-WRL-013,OG-WRL-014,PD-WRL-001",4167,,
K,K0919,K0919 - Knowledge of Personal Health Information (PHI) data security standards and best practices,Knowledge of Personal Health Information (PHI) data security standards and best practices,1,,,,0,null,"DD-WRL-001,DD-WRL-003,DD-WRL-004,DD-WRL-005,DD-WRL-007,IO-WRL-005,IO-WRL-002,IO-WRL-007,IO-WRL-003,IO-WRL-006,IO-WRL-004,OG-WRL-006,OG-WRL-012,OG-WRL-013,OG-WRL-014,PD-WRL-001",4168,,
K,K0920,K0920 - Knowledge of risk management policies and procedures,Knowledge of risk management policies and procedures,1,,,,0,null,"DD-WRL-003,DD-WRL-005,DD-WRL-006,IO-WRL-006,OG-WRL-010,OG-WRL-011,OG-WRL-009,NF-COM-007",4169,,
K,K0921,K0921 - Knowledge of program protection plan (PPP) principles and practices,Knowledge of program protection plan (PPP) principles and practices,1,,,,0,null,"DD-WRL-001,DD-WRL-002",4170,,
K,K0922,K0922 - Knowledge of the acquisition life cycle models and frameworks,Knowledge of the acquisition life cycle models and frameworks,1,,,,0,null,"DD-WRL-004,OG-WRL-010,OG-WRL-011,OG-WRL-015,OG-WRL-012,OG-WRL-009,OG-WRL-016",4171,,
K,K0923,K0923 - Knowledge of operating system structures and internals,Knowledge of operating system structures and internals,1,,,,0,null,"DD-WRL-008,IO-WRL-004,IN-WRL-001,IN-WRL-002,OG-WRL-004,OG-WRL-005,PD-WRL-002",4172,,
K,K0924,K0924 - Knowledge of network analysis tools and techniques,Knowledge of network analysis tools and techniques,1,,,,0,null,"DD-WRL-008,IO-WRL-006,OG-WRL-005,OG-WRL-012,PD-WRL-001,PD-WRL-003,PD-WRL-007",4173,,
K,K0925,K0925 - Knowledge of wireless communication tools and techniques,Knowledge of wireless communication tools and techniques,1,,,,0,null,"DD-WRL-008,IO-WRL-005,IO-WRL-004,OG-WRL-008,PD-WRL-004,PD-WRL-006",4174,,
K,K0926,K0926 - Knowledge of signal jamming tools and techniques,Knowledge of signal jamming tools and techniques,1,,,,0,null,"DD-WRL-008,IO-WRL-005,IO-WRL-004,OG-WRL-008,PD-WRL-004,PD-WRL-006",4175,,
K,K0927,K0927 - Knowledge of configuration management tools and techniques,Knowledge of configuration management tools and techniques,1,,,,0,null,"DD-WRL-001,DD-WRL-002,IO-WRL-006",4176,,
K,K0928,K0928 - Knowledge of systems engineering principles and practices,Knowledge of systems engineering principles and practices,1,,,,0,null,"DD-WRL-001,DD-WRL-002,DD-WRL-004,DD-WRL-006,DD-WRL-007,DD-WRL-008,IO-WRL-005,IO-WRL-006,IO-WRL-004,OG-WRL-001,OG-WRL-012,OG-WRL-014,PD-WRL-001,NF-COM-007",4177,,
K,K0929,K0929 - Knowledge of content synchronization tools and techniques,Knowledge of content synchronization tools and techniques,1,,,,0,null,IO-WRL-003,4178,,
K,K0930,K0930 - Knowledge of credential management systems and software,Knowledge of credential management systems and software,1,,,,0,null,IO-WRL-006,4179,,
K,K0931,K0931 - Knowledge of data-at-rest encryption (DARE) standards and best practices,Knowledge of data-at-rest encryption (DARE) standards and best practices,1,,,,0,null,"IO-WRL-006,OG-WRL-001",4180,,
K,K0932,K0932 - Knowledge of cryptographic key storage systems and software,Knowledge of cryptographic key storage systems and software,1,,,,0,null,"IO-WRL-006,OG-WRL-001",4181,,
K,K0933,K0933 - Knowledge of N-tier architecture principles and practices,Knowledge of N-tier architecture principles and practices,1,,,,0,null,"DD-WRL-001,DD-WRL-002",4182,,
K,K0934,K0934 - Knowledge of data classification policies and procedures,Knowledge of data classification policies and procedures,1,,,,0,null,"DD-WRL-001,DD-WRL-002,DD-WRL-004,DD-WRL-006,DD-WRL-007,IO-WRL-002,IO-WRL-007,IO-WRL-003,IO-WRL-006,IO-WRL-004,OG-WRL-001,OG-WRL-004,OG-WRL-005,OG-WRL-012,OG-WRL-014,PD-WRL-003,PD-WRL-006,PD-WRL-007",4183,,
K,K0935,"K0935 - Knowledge of incident, event, and problem management policies and procedures","Knowledge of incident, event, and problem management policies and procedures",1,,,,0,null,"IO-WRL-005,IO-WRL-007",4184,,
K,K0936,K0936 - Knowledge of network hardware threats and vulnerabilities,Knowledge of network hardware threats and vulnerabilities,1,,,,0,null,"DD-WRL-008,IO-WRL-004,OG-WRL-007",4185,,
K,K0937,K0937 - Knowledge of countermeasure design principles and practices,Knowledge of countermeasure design principles and practices,1,,,,0,null,"DD-WRL-004,IO-WRL-006,PD-WRL-001",4186,,
K,K0938,K0938 - Knowledge of network mapping principles and practices,Knowledge of network mapping principles and practices,1,,,,0,null,PD-WRL-001,4187,,
K,K0939,K0939 - Knowledge of packet-level analysis tools and techniques,Knowledge of packet-level analysis tools and techniques,1,,,,0,null,"PD-WRL-001,PD-WRL-002,PD-WRL-007",4188,,
K,K0940,K0940 - Knowledge of subnet tools and techniques,Knowledge of subnet tools and techniques,1,,,,0,null,PD-WRL-001,4189,,
K,K0941,K0941 - Knowledge of data concealment tools and techniques,Knowledge of data concealment tools and techniques,1,,,,0,null,IN-WRL-002,4190,,
K,K0942,K0942 - Knowledge of cryptology principles and practices,Knowledge of cryptology principles and practices,1,,,,0,null,"DD-WRL-001,DD-WRL-004,DD-WRL-006,DD-WRL-008,IO-WRL-002,IO-WRL-006,OG-WRL-012,OG-WRL-013,PD-WRL-001,PD-WRL-007",4191,,
K,K0943,K0943 - Knowledge of industry indicators,Knowledge of industry indicators,1,,,,0,null,"OG-WRL-002,OG-WRL-003",4192,,
K,K0944,K0944 - Knowledge of intelligence data gathering principles and practices,Knowledge of intelligence data gathering principles and practices,1,,,,0,null,OG-WRL-006,4193,,
K,K0945,K0945 - Knowledge of intelligence data gathering policies and procedures,Knowledge of intelligence data gathering policies and procedures,1,,,,0,null,OG-WRL-006,4194,,
K,K0946,K0946 - Knowledge of incident reporting policies and procedures,Knowledge of incident reporting policies and procedures,1,,,,0,null,"IO-WRL-005,IO-WRL-007",4195,,
K,K0947,K0947 - Knowledge of computer engineering principles and practices,Knowledge of computer engineering principles and practices,1,,,,0,null,"DD-WRL-001,DD-WRL-002,DD-WRL-004,DD-WRL-006,DD-WRL-007,DD-WRL-008,IO-WRL-005,IO-WRL-006,IO-WRL-004,IN-WRL-002,OG-WRL-001,OG-WRL-012,OG-WRL-014,PD-WRL-001",4196,,
K,K0948,K0948 - Knowledge of embedded systems and software,Knowledge of embedded systems and software,1,,,,0,null,"DD-WRL-001,DD-WRL-002,DD-WRL-003,DD-WRL-004,DD-WRL-005,IO-WRL-006,OG-WRL-012,OG-WRL-013,PD-WRL-001",4197,,
K,K0949,K0949 - Knowledge of fault tolerance tools and techniques,Knowledge of fault tolerance tools and techniques,1,,,,0,null,"DD-WRL-001,DD-WRL-002",4198,,
K,K0950,K0950 - Knowledge of Intrusion Detection System (IDS) tools and techniques,Knowledge of Intrusion Detection System (IDS) tools and techniques,1,,,,0,null,"PD-WRL-001,PD-WRL-004",4199,,
K,K0951,K0951 - Knowledge of Intrusion Prevention System (IPS) tools and techniques,Knowledge of Intrusion Prevention System (IPS) tools and techniques,1,,,,0,null,"PD-WRL-001,PD-WRL-004",4200,,
K,K0952,K0952 - Knowledge of information theory principles and practices,Knowledge of information theory principles and practices,1,,,,0,null,"DD-WRL-001,DD-WRL-002,DD-WRL-004,DD-WRL-006,IO-WRL-001",4201,,
K,K0953,K0953 - Knowledge of data mining tools and techniques,Knowledge of data mining tools and techniques,1,,,,0,null,"IO-WRL-003,IO-WRL-001,OG-WRL-012",4202,,
K,K0954,K0954 - Knowledge of foreign disclosure policies and procedures,Knowledge of foreign disclosure policies and procedures,1,,,,0,null,OG-WRL-006,4203,,
K,K0955,K0955 - Knowledge of penetration testing principles and practices,Knowledge of penetration testing principles and practices,1,,,,0,null,"DD-WRL-003,DD-WRL-005,DD-WRL-008,OG-WRL-012,OG-WRL-013,OG-WRL-014,PD-WRL-001,PD-WRL-007",4204,,
K,K0956,K0956 - Knowledge of penetration testing tools and techniques,Knowledge of penetration testing tools and techniques,1,,,,0,null,"DD-WRL-003,DD-WRL-005,DD-WRL-008,OG-WRL-012,OG-WRL-013,OG-WRL-014,PD-WRL-001,PD-WRL-007",4205,,
K,K0957,K0957 - Knowledge of root cause analysis tools and techniques,Knowledge of root cause analysis tools and techniques,1,,,,0,null,"DD-WRL-003,DD-WRL-005",4206,,
K,K0958,K0958 - Knowledge of system integration principles and practices,Knowledge of system integration principles and practices,1,,,,0,null,"IO-WRL-005,NF-COM-007",4207,,
K,K0959,K0959 - Knowledge of operational design principles and practices,Knowledge of operational design principles and practices,1,,,,0,null,PD-WRL-002,4208,,
K,K0960,K0960 - Knowledge of content management system (CMS) capabilities and applications,Knowledge of content management system (CMS) capabilities and applications,1,,,,0,null,PD-WRL-006,4209,,
K,K0961,K0961 - Knowledge of planning systems and software,Knowledge of planning systems and software,1,,,,0,null,,4210,,
K,K0962,K0962 - Knowledge of targeting laws and regulations,Knowledge of targeting laws and regulations,1,,,,0,null,"DD-WRL-006,IN-WRL-001,IN-WRL-002,OG-WRL-002,OG-WRL-012,OG-WRL-003,OG-WRL-013,OG-WRL-008,OG-WRL-014,PD-WRL-001,PD-WRL-002",4211,,
K,K0963,K0963 - Knowledge of exploitation laws and regulations,Knowledge of exploitation laws and regulations,1,,,,0,null,"DD-WRL-006,IN-WRL-001,IN-WRL-002,OG-WRL-002,OG-WRL-012,OG-WRL-003,OG-WRL-013,OG-WRL-008,OG-WRL-014,PD-WRL-001,PD-WRL-002",4212,,
K,K0965,K0965 - Knowledge of language analysis tools and techniques,Knowledge of language analysis tools and techniques,1,,,,0,null,OG-WRL-012,4213,,
K,K0966,K0966 - Knowledge of voice analysis tools and techniques,Knowledge of voice analysis tools and techniques,1,,,,0,null,OG-WRL-012,4214,,
K,K0967,K0967 - Knowledge of graphic materials analysis tools and techniques,Knowledge of graphic materials analysis tools and techniques,1,,,,0,null,OG-WRL-012,4215,,
K,K0968,K0968 - Knowledge of analytic standards and frameworks,Knowledge of analytic standards and frameworks,1,,,,0,null,,4216,,
K,K0969,K0969 - Knowledge of cyber-attack tools and techniques,Knowledge of cyber-attack tools and techniques,1,,,,0,null,"IN-WRL-001,OG-WRL-002,OG-WRL-003,PD-WRL-001,PD-WRL-003,PD-WRL-006,PD-WRL-007",4217,,
K,K0970,K0970 - Knowledge of auditing policies and procedures,Knowledge of auditing policies and procedures,1,,,,0,null,,4218,,
K,K0971,K0971 - Knowledge of logging policies and procedures,Knowledge of logging policies and procedures,1,,,,0,null,,4219,,
K,K0973,K0973 - Knowledge of system persistence tools and techniques,Knowledge of system persistence tools and techniques,1,,,,0,null,OG-WRL-008,4220,,
K,K0977,K0977 - Knowledge of intelligence collection management tools and techniques,Knowledge of intelligence collection management tools and techniques,1,,,,0,null,PD-WRL-002,4221,,
K,K0979,K0979 - Knowledge of information searching tools and techniques,Knowledge of information searching tools and techniques,1,,,,0,null,"IN-WRL-002,PD-WRL-002",4222,,
K,K0980,K0980 - Knowledge of intelligence collection sources,Knowledge of intelligence collection sources,1,,,,0,null,PD-WRL-002,4223,,
K,K0983,K0983 - Knowledge of computer networking principles and practices,Knowledge of computer networking principles and practices,1,,,,0,null,"DD-WRL-001,DD-WRL-002,DD-WRL-003,DD-WRL-004,DD-WRL-005,DD-WRL-006,DD-WRL-007,DD-WRL-008,IO-WRL-005,IO-WRL-002,IO-WRL-007,IO-WRL-003,IO-WRL-006,IO-WRL-004,IO-WRL-001,IN-WRL-001,IN-WRL-002,OG-WRL-001,OG-WRL-010,OG-WRL-004,OG-WRL-005,OG-WRL-011,OG-WRL-006,OG-WRL-015,OG-WRL-002,OG-WRL-012,OG-WRL-003,OG-WRL-007,OG-WRL-013,OG-WRL-008,OG-WRL-009,OG-WRL-016,OG-WRL-014,PD-WRL-001,PD-WRL-003,PD-WRL-002,PD-WRL-004,PD-WRL-006,PD-WRL-007",4224,,
K,K0984,K0984 - Knowledge of web security principles and practices,Knowledge of web security principles and practices,1,,,,0,null,PD-WRL-006,4225,,
K,K0986,K0986 - Knowledge of target selection criticality factors,Knowledge of target selection criticality factors,1,,,,0,null,OG-WRL-012,4226,,
K,K0987,K0987 - Knowledge of target selection vulnerability factors,Knowledge of target selection vulnerability factors,1,,,,0,null,OG-WRL-012,4227,,
K,K0988,K0988 - Knowledge of active defense tools and techniques,Knowledge of active defense tools and techniques,1,,,,0,null,,4228,,
K,K0989,K0989 - Knowledge of intelligence information repositories,Knowledge of intelligence information repositories,1,,,,0,null,PD-WRL-006,4229,,
K,K0990,K0990 - Knowledge of cyber operations principles and practices,Knowledge of cyber operations principles and practices,1,,,,0,null,"OG-WRL-006,OG-WRL-002,OG-WRL-012,OG-WRL-003,OG-WRL-007,OG-WRL-013,OG-WRL-008,PD-WRL-006",4230,,
K,K0991,K0991 - Knowledge of database administration principles and practices,Knowledge of database administration principles and practices,1,,,,0,null,"IO-WRL-002,IO-WRL-003,IO-WRL-001",4231,,
K,K0992,K0992 - Knowledge of database maintenance principles and practices,Knowledge of database maintenance principles and practices,1,,,,0,null,"IO-WRL-002,IO-WRL-003,IO-WRL-001",4232,,
K,K0993,K0993 - Knowledge of deconfliction processes,Knowledge of deconfliction processes,1,,,,0,null,,4233,,
K,K0994,K0994 - Knowledge of denial and deception tools and techniques,Knowledge of denial and deception tools and techniques,1,,,,0,null,"PD-WRL-006,NF-COM-007",4234,,
K,K0998,K0998 - Knowledge of Wireless Local Area Network (WLAN) tools and techniques,Knowledge of Wireless Local Area Network (WLAN) tools and techniques,1,,,,0,null,,4235,,
K,K0999,K0999 - Knowledge of information management principles and practices,Knowledge of information management principles and practices,1,,,,0,null,,4236,,
K,K1000,K1000 - Knowledge of evasion principles and practices,Knowledge of evasion principles and practices,1,,,,0,null,,4237,,
K,K1001,K1001 - Knowledge of evasion tools and techniques,Knowledge of evasion tools and techniques,1,,,,0,null,,4238,,
K,K1002,K1002 - Knowledge of supervisory control and data acquisition (SCADA) systems and software,Knowledge of supervisory control and data acquisition (SCADA) systems and software,1,,,,0,null,PD-WRL-006,4239,,
K,K1004,K1004 - Knowledge of reporting policies and procedures,Knowledge of reporting policies and procedures,1,,,,0,null,"IN-WRL-002,PD-WRL-002",4240,,
K,K1005,K1005 - Knowledge of intelligence collection capabilities and applications,Knowledge of intelligence collection capabilities and applications,1,,,,0,null,PD-WRL-006,4241,,
K,K1007,K1007 - Knowledge of intelligence requirements tasking systems and software,Knowledge of intelligence requirements tasking systems and software,1,,,,0,null,PD-WRL-006,4242,,
K,K1008,K1008 - Knowledge of intelligence support activities,Knowledge of intelligence support activities,1,,,,0,null,PD-WRL-006,4243,,
K,K1009,K1009 - Knowledge of threat intelligence principles and practices,Knowledge of threat intelligence principles and practices,1,,,,0,null,PD-WRL-006,4244,,
K,K1010,K1010 - Knowledge of intelligence policies and procedures,Knowledge of intelligence policies and procedures,1,,,,0,null,PD-WRL-006,4245,,
K,K1011,K1011 - Knowledge of network addressing principles and practices,Knowledge of network addressing principles and practices,1,,,,0,null,PD-WRL-006,4246,,
K,K1012,K1012 - Knowledge of malware characteristics,Knowledge of malware characteristics,1,,,,0,null,,4247,,
K,K1014,K1014 - Knowledge of network security principles and practices,Knowledge of network security principles and practices,1,,,,0,null,"DD-WRL-001,DD-WRL-002,DD-WRL-003,DD-WRL-004,DD-WRL-005,DD-WRL-006,DD-WRL-007,DD-WRL-008,IO-WRL-005,IO-WRL-002,IO-WRL-007,IO-WRL-003,IO-WRL-006,IO-WRL-004,IO-WRL-001,IN-WRL-001,IN-WRL-002,OG-WRL-001,OG-WRL-010,OG-WRL-004,OG-WRL-005,OG-WRL-011,OG-WRL-006,OG-WRL-015,OG-WRL-002,OG-WRL-012,OG-WRL-003,OG-WRL-007,OG-WRL-013,OG-WRL-008,OG-WRL-009,OG-WRL-016,OG-WRL-014,PD-WRL-001,PD-WRL-003,PD-WRL-002,PD-WRL-004,PD-WRL-005,PD-WRL-006,PD-WRL-007,NF-COM-007",4248,,
K,K1015,K1015 - Knowledge of network topology principles and practices,Knowledge of network topology principles and practices,1,,,,0,null,,4249,,
K,K1016,K1016 - Knowledge of code obfuscation tools and techniques,Knowledge of code obfuscation tools and techniques,1,,,,0,null,"IN-WRL-001,IN-WRL-002,PD-WRL-002",4250,,
K,K1017,K1017 - Knowledge of operational effectiveness assessment principles and practices,Knowledge of operational effectiveness assessment principles and practices,1,,,,0,null,NF-COM-007,4251,,
K,K1019,K1019 - Knowledge of operations security (OPSEC) principles and practices,Knowledge of operations security (OPSEC) principles and practices,1,,,,0,null,"DD-WRL-008,PD-WRL-006",4252,,
K,K1020,K1020 - Knowledge of organization decision support tools and techniques,Knowledge of organization decision support tools and techniques,1,,,,0,null,,4253,,
K,K1021,K1021 - Knowledge of resource and asset readiness reporting policies and procedures,Knowledge of resource and asset readiness reporting policies and procedures,1,,,,0,null,NF-COM-007,4254,,
K,K1023,K1023 - Knowledge of network exploitation tools and techniques,Knowledge of network exploitation tools and techniques,1,,,,0,null,"OG-WRL-002,OG-WRL-003,PD-WRL-005",4255,,
K,K1024,K1024 - Knowledge of partnership policies and procedures,Knowledge of partnership policies and procedures,1,,,,0,null,,4256,,
K,K1025,K1025 - Knowledge of decision-making policies and procedures,Knowledge of decision-making policies and procedures,1,,,,0,null,"OG-WRL-007,PD-WRL-006",4257,,
K,K1026,K1026 - Knowledge of requirements submission processes,Knowledge of requirements submission processes,1,,,,0,null,,4258,,
K,K1027,K1027 - Knowledge of post implementation review (PIR) processes,Knowledge of post implementation review (PIR) processes,1,,,,0,null,,4259,,
K,K1028,K1028 - Knowledge of target development principles and practices,Knowledge of target development principles and practices,1,,,,0,null,PD-WRL-006,4260,,
K,K1030,K1030 - Knowledge of operational planning tools and techniques,Knowledge of operational planning tools and techniques,1,,,,0,null,OG-WRL-008,4261,,
K,K1031,K1031 - Knowledge of risk mitigation tools and techniques,Knowledge of risk mitigation tools and techniques,1,,,,0,null,PD-WRL-005,4262,,
K,K1032,K1032 - Knowledge of satellite-based communication systems and software,Knowledge of satellite-based communication systems and software,1,,,,0,null,"IO-WRL-004,OG-WRL-004,OG-WRL-005",4263,,
K,K1033,K1033 - Knowledge of scripting principles and practices,Knowledge of scripting principles and practices,1,,,,0,null,,4264,,
K,K1034,K1034 - Knowledge of target language,Knowledge of target language,1,,,,0,null,OG-WRL-012,4265,,
K,K1035,K1035 - Knowledge of target research tools and techniques,Knowledge of target research tools and techniques,1,,,,0,null,PD-WRL-006,4266,,
K,K1045,K1045 - Knowledge of tasking processes,Knowledge of tasking processes,1,,,,0,null,,4267,,
K,K1049,K1049 - Knowledge of routing protocols,Knowledge of routing protocols,1,,,,0,null,"DD-WRL-001,PD-WRL-003,PD-WRL-006",4268,,
K,K1050,K1050 - Knowledge of critical information requirements,Knowledge of critical information requirements,1,,,,0,null,"DD-WRL-006,DD-WRL-008,IO-WRL-006,OG-WRL-001,OG-WRL-006,OG-WRL-012,OG-WRL-013,OG-WRL-014",4269,,
K,K1051,K1051 - Knowledge of collection data flow from origin into repositories and tools,Knowledge of collection data flow from origin into repositories and tools,1,,,,0,null,IO-WRL-003,4270,,
K,K1054,K1054 - Knowledge of red team functions and capabilities,Knowledge of red team functions and capabilities,1,,,,0,null,NF-COM-007,4271,,
K,K1055,K1055 - Knowledge of digital forensics principles and practices,Knowledge of digital forensics principles and practices,1,,,,0,null,"IN-WRL-002,OG-WRL-005,PD-WRL-002",4272,,
K,K1056,K1056 - Knowledge of language analysis principles and practices,Knowledge of language analysis principles and practices,1,,,,0,null,,4273,,
K,K1059,K1059 - Knowledge of request for information processes,Knowledge of request for information processes,1,,,,0,null,PD-WRL-006,4274,,
K,K1063,K1063 - Knowledge of operation assessment processes,Knowledge of operation assessment processes,1,,,,0,null,"DD-WRL-004,OG-WRL-012",4275,,
K,K1064,K1064 - Knowledge of Request For Information (RFI) processes,Knowledge of Request For Information (RFI) processes,1,,,,0,null,,4276,,
K,K1065,K1065 - Knowledge of network operations principles and practices,Knowledge of network operations principles and practices,1,,,,0,null,NF-COM-007,4277,,
K,K1066,K1066 - Knowledge of threat behaviors,Knowledge of threat behaviors,1,,,,0,null,PD-WRL-006,4278,,
K,K1067,K1067 - Knowledge of target behaviors,Knowledge of target behaviors,1,,,,0,null,PD-WRL-006,4279,,
K,K1068,K1068 - Knowledge of threat systems and software,Knowledge of threat systems and software,1,,,,0,null,PD-WRL-006,4280,,
K,K1069,K1069 - Knowledge of virtual machine tools and technologies,Knowledge of virtual machine tools and technologies,1,,,,0,null,"IO-WRL-005,IN-WRL-002,OG-WRL-005,OG-WRL-012,PD-WRL-002,PD-WRL-006",4281,,
K,K1070,K1070 - Knowledge of privacy disclosure statement laws and regulations,Knowledge of privacy disclosure statement laws and regulations,1,,,,0,null,"OG-WRL-006,OG-WRL-008",4282,,
K,K1071,K1071 - Knowledge of continuous monitoring processes,Knowledge of continuous monitoring processes,1,,,,0,null,,4283,,
K,K1072,K1072 - Knowledge of automated security control testing tools and techniques,Knowledge of automated security control testing tools and techniques,1,,,,0,null,"IO-WRL-005,NF-COM-007",4284,,
K,K1073,K1073 - Knowledge of hardware asset management principles and practices,Knowledge of hardware asset management principles and practices,1,,,,0,null,DD-WRL-008,4285,,
K,K1074,K1074 - Knowledge of software asset management principles and practices,Knowledge of software asset management principles and practices,1,,,,0,null,,4286,,
K,K1076,K1076 - Knowledge of risk scoring principles and practices,Knowledge of risk scoring principles and practices,1,,,,0,null,"DD-WRL-009,OG-WRL-012,PD-WRL-007",4287,,
K,K1077,K1077 - Knowledge of data security controls,Knowledge of data security controls,1,,,,0,null,"DD-WRL-006,IO-WRL-004,OG-WRL-001,OG-WRL-012,OG-WRL-013,OG-WRL-014,NF-COM-007",4288,,
K,K1078,K1078 - Knowledge of risk assessment tools and techniques,Knowledge of risk assessment tools and techniques,1,,,,0,null,,4289,,
K,K1079,K1079 - Knowledge of web application security risks,Knowledge of web application security risks,1,,,,0,null,"DD-WRL-003,DD-WRL-005,IN-WRL-001,IN-WRL-002,OG-WRL-002,OG-WRL-012,OG-WRL-007,OG-WRL-013,OG-WRL-014,PD-WRL-001,PD-WRL-003,PD-WRL-002,PD-WRL-007",4290,,
K,K1080,K1080 - Knowledge of secure software update principles and practices,Knowledge of secure software update principles and practices,1,,,,0,null,"DD-WRL-001,DD-WRL-004",4291,,
K,K1081,K1081 - Knowledge of secure firmware update principles and practices,Knowledge of secure firmware update principles and practices,1,,,,0,null,"DD-WRL-001,DD-WRL-004",4292,,
K,K1082,K1082 - Knowledge of ingress filtering tools and techniques,Knowledge of ingress filtering tools and techniques,1,,,,0,null,,4293,,
K,K1083,K1083 - Knowledge of cybersecurity competitions,Knowledge of cybersecurity competitions,1,,,,0,null,"OG-WRL-004,OG-WRL-005,OG-WRL-007",4294,,
K,K1084,K1084 - Knowledge of data privacy controls,Knowledge of data privacy controls,1,,,,0,null,"DD-WRL-006,IO-WRL-004,OG-WRL-001,OG-WRL-012,OG-WRL-013,OG-WRL-014",4295,,
K,K1085,K1085 - Knowledge of exploitation tools and techniques,Knowledge of exploitation tools and techniques,1,,,,0,null,PD-WRL-005,4296,,
K,K1086,K1086 - Knowledge of design modeling,Knowledge of design modeling,1,,,,0,null,"DD-WRL-001,DD-WRL-002,DD-WRL-006",4297,,
K,K1087,K1087 - Knowledge of social engineering tools and techniques,Knowledge of social engineering tools and techniques,1,,,,0,null,"OG-WRL-005,PD-WRL-007",4298,,
K,K1088,K1088 - Knowledge of knowledge management tools and techniques,Knowledge of knowledge management tools and techniques,1,,,,0,null,"DD-WRL-004,DD-WRL-008,IO-WRL-003,OG-WRL-004,OG-WRL-005,OG-WRL-012",4299,,
K,K1089,K1089 - Knowledge of protocol analyzer tools and techniques,Knowledge of protocol analyzer tools and techniques,1,,,,0,null,"OG-WRL-005,PD-WRL-001",4300,,
K,K1090,"K1090 - Knowledge of software, hardware, and peripheral equipment repair tools and techniques","Knowledge of software, hardware, and peripheral equipment repair tools and techniques",1,,,,0,null,IO-WRL-007,4301,,
K,K1091,K1091 - Knowledge of media forensics,Knowledge of media forensics,1,,,,0,null,"IN-WRL-002,PD-WRL-002",4302,,
K,K1092,K1092 - Knowledge of digital forensics tools and techniques,Knowledge of digital forensics tools and techniques,1,,,,0,null,"IN-WRL-002,PD-WRL-002",4303,,
K,K1093,K1093 - Knowledge of black-box software testing,Knowledge of black-box software testing,1,,,,0,null,"DD-WRL-005,OG-WRL-014",4304,,
K,K1094,K1094 - Knowledge of hexadecimal data,Knowledge of hexadecimal data,1,,,,0,null,IO-WRL-001,4305,,
K,K1095,K1095 - Knowledge of design methods,Knowledge of design methods,1,,,,0,null,"DD-WRL-001,DD-WRL-002",4306,,
K,K1096,K1096 - Knowledge of data analysis tools and techniques,Knowledge of data analysis tools and techniques,1,,,,0,null,"IO-WRL-001,OG-WRL-012,PD-WRL-005",4307,,
K,K1097,K1097 - Knowledge of data mapping tools and techniques,Knowledge of data mapping tools and techniques,1,,,,0,null,IO-WRL-001,4308,,
K,K1098,K1098 - Knowledge of personnel systems and software,Knowledge of personnel systems and software,1,,,,0,null,"OG-WRL-012,OG-WRL-003",4309,,
K,K1099,K1099 - Knowledge of code analysis tools and techniques,Knowledge of code analysis tools and techniques,1,,,,0,null,"DD-WRL-003,DD-WRL-005,IO-WRL-001,OG-WRL-012",4310,,
K,K1100,K1100 - Knowledge of analytical tools and techniques,Knowledge of analytical tools and techniques,1,,,,0,null,"DD-WRL-004,DD-WRL-007,OG-WRL-012,PD-WRL-006",4311,,
K,K1101,K1101 - Knowledge of analytics,Knowledge of analytics,1,,,,0,null,"IO-WRL-001,OG-WRL-012,PD-WRL-006",4312,,
K,K1102,K1102 - Knowledge of remote command line tools and techniques,Knowledge of remote command line tools and techniques,1,,,,0,null,,4313,,
K,K1103,K1103 - Knowledge of Graphic User Interface (GUI) tools and techniques,Knowledge of Graphic User Interface (GUI) tools and techniques,1,,,,0,null,,4314,,
K,K1104,K1104 - Knowledge of geospatial data analysis tools and techniques,Knowledge of geospatial data analysis tools and techniques,1,,,,0,null,,4315,,
K,K1105,K1105 - Knowledge of non-attributable networks,Knowledge of non-attributable networks,1,,,,0,null,,4316,,
K,K1108,K1108 - Knowledge of traceroute tools and techniques,Knowledge of traceroute tools and techniques,1,,,,0,null,"IO-WRL-004,OG-WRL-012,PD-WRL-001",4317,,
K,K1109,K1109 - Knowledge of virtual collaborative workspace tools and techniques,Knowledge of virtual collaborative workspace tools and techniques,1,,,,0,null,"OG-WRL-012,PD-WRL-006",4318,,
K,K1110,K1110 - Knowledge of acquisition cybersecurity requirements,Knowledge of acquisition cybersecurity requirements,1,,,,0,null,"DD-WRL-001,DD-WRL-002",4319,,
K,K1111,K1111 - Knowledge of application security design principles and practices,Knowledge of application security design principles and practices,1,,,,0,null,"DD-WRL-001,DD-WRL-002,DD-WRL-004,OG-WRL-008",4320,,
K,K1112,K1112 - Knowledge of asset management policies and procedures,Knowledge of asset management policies and procedures,1,,,,0,null,IO-WRL-007,4321,,
K,K1113,K1113 - Knowledge of blue force tracking,Knowledge of blue force tracking,1,,,,0,null,PD-WRL-006,4322,,
K,K1114,K1114 - Knowledge of capacity management,Knowledge of capacity management,1,,,,0,null,IO-WRL-002,4323,,
K,K1143,K1143 - Knowledge of data classification levels,Knowledge of data classification levels,1,,,,0,null,DD-WRL-001,4347,,
K,K1144,K1144 - Knowledge of data correlation tools and techniques,Knowledge of data correlation tools and techniques,1,,,,0,null,PD-WRL-001,4348,,
K,K1158,K1158 - Knowledge of evaluation and validation requirements,Knowledge of evaluation and validation requirements,1,,,,0,null,DD-WRL-004,4362,,
K,K1145,K1145 - Knowledge of data encryption practices and principles,Knowledge of data encryption practices and principles,1,,,,0,null,IN-WRL-002,4349,,
K,K1165,K1165 - Knowledge of independent testing methods,Knowledge of independent testing methods,1,,,,0,null,"DD-WRL-003,DD-WRL-005",4368,,
K,K1146,K1146 - Knowledge of data gathering tools and techniques,Knowledge of data gathering tools and techniques,1,,,,0,null,IO-WRL-001,4350,,
K,K1159,K1159 - Knowledge of fail-over or alternate site requirements,Knowledge of fail-over or alternate site requirements,1,,,,0,null,"DD-WRL-001,DD-WRL-002,NF-COM-007",4363,,
K,K1147,K1147 - Knowledge of data integrity principles and practices,Knowledge of data integrity principles and practices,1,,,,0,null,"IO-WRL-002,IN-WRL-002,PD-WRL-002",4351,,
K,K1169,K1169 - Knowledge of material supportability requirements,Knowledge of material supportability requirements,1,,,,0,null,"DD-WRL-001,DD-WRL-002",4372,,
K,K1148,K1148 - Knowledge of data manipulation principles and practices,Knowledge of data manipulation principles and practices,1,,,,0,null,"DD-WRL-003,DD-WRL-004,DD-WRL-005",4352,,
K,K1160,K1160 - Knowledge of federal and state accreditation standards,Knowledge of federal and state accreditation standards,1,,,,0,null,OG-WRL-008,4364,,
K,K1149,K1149 - Knowledge of data retrieval principles and practices,Knowledge of data retrieval principles and practices,1,,,,0,null,"DD-WRL-003,DD-WRL-004,DD-WRL-005",4353,,
K,K1166,K1166 - Knowledge of information architecture principles and practices,Knowledge of information architecture principles and practices,1,,,,0,null,,4369,,
K,K1150,K1150 - Knowledge of data storage principles and practices,Knowledge of data storage principles and practices,1,,,,0,null,"DD-WRL-003,DD-WRL-004,DD-WRL-005",4354,,
K,K1161,K1161 - Knowledge of financial management,Knowledge of financial management,1,,,,0,null,IO-WRL-002,4365,,
K,K1151,K1151 - Knowledge of digital evidence cataloging tools and techniques,Knowledge of digital evidence cataloging tools and techniques,1,,,,0,null,"IN-WRL-001,IN-WRL-002,PD-WRL-002,PD-WRL-005",4355,,
K,K1170,K1170 - Knowledge of mathematical models,Knowledge of mathematical models,1,,,,0,null,DD-WRL-003,4373,,
K,K1152,K1152 - Knowledge of digital evidence extraction tools and techniques,Knowledge of digital evidence extraction tools and techniques,1,,,,0,null,"IN-WRL-001,IN-WRL-002,PD-WRL-002,PD-WRL-005",4356,,
K,K1163,K1163 - Knowledge of forensic image processing tools and techniques,Knowledge of forensic image processing tools and techniques,1,,,,0,null,"IN-WRL-002,PD-WRL-002",4366,,
K,K1153,K1153 - Knowledge of digital evidence handling principles and practices,Knowledge of digital evidence handling principles and practices,1,,,,0,null,"IN-WRL-001,IN-WRL-002,PD-WRL-002",4357,,
K,K1167,K1167 - Knowledge of data sanitization methods,Knowledge of data sanitization methods,1,,,,0,null,,4370,,
K,K1154,K1154 - Knowledge of digital evidence packaging tools and techniques,Knowledge of digital evidence packaging tools and techniques,1,,,,0,null,"IN-WRL-001,IN-WRL-002,PD-WRL-002,PD-WRL-005",4358,,
K,K1164,K1164 - Knowledge of hardware design principles and practices,Knowledge of hardware design principles and practices,1,,,,0,null,DD-WRL-004,4367,,
K,K1155,K1155 - Knowledge of digital evidence preservation tools and techniques,Knowledge of digital evidence preservation tools and techniques,1,,,,0,null,"IN-WRL-001,IN-WRL-002,PD-WRL-002,PD-WRL-005",4359,,
K,K1168,K1168 - Knowledge of intrusion set tools and techniques,Knowledge of intrusion set tools and techniques,1,,,,0,null,PD-WRL-001,4371,,
K,K1156,K1156 - Knowledge of enterprise cybersecurity architecture,Knowledge of enterprise cybersecurity architecture,1,,,,0,null,,4360,,
K,K1171,K1171 - Knowledge of mission assurance practices and principles,Knowledge of mission assurance practices and principles,1,,,,0,null,"OG-WRL-001,OG-WRL-003,OG-WRL-014",4374,,
K,K1157,K1157 - Knowledge of enterprise-wide version control systems,Knowledge of enterprise-wide version control systems,1,,,,0,null,"DD-WRL-003,DD-WRL-005,IO-WRL-001",4361,,
K,K1187,K1187 - Knowledge of organizational objectives,Knowledge of organizational objectives,1,,,,0,null,,4389,,
K,K1188,K1188 - Knowledge of organizational policies and procedures,Knowledge of organizational policies and procedures,1,,,,0,null,"IO-WRL-005,OG-WRL-007,OG-WRL-014,PD-WRL-005",4390,,
K,K1220,K1220 - Knowledge of steganography practices and principles,Knowledge of steganography practices and principles,1,,,,0,null,IN-WRL-002,4419,,
K,K1189,K1189 - Knowledge of organizational policy and procedures,Knowledge of organizational policy and procedures,1,,,,0,null,OG-WRL-014,4391,,
K,K1209,K1209 - Knowledge of risk mitigation principles and practices,Knowledge of risk mitigation principles and practices,1,,,,0,null,"OG-WRL-003,OG-WRL-007,OG-WRL-014,PD-WRL-005,NF-COM-007",4408,,
K,K1190,K1190 - Knowledge of organizational risk levels,Knowledge of organizational risk levels,1,,,,0,null,,4392,,
K,K1216,K1216 - Knowledge of service-oriented security architecture practices and principles,Knowledge of service-oriented security architecture practices and principles,1,,,,0,null,"DD-WRL-001,DD-WRL-002,IO-WRL-006",4415,,
K,K1191,K1191 - Knowledge of organizational security posture,Knowledge of organizational security posture,1,,,,0,null,"DD-WRL-002,IO-WRL-007",4393,,
K,K1210,K1210 - Knowledge of secure programming tools and techniques,Knowledge of secure programming tools and techniques,1,,,,0,null,DD-WRL-003,4409,,
K,K1192,K1192 - Knowledge of organizational privacy policies and procedures,Knowledge of organizational privacy policies and procedures,1,,,,0,null,OG-WRL-008,4394,,
K,K1219,K1219 - Knowledge of statistical processes,Knowledge of statistical processes,1,,,,0,null,IO-WRL-001,4418,,
K,K1193,K1193 - Knowledge of packet analysis tools and techniques,Knowledge of packet analysis tools and techniques,1,,,,0,null,"PD-WRL-001,PD-WRL-002",4395,,
K,K1211,K1211 - Knowledge of security assessment authorization requirements,Knowledge of security assessment authorization requirements,1,,,,0,null,PD-WRL-004,4410,,
K,K1194,K1194 - Knowledge of Personally Identifiable Information (PII) attributes,Knowledge of Personally Identifiable Information (PII) attributes,1,,,,0,null,"DD-WRL-001,DD-WRL-002,DD-WRL-004,OG-WRL-008",4396,,
K,K1217,K1217 - Knowledge of software and systems engineering life cycle standards,Knowledge of software and systems engineering life cycle standards,1,,,,0,null,DD-WRL-008,4416,,
K,K1195,K1195 - Knowledge of priority information requirements,Knowledge of priority information requirements,1,,,,0,null,,4397,,
K,K1212,K1212 - Knowledge of security controls,Knowledge of security controls,1,,,,0,null,"DD-WRL-001,DD-WRL-002,DD-WRL-004,OG-WRL-008,NF-COM-007",4411,,
K,K1197,K1197 - Knowledge of priority intelligence requirements,Knowledge of priority intelligence requirements,1,,,,0,null,"PD-WRL-005,PD-WRL-006",4398,,
K,K1221,K1221 - Knowledge of supply chain risk management practices,Knowledge of supply chain risk management practices,1,,,,0,null,OG-WRL-014,4420,,
K,K1198,K1198 - Knowledge of privacy and data security regulators,Knowledge of privacy and data security regulators,1,,,,0,null,OG-WRL-008,4399,,
K,K1213,K1213 - Knowledge of security requirements,Knowledge of security requirements,1,,,,0,null,DD-WRL-006,4412,,
K,K1200,K1200 - Knowledge of privacy technologies,Knowledge of privacy technologies,1,,,,0,null,OG-WRL-008,4400,,
K,K1218,"K1218 - Knowledge of software application, system, and network requirements","Knowledge of software application, system, and network requirements",1,,,,0,null,,4417,,
K,K1201,K1201 - Knowledge of programming languages,Knowledge of programming languages,1,,,,0,null,,4401,,
K,K1214,K1214 - Knowledge of security restrictions,Knowledge of security restrictions,1,,,,0,null,"DD-WRL-003,DD-WRL-005",4413,,
K,K1202,K1202 - Knowledge of project plans and schedules,Knowledge of project plans and schedules,1,,,,0,null,,4402,,
K,K1222,K1222 - Knowledge of system availability requirements,Knowledge of system availability requirements,1,,,,0,null,IO-WRL-006,4421,,
K,K1203,K1203 - Knowledge of Public Key Infrastructure (PKI) libraries,Knowledge of Public Key Infrastructure (PKI) libraries,1,,,,0,null,DD-WRL-003,4403,,
K,K1215,K1215 - Knowledge of security testing tools and techniques,Knowledge of security testing tools and techniques,1,,,,0,null,"DD-WRL-003,DD-WRL-005",4414,,
K,K1205,K1205 - Knowledge of required reporting formats,Knowledge of required reporting formats,1,,,,0,null,"DD-WRL-003,DD-WRL-005",4404,,
K,K1223,K1223 - Knowledge of system backup requirements,Knowledge of system backup requirements,1,,,,0,null,"DD-WRL-001,DD-WRL-002",4422,,
K,K1206,K1206 - Knowledge of research and design processes and procedures,Knowledge of research and design processes and procedures,1,,,,0,null,"OG-WRL-010,OG-WRL-011,OG-WRL-015,OG-WRL-002,OG-WRL-003,OG-WRL-009,OG-WRL-016",4405,,
K,K1207,K1207 - Knowledge of reverse engineering tools and techniques,Knowledge of reverse engineering tools and techniques,1,,,,0,null,DD-WRL-008,4406,,
K,K1208,K1208 - Knowledge of risk acceptance and documentation,Knowledge of risk acceptance and documentation,1,,,,0,null,"DD-WRL-003,DD-WRL-005",4407,,
K,K1224,K1224 - Knowledge of system characteristics,Knowledge of system characteristics,1,,,,0,null,,4423,,
K,K1225,K1225 - Knowledge of system life cycles,Knowledge of system life cycles,1,,,,0,null,"OG-WRL-007,OG-WRL-014",4424,,
K,K1258,K1258 - Knowledge of insider threat tactics,Knowledge of insider threat tactics,1,,,,0,null,PD-WRL-005,4453,,
K,K1226,K1226 - Knowledge of systems administration standard operating policies and procedures,Knowledge of systems administration standard operating policies and procedures,1,,,,0,null,IO-WRL-005,4425,,
K,K1247,K1247 - Knowledge of data monitoring tools and techniques,Knowledge of data monitoring tools and techniques,1,,,,0,null,PD-WRL-005,4442,,
K,K1227,K1227 - Knowledge of systems architecture,Knowledge of systems architecture,1,,,,0,null,DD-WRL-006,4426,,
K,K1254,K1254 - Knowledge of insider threat hub policies and procedures,Knowledge of insider threat hub policies and procedures,1,,,,0,null,PD-WRL-005,4449,,
K,K1228,K1228 - Knowledge of systems development,Knowledge of systems development,1,,,,0,null,DD-WRL-006,4427,,
K,K1248,K1248 - Knowledge of digital and physical security vulnerabilities,Knowledge of digital and physical security vulnerabilities,1,,,,0,null,PD-WRL-005,4443,,
K,K1233,K1233 - Knowledge of UNIX scripts,Knowledge of UNIX scripts,1,,,,0,null,IO-WRL-001,4428,,
K,K1257,K1257 - Knowledge of insider threat policies and procedures,Knowledge of insider threat policies and procedures,1,,,,0,null,PD-WRL-005,4452,,
K,K1234,K1234 - Knowledge of user interfaces,Knowledge of user interfaces,1,,,,0,null,,4429,,
K,K1249,K1249 - Knowledge of digital and physical security vulnerability remediation principles and ...,Knowledge of digital and physical security vulnerability remediation principles and practices,1,,,,0,null,PD-WRL-005,4444,,
K,K1235,K1235 - Knowledge of user needs and requirements,Knowledge of user needs and requirements,1,,,,0,null,DD-WRL-004,4430,,
K,K1255,K1255 - Knowledge of insider threat hub operations,Knowledge of insider threat hub operations,1,,,,0,null,PD-WRL-005,4450,,
K,K1236,K1236 - Knowledge of user requirements,Knowledge of user requirements,1,,,,0,null,"DD-WRL-001,DD-WRL-002,DD-WRL-003",4431,,
K,K1250,K1250 - Knowledge of external organization roles and responsibilities,Knowledge of external organization roles and responsibilities,1,,,,0,null,PD-WRL-005,4445,,
K,K1237,K1237 - Knowledge of Virtual Private Network (VPN) devices,Knowledge of Virtual Private Network (VPN) devices,1,,,,0,null,PD-WRL-004,4432,,
K,K1259,K1259 - Knowledge of insider threat targets,Knowledge of insider threat targets,1,,,,0,null,PD-WRL-005,4454,,
K,K1238,K1238 - Knowledge of Windows scripts,Knowledge of Windows scripts,1,,,,0,null,IO-WRL-001,4433,,
K,K1251,K1251 - Knowledge of external referrals policies and procedures,Knowledge of external referrals policies and procedures,1,,,,0,null,PD-WRL-005,4446,,
K,K1239,K1239 - Knowledge of certificate management principles and practices,Knowledge of certificate management principles and practices,1,,,,0,null,DD-WRL-003,4434,,
K,K1256,K1256 - Knowledge of insider threat operational indicators,Knowledge of insider threat operational indicators,1,,,,0,null,PD-WRL-005,4451,,
K,K1240,K1240 - Knowledge of privacy laws and regulations,Knowledge of privacy laws and regulations,1,,,,0,null,OG-WRL-008,4435,,
K,K1252,K1252 - Knowledge of high value asset characteristics,Knowledge of high value asset characteristics,1,,,,0,null,PD-WRL-005,4447,,
K,K1241,"K1241 - Knowledge of cultural, political, and organizational assets","Knowledge of cultural, political, and organizational assets",1,,,,0,null,PD-WRL-005,4436,,
K,K1260,K1260 - Knowledge of intelligence laws and regulations,Knowledge of intelligence laws and regulations,1,,,,0,null,PD-WRL-005,4455,,
K,K1242,K1242 - Knowledge of cybersecurity review processes and procedures,Knowledge of cybersecurity review processes and procedures,1,,,,0,null,PD-WRL-005,4437,,
K,K1253,K1253 - Knowledge of information collection tools and techniques,Knowledge of information collection tools and techniques,1,,,,0,null,,4448,,
K,K1243,K1243 - Knowledge of cybersecurity threat remediation principles and practices,Knowledge of cybersecurity threat remediation principles and practices,1,,,,0,null,PD-WRL-005,4438,,
K,K1261,K1261 - Knowledge of known insider attacks,Knowledge of known insider attacks,1,,,,0,null,PD-WRL-005,4456,,
K,K1244,K1244 - Knowledge of cybersecurity tools and techniques,Knowledge of cybersecurity tools and techniques,1,,,,0,null,PD-WRL-005,4439,,
K,K1245,K1245 - Knowledge of data exfiltration tools and techniques,Knowledge of data exfiltration tools and techniques,1,,,,0,null,PD-WRL-005,4440,,
K,K1246,K1246 - Knowledge of data handling tools and techniques,Knowledge of data handling tools and techniques,1,,,,0,null,PD-WRL-005,4441,,
K,K1263,K1263 - Knowledge of notification policies and procedures,Knowledge of notification policies and procedures,1,,,,0,null,PD-WRL-005,4458,,
K,K1265,"K1265 - Knowledge of organizational objectives, resources, and capabilities","Knowledge of organizational objectives, resources, and capabilities",1,,,,0,null,PD-WRL-005,4459,,
K,K1283,K1283 - Knowledge of court exhibit processes,Knowledge of court exhibit processes,1,,,,0,null,IN-WRL-002,4476,,
K,K1267,K1267 - Knowledge of previously referred potential insider threats,Knowledge of previously referred potential insider threats,1,,,,0,null,PD-WRL-005,4460,,
K,K1290,K1290 - Knowledge of the Active Cyber Defense Cycle (ACDC),Knowledge of the Active Cyber Defense Cycle (ACDC),1,,,,0,null,DD-WRL-009,4483,,
K,K1268,K1268 - Knowledge of risk reduction metrics,Knowledge of risk reduction metrics,1,,,,0,null,PD-WRL-005,4461,,
K,K1284,K1284 - Knowledge of testing and calibration in laboratory environment,Knowledge of testing and calibration in laboratory environment,1,,,,0,null,IN-WRL-002,4477,,
K,K1269,K1269 - Knowledge of security information and event management (SIEM) tools and techniques,Knowledge of security information and event management (SIEM) tools and techniques,1,,,,0,null,PD-WRL-005,4462,,
K,K1293,K1293 - Knowledge of Purdue Model levels,Knowledge of Purdue Model levels,1,,,,0,null,DD-WRL-009,4486,,
K,K1270,K1270 - Knowledge of suspicious activity response processes,Knowledge of suspicious activity response processes,1,,,,0,null,PD-WRL-005,4463,,
K,K1285,K1285 - Knowledge of assessment remediation requirements,Knowledge of assessment remediation requirements,1,,,,0,null,DD-WRL-009,4478,,
K,K1271,K1271 - Knowledge of system alert policies and procedures,Knowledge of system alert policies and procedures,1,,,,0,null,PD-WRL-005,4464,,
K,K1291,K1291 - Knowledge of active defense principles and practices,Knowledge of active defense principles and practices,1,,,,0,null,DD-WRL-009,4484,,
K,K1272,K1272 - Knowledge of system components,Knowledge of system components,1,,,,0,null,PD-WRL-005,4465,,
K,K1286,K1286 - Knowledge of Business Impact Analysis (BIA),Knowledge of Business Impact Analysis (BIA),1,,,,0,null,DD-WRL-009,4479,,
K,K1273,K1273 - Knowledge of threat investigation policies and procedures,Knowledge of threat investigation policies and procedures,1,,,,0,null,PD-WRL-005,4466,,
K,K1295,K1295 - Knowledge of OT cybersecurity inspection and testing policies and procedures,Knowledge of OT cybersecurity inspection and testing policies and procedures,1,,,,0,null,DD-WRL-009,4488,,
K,K1274,K1274 - Knowledge of threat modeling tools and techniques,Knowledge of threat modeling tools and techniques,1,,,,0,null,PD-WRL-005,4467,,
K,K1287,K1287 - Knowledge of change management processes,Knowledge of change management processes,1,,,,0,null,DD-WRL-009,4480,,
K,K1275,K1275 - Knowledge of User Activity Monitoring (UAM) tools and techniques,Knowledge of User Activity Monitoring (UAM) tools and techniques,1,,,,0,null,PD-WRL-005,4468,,
K,K1292,K1292 - Knowledge of OT cybersecurity risk tolerance levels,Knowledge of OT cybersecurity risk tolerance levels,1,,,,0,null,DD-WRL-009,4485,,
K,K1276,K1276 - Knowledge of advanced persistent threats (APTs),Knowledge of advanced persistent threats (APTs),1,,,,0,null,NF-COM-007,4469,,
K,K1288,K1288 - Knowledge of OT cybersecurity compliance requirements and best practices,Knowledge of OT cybersecurity compliance requirements and best practices,1,,,,0,null,DD-WRL-009,4481,,
K,K1277,K1277 - Knowledge of cyber resiliency goals and objectives,Knowledge of cyber resiliency goals and objectives,1,,,,0,null,NF-COM-007,4470,,
K,K1296,K1296 - Knowledge of control system policies and procedures,Knowledge of control system policies and procedures,1,,,,0,null,DD-WRL-009,4489,,
K,K1278,K1278 - Knowledge of data vaulting principles and practices,Knowledge of data vaulting principles and practices,1,,,,0,null,NF-COM-007,4471,,
K,K1289,"K1289 - Knowledge of control system environment risks, threats, and vulnerabilities","Knowledge of control system environment risks, threats, and vulnerabilities",1,,,,0,null,DD-WRL-009,4482,,
K,K1279,K1279 - Knowledge of threat-informed defense,Knowledge of threat-informed defense,1,,,,0,null,NF-COM-007,4472,,
K,K1294,K1294 - Knowledge of change management policies and procedures,Knowledge of change management policies and procedures,1,,,,0,null,DD-WRL-009,4487,,
K,K1280,K1280 - Knowledge of approved data processing tools and techniques,Knowledge of approved data processing tools and techniques,1,,,,0,null,IN-WRL-002,4473,,
K,K1297,K1297 - Knowledge of OT safety systems,Knowledge of OT safety systems,1,,,,0,null,DD-WRL-009,4490,,
K,K1281,K1281 - Knowledge of data types and characteristics,Knowledge of data types and characteristics,1,,,,0,null,IN-WRL-002,4474,,
K,K1282,K1282 - Knowledge of predication requirements,Knowledge of predication requirements,1,,,,0,null,IN-WRL-002,4475,,
K,K1298,K1298 - Knowledge of anomaly detection tools and techniques,Knowledge of anomaly detection tools and techniques,1,,,,0,null,DD-WRL-009,4491,,
K,K1299,K1299 - Knowledge of change management processes,Knowledge of change management processes,1,,,,0,null,DD-WRL-009,4492,,
Competency-Areas,NF-COM-003,Asset Management,"This Competency Area describes a learner’s capabilities to conduct and maintain an accurate inventory of all digital assets, to include identifying, developing, operating, maintaining, upgrading, and disposing of assets.",1,,,,0,null,,4507,,
K,K1300,K1300 - Knowledge of control system network architectures,Knowledge of control system network architectures,1,,,,0,null,DD-WRL-009,4493,,
Competency-Areas,NF-COM-010,Operational Technology (OT) Security,"This Competency Area describes a learner’s capabilities to improve and maintain the security of Operational Technology (OT) systems while addressing their unique performance, reliability, and safety requirements.",1,,,,0,null,,4510,,
K,K1301,K1301 - Knowledge of cyber incidents impacting OT,Knowledge of cyber incidents impacting OT,1,,,,0,null,DD-WRL-009,4494,,
Competency-Areas,NF-COM-002,Artificial Intelligence (AI) Security,"This Competency Area describes a learner’s capabilities to secure Artificial Intelligence (AI) against cyberattacks, to ensure it is adequately contained where it is used, and to mitigate the threat AI presents where it or its users have malicious intent",1,,,,0,null,,4508,,
K,K1302,K1302 - Knowledge of industry hazards,Knowledge of industry hazards,1,,,,0,null,DD-WRL-009,4495,,
Competency-Areas,NF-COM-006,Cryptography,This Competency Area describes a learner’s capabilities to transform data using cryptographic processes to ensure it can only be read by the person who is authorized to access it.,1,,,,0,null,,4512,,
K,K1303,K1303 - Knowledge of life cycle management principles and practices,Knowledge of life cycle management principles and practices,1,,,,0,null,DD-WRL-009,4496,,
Competency-Areas,NF-COM-004,Cloud Security,"This Competency Area describes a learner’s capabilities to protect cloud data, applications, and infrastructure from internal and external threats.",1,,,,0,null,,4509,,
K,K1304,K1304 - Knowledge of operational priorities,Knowledge of operational priorities,1,,,,0,null,DD-WRL-009,4497,,
Competency-Areas,NF-COM-007,Cyber Resiliency,"This Competency Area describes a learner’s capability related to architecting, designing, developing, implementing, and maintaining the trustworthiness of systems that use or are enabled by cyber resources in order to anticipate, withstand, recover from, and adapt to adverse conditions, stresses, attacks, or compromises.",1,,,,0,null,"S0136,S0141,S0383,S0384,S0391,S0396,S0418,S0419,S0428,S0432,S0438,S0449,S0451,S0453,S0458,S0459,S0464,S0495,S0508,S0545,S0551,S0564,S0574,S0575,S0576,S0578,S0580,S0583,S0619,S0620,S0637,S0654,S0664,S0666,S0671,S0673,S0681,S0723,S0744,S0771,S0772,S0804,S0808,S0818,S0821,S0834,S0839,S0853,S0880,S0917,S0918,S0919,S0920,S0921,S0922,S0923,S0924,S0925,S0926,S0927,S0928,S0929,S0930,S0931,S0932,S0933,S0934,K0653,K0092,K0644,K0651,K0677,K0680,K0689,K0701,K0702,K0709,K0710,K0715,K0721,K0724,K0731,K0733,K0745,K0749,K0751,K0756,K0771,K0778,K0780,K0789,K0791,K0798,K0806,K0820,K0822,K0834,K0835,K0836,K0848,K0870,K0871,K0898,K0912,K0920,K0928,K0958,K0994,K1014,K1017,K1021,K1054,K1065,K1072,K1077,K1159,K1179,K1209,K1212,K1276,K1277,K1278,K1279",4514,,
K,K1305,K1305 - Knowledge of OT asset management tools and techniques,Knowledge of OT asset management tools and techniques,1,,,,0,null,DD-WRL-009,4498,,
Competency-Areas,NF-COM-005,Communications Security,"This Competency Area describes a learner’s capabilities to secure the transmissions, broadcasting, switching, control, and operation of communications and related network infrastructures.",1,,,,0,null,,4511,,
K,K1306,K1306 - Knowledge of OT assets,Knowledge of OT assets,1,,,,0,null,DD-WRL-009,4499,,
Competency-Areas,NF-COM-011,Supply Chain Security,This Competency Area describes a learner’s capabilities to analyze and control digital and physical risks presented by technology products or services purchased from parties outside your organization.,1,,,,0,null,,4513,,
K,K1307,K1307 - Knowledge of OT inventory principles and practices,Knowledge of OT inventory principles and practices,1,,,,0,null,DD-WRL-009,4500,,
K,K1308,K1308 - Knowledge of OT network detection tools and techniques,Knowledge of OT network detection tools and techniques,1,,,,0,null,DD-WRL-009,4501,,
K,K1309,K1309 - Knowledge of OT protocols,Knowledge of OT protocols,1,,,,0,null,DD-WRL-009,4502,,
K,K1310,K1310 - Knowledge of process hazard analysis (PHA) assessments,Knowledge of process hazard analysis (PHA) assessments,1,,,,0,null,DD-WRL-009,4503,,
K,K1311,K1311 - Knowledge of system assets and boundaries,Knowledge of system assets and boundaries,1,,,,0,null,DD-WRL-009,4504,,
,K,Knowledges,A retrievable set of concepts within memory.,1,,,,0,null,,3873,,
Competency-Areas,NF-COM-001,Access Controls,"This Competency Area describes a learner’s capabilities to define, manage, and monitor the roles and secure access privileges of who is authorized to access protected data and resources and understand the impact of different types of access controls.",1,,,,0,null,,4506,,
Competency-Areas,NF-COM-008,DevSecOps,"This Competency Area describes a learner’s capabilities to integrate security as a shared responsibility throughout the development, security, and operations (DevSecOps) life cycle of technologies.",1,,,,0,null,,4515,,
Competency-Areas,NF-COM-009,Operating Systems (OS) Security,"This Competency Area describes a learner’s capabilities to install, administer, troubleshoot, backup, and conduct recovery of Operating Systems (OS), including in simulated environments.",1,,,,0,null,,4516,,
,Competency-Areas,Competency Areas,"A cluster of related Knowledge and Skill statements that correlates with one’s capability to perform Tasks in a particular domain. Competency Areas can help learners discover areas of interest, inform career planning and development, identify gaps for knowledge and skills development, and provide a means of assessing or demonstrating a learner’s capabilities in the domain.  Competency Areas consist of a name, description of the area, and group of associated TKS statements. – Definition from NICE Framework Competency Areas: Preparing a Job-Ready Cybersecurity Workforce (NISTIR 8355)",1,,,,0,null,,4505,,
